timestamp,request_time,departure,arrival_s
2026-05-04 09:00:00.049606,0.023367895453040397,0.07297356665538716,0.04960567120234677
2026-05-04 09:00:00.471516,0.28692537466548707,0.7584413034570936,0.4715159287916065
2026-05-04 09:00:00.614471,0.25508186909686476,1.0135231725539584,0.614471273015302
2026-05-04 09:00:00.843247,0.17897548198546723,1.1924986545394256,0.8432471377078703
2026-05-04 09:00:01.169168,0.03800646294006992,1.2305051174794954,1.169167630753106
2026-05-04 09:00:01.525264,0.11707221161726955,1.642335883292357,1.5252636716750874
2026-05-04 09:00:01.953537,0.35451541534331044,2.3080522931769933,1.9535368778336828
2026-05-04 09:00:01.959735,0.3874310531507642,2.6954833463277574,1.9597346924812704
2026-05-04 09:00:02.263633,0.008409772679418639,2.703893119007176,2.2636328297257537
2026-05-04 09:00:02.475158,0.05839320672206564,2.762286325729242,2.4751580961642055
2026-05-04 09:00:03.038138,0.028688164705893433,3.0668257237319154,3.038137559026022
2026-05-04 09:00:03.965315,0.16734232935947835,4.132657423359443,3.9653150939999646
2026-05-04 09:00:04.422844,0.30131429753197414,4.724158760309658,4.422844462777684
2026-05-04 09:00:04.572209,0.14963769974739113,4.873796460057049,4.5722087375846785
2026-05-04 09:00:04.627936,0.18191246987007695,5.055708929927126,4.627936195649842
2026-05-04 09:00:04.811088,0.10020134414618016,5.155910274073306,4.811088418862906
2026-05-04 09:00:04.903595,0.03385487092957704,5.189765145002883,4.9035947734110525
2026-05-04 09:00:05.214726,0.6757883321581738,5.890514490709026,5.214726158550852
2026-05-04 09:00:05.335766,0.12682416691875664,6.017338657627782,5.335766144737297
2026-05-04 09:00:05.686167,0.022823376713567354,6.04016203434135,5.686166826707801
2026-05-04 09:00:06.717144,0.0036711296302315076,6.72081480841561,6.717143678785378
2026-05-04 09:00:06.875090,0.3303435941646861,7.205433576933894,6.875089982769207
2026-05-04 09:00:07.168869,0.07755931231894632,7.28299288925284,7.168869355243716
2026-05-04 09:00:07.187421,0.4628216469296928,7.745814536182533,7.18742147112606
2026-05-04 09:00:07.615927,0.0021198253726343714,7.747934361555168,7.615926513855795
2026-05-04 09:00:08.016005,0.5042983061147099,8.520303780070542,8.01600547395583
2026-05-04 09:00:08.285807,0.1187570798657284,8.63906085993627,8.285806628289368
2026-05-04 09:00:08.919092,0.2793799853123196,9.198472472560626,8.919092487248307
2026-05-04 09:00:09.052271,0.45512936268086535,9.653601835241492,9.052271495077083
2026-05-04 09:00:09.921959,0.22488379139145712,10.146842402506149,9.921958611114691
2026-05-04 09:00:10.252504,0.08175655485340891,10.334260573121202,10.252504018267794
2026-05-04 09:00:10.563713,0.048041151710812746,10.611754259578356,10.563713107867544
2026-05-04 09:00:10.758550,0.29730758052595047,11.055857392015952,10.758549811490001
2026-05-04 09:00:11.138692,0.01572215934676714,11.154414371255324,11.138692211908557
2026-05-04 09:00:11.257795,0.2664829502146576,11.524277818939098,11.25779486872444
2026-05-04 09:00:11.882056,0.18200752647618035,12.064063628295253,11.882056101819073
2026-05-04 09:00:12.771299,0.15526036363486012,12.926559387806284,12.771299024171425
2026-05-04 09:00:12.824917,0.40696277487018784,13.333522162676472,12.824917194540822
2026-05-04 09:00:13.613002,0.36207234818451167,13.975074745661969,13.613002397477457
2026-05-04 09:00:13.681369,0.3527396016677335,14.327814347329703,13.681368789800356
2026-05-04 09:00:13.719678,0.06209372064449819,14.3899080679742,13.719678115874377
2026-05-04 09:00:13.764611,0.0431031571232964,14.433011225097497,13.764611322506079
2026-05-04 09:00:13.871804,0.11236526196450075,14.545376487061997,13.871804322012276
2026-05-04 09:00:14.788285,0.10038703407534542,14.888672226808422,14.788285192733078
2026-05-04 09:00:15.082525,0.18461900048544072,15.267144465899209,15.082525465413768
2026-05-04 09:00:15.584001,1.9830863819756155,17.567086967884247,15.584000585908633
2026-05-04 09:00:16.125446,0.0031404810892015135,17.570227448973448,16.125446391190852
2026-05-04 09:00:16.314188,0.19236632666637163,17.762593775639818,16.314187963447548
2026-05-04 09:00:16.450467,0.382145122358196,18.144738897998014,16.450466990193565
2026-05-04 09:00:16.915743,0.013402635789408491,18.158141533787422,16.91574272898042
2026-05-04 09:00:17.177274,0.0431281103057082,18.20126964409313,17.177273979117317
2026-05-04 09:00:17.619980,0.31621657870519304,18.517486222798325,17.61997999253464
2026-05-04 09:00:18.387938,0.3178561229244906,18.835342345722815,18.38793788805746
2026-05-04 09:00:18.905025,0.37706968451031564,19.28209450104631,18.90502481653599
2026-05-04 09:00:19.065549,0.08597766375851329,19.368072164804822,19.065549314738185
2026-05-04 09:00:20.092462,0.09253711321944627,20.184998829547823,20.092461716328376
2026-05-04 09:00:20.169652,0.020007529589082914,20.205006359136906,20.16965241203924
2026-05-04 09:00:20.271356,0.1392210205482412,20.41057704706163,20.271356026513388
2026-05-04 09:00:20.272773,0.015432901401767687,20.426009948463395,20.27277305798102
2026-05-04 09:00:21.273059,0.040696483431645114,21.313755726433577,21.27305924300193
2026-05-04 09:00:21.476499,0.3549851087052627,21.831483805310107,21.476498696604843
2026-05-04 09:00:21.609138,0.08591021122786587,21.917394016537973,21.60913822106459
2026-05-04 09:00:21.799563,0.05507781498372875,21.972471831521702,21.799563127747522
2026-05-04 09:00:21.901939,0.026541756089460324,21.999013587611163,21.9019391337757
2026-05-04 09:00:22.681421,0.1101682260576281,22.79158947807876,22.68142125202113
2026-05-04 09:00:23.975687,0.15025739918888334,24.125944265902877,23.975686866713993
2026-05-04 09:00:24.141101,0.13542820906304298,24.276529364101386,24.141101155038342
2026-05-04 09:00:25.293446,0.05521244212205707,25.348657990222005,25.29344554809995
2026-05-04 09:00:25.799677,0.13900635665122085,25.93868322225396,25.799676865602738
2026-05-04 09:00:26.036215,0.13713888125360255,26.17335433802754,26.036215456773938
2026-05-04 09:00:26.707303,0.4312368954059383,27.13853980508967,26.707302909683733
2026-05-04 09:00:26.985547,0.31794836846865326,27.456488173558323,26.98554732450889
2026-05-04 09:00:27.251260,0.08896067317655663,27.54544884673488,27.25126012212924
2026-05-04 09:00:28.162866,0.047511077228439225,28.210377500589505,28.162866423361066
2026-05-04 09:00:28.669798,0.0688311524957149,28.738629068795554,28.66979791629984
2026-05-04 09:00:28.718259,0.07300587316595299,28.811634941961508,28.7182594235431
2026-05-04 09:00:29.018136,0.35006526635781754,29.368200905641785,29.01813563928397
2026-05-04 09:00:29.078769,0.05971516010130225,29.427916065743087,29.078769499147686
2026-05-04 09:00:29.429106,0.05299232476505801,29.482097965361618,29.42910564059656
2026-05-04 09:00:29.610773,0.11326526841154644,29.724037969794633,29.610772701383087
2026-05-04 09:00:29.744083,0.005418668118976485,29.74950148201872,29.74408281389974
2026-05-04 09:00:29.958164,0.15620642381808736,30.11437051113894,29.958164087320853
2026-05-04 09:00:30.056132,0.08088219595340851,30.195252707092347,30.056132195526907
2026-05-04 09:00:30.076427,0.09616270326932405,30.291415410361672,30.07642726982533
2026-05-04 09:00:30.313134,0.245250526720735,30.558384381617888,30.313133854897153
2026-05-04 09:00:30.416449,0.06701281428477546,30.625397195902664,30.41644933371078
2026-05-04 09:00:30.751289,0.3770661533574585,31.128355019917183,30.751288866559726
2026-05-04 09:00:31.178548,0.12055241523532914,31.299100418345127,31.178548003109796
2026-05-04 09:00:34.579550,0.25610879703648887,34.83565846061185,34.579549663575364
2026-05-04 09:00:34.752426,0.004908876066990503,34.840567336678845,34.752426164198035
2026-05-04 09:00:36.599656,0.09261324307716605,36.69226971299131,36.599656469914144
2026-05-04 09:00:36.832201,0.7244247621939097,37.556625868924336,36.83220110673042
2026-05-04 09:00:37.840849,0.0518494330448217,37.892698734936396,37.84084930189157
2026-05-04 09:00:38.047355,0.00620780463847457,38.05356306254078,38.04735525790231
2026-05-04 09:00:38.634202,0.10662128030257208,38.74082374775094,38.63420246744837
2026-05-04 09:00:38.765537,0.0706568488496415,38.836194280282264,38.76553743143262
2026-05-04 09:00:38.964954,0.4840930856011194,39.449047552853536,38.96495446725242
2026-05-04 09:00:39.283856,0.044667470356276724,39.49371502320981,39.28385590883087
2026-05-04 09:00:40.951470,0.07924206162628841,41.030712453824556,40.95147039219827
2026-05-04 09:00:41.035293,0.09424347260195387,41.12953636490197,41.03529289230002
2026-05-04 09:00:41.287548,0.49070415509764953,41.77825248498396,41.287548329886306
2026-05-04 09:00:41.613937,0.5740431439509728,42.35229562893493,41.61393721654292
2026-05-04 09:00:41.919531,0.22738778675070612,42.579683415685636,41.91953141657982
2026-05-04 09:00:42.036485,0.10340749505593852,42.683090910741576,42.03648511601875
2026-05-04 09:00:42.321288,0.8049484115250936,43.48803932226667,42.32128836703826
2026-05-04 09:00:44.001775,0.13229232963727192,44.134067544840306,44.00177521520303
2026-05-04 09:00:44.823458,0.14908143232206075,44.97253929281741,44.823457860495346
2026-05-04 09:00:44.867965,0.2572250774064502,45.22976437022386,44.867964649057896
2026-05-04 09:00:45.815468,0.24078648676872302,46.05625482588249,45.81546833911377
2026-05-04 09:00:46.185936,0.05065134409021576,46.23658778354545,46.18593643945524
2026-05-04 09:00:46.790040,0.015539051194829446,46.80557940588386,46.79004035468903
2026-05-04 09:00:46.851258,0.08443910704301859,46.935697315208635,46.85125820816562
2026-05-04 09:00:47.038567,0.05692309923925988,47.095490348502366,47.0385672492631
2026-05-04 09:00:47.073729,0.001196162626607918,47.09668651112897,47.07372946744776
2026-05-04 09:00:47.127466,0.09420726688573704,47.22167355729165,47.12746629040591
2026-05-04 09:00:47.281264,0.4247449765281499,47.70600872416665,47.2812637476385
2026-05-04 09:00:47.352149,0.004716181089739145,47.71072490525639,47.352149129389325
2026-05-04 09:00:47.380556,0.01616214654115662,47.72688705179755,47.38055562630379
2026-05-04 09:00:47.575267,0.050252915626647646,47.7771399674242,47.57526703048661
2026-05-04 09:00:47.753606,0.04723862172524671,47.82437858914945,47.753606254219235
2026-05-04 09:00:47.810819,0.44266853234296244,48.26704712149241,47.81081859557926
2026-05-04 09:00:48.361229,0.08051922231834326,48.44174815503783,48.361228932719484
2026-05-04 09:00:48.680217,0.17290007170060198,48.85311658121386,48.68021650951326
2026-05-04 09:00:48.791142,0.12197498973819024,48.97509157095205,48.791141517222684
2026-05-04 09:00:49.203646,0.29507006489781934,49.498715951751,49.20364588685318
2026-05-04 09:00:50.101630,0.1572313543558553,50.258861339950705,50.10162998559485
2026-05-04 09:00:50.437036,0.002062361640043648,50.43909815023056,50.43703578859052
2026-05-04 09:00:50.707628,0.21200278982050402,50.91963077726758,50.707627987447076
2026-05-04 09:00:51.691150,0.14990803353839519,51.841058093890496,51.6911500603521
2026-05-04 09:00:52.110247,0.09076309823096569,52.20100989972133,52.11024680149036
2026-05-04 09:00:52.198757,0.399321326203543,52.60033122592487,52.198756886485484
2026-05-04 09:00:52.334224,0.3148885842230953,52.91521981014797,52.33422358464634
2026-05-04 09:00:52.577782,0.442465027132943,53.35768483728091,52.577781764236256
2026-05-04 09:00:53.081378,0.22399199438837789,53.581676831669284,53.08137826014307
2026-05-04 09:00:53.261956,0.022569331091886746,53.60424616276117,53.26195601861121
2026-05-04 09:00:55.210600,0.06966812057087583,55.28026826711933,55.21060014654846
2026-05-04 09:00:55.478877,0.07632853314098204,55.55520507069835,55.47887653755737
2026-05-04 09:00:56.192098,0.08738436196047689,56.27948234619271,56.192097984232234
2026-05-04 09:00:56.681803,0.15360545640545756,56.83540862356263,56.68180316715717
2026-05-04 09:00:57.315561,0.29277151012064223,57.608332677209994,57.31556116708935
2026-05-04 09:00:57.358351,0.007081067465802048,57.6154137446758,57.358350971903604
2026-05-04 09:00:57.477682,0.025325202335257282,57.64073894701106,57.477682004365384
2026-05-04 09:00:57.657244,0.039238809504729404,57.69648244280531,57.65724363330058
2026-05-04 09:00:57.960616,0.03771276108598251,57.998328462278245,57.96061570119226
2026-05-04 09:00:57.995788,0.012122399035156477,58.0104508613134,57.995787523278786
2026-05-04 09:00:58.044960,0.2495138417454364,58.2944741591351,58.04496031738966
2026-05-04 09:00:58.095871,0.36896785447391056,58.66344201360901,58.095870552828956
2026-05-04 09:00:58.246884,0.011890826175741772,58.67533283978475,58.24688377607989
2026-05-04 09:00:58.348806,0.3816708160827507,59.057003655867504,58.348806102588746
2026-05-04 09:00:58.382990,0.00800840870778252,59.065012064575285,58.38298989369484
2026-05-04 09:00:59.074658,0.35659686190893847,59.431255265941815,59.074658404032874
2026-05-04 09:00:59.136038,0.1921285003317268,59.62338376627354,59.13603823481464
2026-05-04 09:00:59.579095,0.39366376952841775,60.01704753580196,59.57909498841705
2026-05-04 09:01:00.557656,0.1720177159216446,60.729673611062594,60.55765589514095
2026-05-04 09:01:00.594826,0.07302625906968499,60.80269987013228,60.5948260773702
2026-05-04 09:01:01.747299,0.43697126593614954,62.18427022547666,61.74729895954051
2026-05-04 09:01:02.704635,0.021647578280901282,62.72628251322711,62.70463493494621
2026-05-04 09:01:02.983193,0.09725905914886607,63.08045234903239,62.98319328988352
2026-05-04 09:01:03.342545,0.3498974300912927,63.692442592993046,63.34254516290176
2026-05-04 09:01:03.739557,0.3257464017723277,64.06530381155683,63.7395574097845
2026-05-04 09:01:04.487681,0.013766415585720906,64.50144767148092,64.4876812558952
2026-05-04 09:01:04.514289,0.011336999460136025,64.52562580187377,64.51428880241363
2026-05-04 09:01:04.840585,0.043616980090916996,64.88420240544383,64.84058542535291
2026-05-04 09:01:04.861567,0.0356626365338496,64.91986504197767,64.86156735942528
2026-05-04 09:01:05.004878,0.06270859749654216,65.06758698623963,65.0048783887431
2026-05-04 09:01:05.052676,0.12204321078226454,65.1896301970219,65.0526758713234
2026-05-04 09:01:05.213673,0.09580975129581484,65.30948298458995,65.21367323329413
2026-05-04 09:01:06.185243,0.322319480363898,66.50756231040572,66.18524283004182
2026-05-04 09:01:06.338477,0.05575945288085336,66.56332176328657,66.3384774472453
2026-05-04 09:01:06.908628,0.24694331375885736,67.15557169255852,66.90862837879966
2026-05-04 09:01:07.024635,0.06792353308845647,67.22349522564699,67.02463501191068
2026-05-04 09:01:07.043507,0.1272413500399459,67.35073657568694,67.04350730795869
2026-05-04 09:01:07.935203,0.24334641332971554,68.17854910100294,67.93520268767323
2026-05-04 09:01:07.992525,0.22643681611180339,68.40498591711474,67.99252497574555
2026-05-04 09:01:08.775760,0.24076277970283066,69.0165227320884,68.77575995238557
2026-05-04 09:01:09.019545,0.028043289767842833,69.04758874189405,69.01954545212621
2026-05-04 09:01:09.479257,0.09244426018382422,69.57170153058746,69.47925727040364
2026-05-04 09:01:10.431564,0.38650057077138494,70.81806445230379,70.4315638815324
2026-05-04 09:01:10.884150,0.21413779871535726,71.09828767223087,70.88414987351551
2026-05-04 09:01:11.024414,0.17235339190528398,71.27064106413616,71.02441398920296
2026-05-04 09:01:11.261469,0.11640458816295476,71.38704565229911,71.2614693084426
2026-05-04 09:01:12.087507,0.2711143164273427,72.35862107809565,72.08750676166831
2026-05-04 09:01:12.118410,0.27902461251104266,72.63764569060669,72.11840970312677
2026-05-04 09:01:12.385289,0.13549432168158623,72.77314001228828,72.38528918583656
2026-05-04 09:01:12.434255,0.045942703269242914,72.81908271555753,72.43425458853643
2026-05-04 09:01:12.574467,0.051935819359092895,72.87101853491662,72.57446746636325
2026-05-04 09:01:12.660595,0.07854660300162634,72.94956513791824,72.66059516870807
2026-05-04 09:01:12.952113,0.09483693636819618,73.04695026884089,72.95211333247269
2026-05-04 09:01:13.513906,0.25573474389529205,73.76964035022658,73.51390560633129
2026-05-04 09:01:14.456516,0.02481913114145327,74.48133529121546,74.456516160074
2026-05-04 09:01:15.902177,0.11460871660094618,76.01678543195641,75.90217671535547
2026-05-04 09:01:16.031777,0.08032959438296021,76.11210697686217,76.0317773824792
2026-05-04 09:01:16.088746,0.2611498397152902,76.37325681657745,76.08874566961879
2026-05-04 09:01:16.223190,0.10855599486684508,76.4818128114443,76.22319004366783
2026-05-04 09:01:16.351213,0.3683359036714599,76.85014871511576,76.35121268077225
2026-05-04 09:01:16.888447,0.08473120165654917,76.97317808774667,76.88844688609012
2026-05-04 09:01:17.477647,0.04532909564069443,77.52297621293894,77.47764711729825
2026-05-04 09:01:17.519424,0.19045971429938402,77.71343592723832,77.51942405545947
2026-05-04 09:01:17.553496,0.3346261363542166,78.04806206359254,77.55349591532578
2026-05-04 09:01:17.652926,0.03914074614065785,78.0872028097332,77.65292594515985
2026-05-04 09:01:17.727518,0.029690190768389288,78.11689300050159,77.72751817123563
2026-05-04 09:01:17.750935,0.11276204855057613,78.22965504905217,77.7509352119046
2026-05-04 09:01:17.862104,0.04977465292901907,78.27942970198119,77.86210385053944
2026-05-04 09:01:18.465470,0.3968682288969121,78.86233782710354,78.46546959820664
2026-05-04 09:01:19.053793,0.14807330338935362,79.20186587632523,79.05379257293588
2026-05-04 09:01:19.649756,0.14123083690443017,79.79098659376207,79.64975575685764
2026-05-04 09:01:20.422291,0.15731900343964092,80.57960971563529,80.42229071219565
2026-05-04 09:01:20.457422,0.17313597969073924,80.75274569532603,80.45742150525882
2026-05-04 09:01:20.604059,0.3147393036604327,81.06748499898646,80.60405906511969
2026-05-04 09:01:20.610691,0.054341289410481664,81.12182628839695,80.61069100690828
2026-05-04 09:01:20.773526,0.05315509440148847,81.17498138279844,80.77352567958486
2026-05-04 09:01:20.790665,0.34595953731655654,81.520940920115,80.79066507603302
2026-05-04 09:01:21.088245,0.13986424180279364,81.66080516191779,81.08824467587654
2026-05-04 09:01:21.446027,0.30841835673018914,81.96922351864798,81.44602712583236
2026-05-04 09:01:21.488076,0.194050781919571,82.16327430056755,81.4880755198161
2026-05-04 09:01:21.655550,0.09283726591909187,82.25611156648664,81.65554979680307
2026-05-04 09:01:21.934143,0.19600507508454473,82.45211664157118,81.93414327095239
2026-05-04 09:01:22.539075,0.07046480404068728,82.60953951479695,82.53907471075627
2026-05-04 09:01:22.977085,0.14098776547528377,83.11807254463585,82.97708477916056
2026-05-04 09:01:23.373341,0.1882260485054763,83.56156674762443,83.37334069911896
2026-05-04 09:01:23.704207,0.07903112960159997,83.7832377079274,83.7042065783258
2026-05-04 09:01:23.996364,0.14860973479408923,84.14497373761733,83.99636400282324
2026-05-04 09:01:24.189998,0.21004721360664436,84.40004510240468,84.18999788879803
2026-05-04 09:01:24.464456,0.2492107258336713,84.713666700289,84.46445597445532
2026-05-04 09:01:24.495454,0.20955609625266836,84.92322279654167,84.4954536510069
2026-05-04 09:01:24.588468,0.05523399646038495,84.97845679300205,84.58846751960391
2026-05-04 09:01:24.968329,0.05871010379855118,85.0371668968006,84.96832935796434
2026-05-04 09:01:26.285906,0.42209468744852874,86.70800088843272,86.28590620098419
2026-05-04 09:01:26.949644,0.6018078814045473,87.55145148570799,86.94964360430343
2026-05-04 09:01:27.132688,0.28592277541266364,87.83737426112064,87.13268827908347
2026-05-04 09:01:27.281549,0.36839925334327694,88.20577351446391,87.28154873706622
2026-05-04 09:01:28.218864,0.13250034764894156,88.35136388707988,88.21886353943094
2026-05-04 09:01:28.478205,0.0832187814506759,88.56142354578293,88.47820476433225
2026-05-04 09:01:28.620667,0.39579144465940463,89.01645825666913,88.62066681200972
2026-05-04 09:01:29.183739,0.26079632033725075,89.4445354625323,89.18373914219505
2026-05-04 09:01:30.490210,0.34278228396688476,90.83299222398473,90.49020994001785
2026-05-04 09:01:30.930385,0.08835065937161689,91.01873613805813,90.93038547868652
2026-05-04 09:01:31.001136,0.11388084065002267,91.13261697870816,91.00113620777856
2026-05-04 09:01:31.012551,0.38020472860923915,91.5128217073174,91.0125506357803
2026-05-04 09:01:31.200957,0.1682875103236594,91.68110921764107,91.20095749794503
2026-05-04 09:01:31.214875,0.08613630638373602,91.7672455240248,91.21487497994531
2026-05-04 09:01:31.335664,0.4891881541523626,92.25643367817716,91.33566351877673
2026-05-04 09:01:31.432765,0.0985583846984513,92.35499206287561,91.43276523963969
2026-05-04 09:01:31.902132,0.031155239431510086,92.38614730230712,91.9021315959331
2026-05-04 09:01:31.908194,0.08875630767004367,92.47490360997716,91.90819354759243
2026-05-04 09:01:32.831413,0.1762738501823788,93.00768726974565,92.83141341956326
2026-05-04 09:01:33.247566,0.09373326809537412,93.34129926747227,93.24756599937689
2026-05-04 09:01:33.388460,0.3627808640634378,93.7512405596845,93.38845969562107
2026-05-04 09:01:33.512151,0.2629167769441529,94.01415733662866,93.51215092804951
2026-05-04 09:01:34.445169,0.39085739672555087,94.83602620482442,94.44516880809887
2026-05-04 09:01:34.687265,0.2493130339574149,95.08533923878184,94.68726509951595
2026-05-04 09:01:34.856123,0.1666746811393876,95.25201391992123,94.8561231316374
2026-05-04 09:01:35.418028,0.15309437312008203,95.57112261672822,95.41802824360813
2026-05-04 09:01:35.821701,0.09594723370901155,95.91764811256907,95.82170087886006
2026-05-04 09:01:36.771302,0.12475357001437962,96.8960557816453,96.77130221163092
2026-05-04 09:01:37.110494,0.4455284864256841,97.55602223874345,97.11049375231777
2026-05-04 09:01:37.225260,0.037467269299410404,97.59348950804286,97.2252595771296
2026-05-04 09:01:37.350905,0.13868157919480878,97.73217108723767,97.3509046658364
2026-05-04 09:01:37.463128,0.17684974551249288,97.90902083275017,97.46312795567079
2026-05-04 09:01:37.492333,0.17614245776229606,98.08516329051247,97.4923330198449
2026-05-04 09:01:38.337563,0.1288956562536764,98.46645869650419,98.33756304025052
2026-05-04 09:01:38.349108,0.04725482430888308,98.51371352081307,98.34910848811258
2026-05-04 09:01:38.706286,0.32717649063963,99.03346242069325,98.70628593005362
2026-05-04 09:01:38.873676,0.11853680211039473,99.15199922280365,98.87367603837974
2026-05-04 09:01:39.181230,0.025368722415158508,99.20659865395642,99.18122993154127
2026-05-04 09:01:39.191106,0.04479852418728519,99.2513971781437,99.1911062674875
2026-05-04 09:01:39.247938,0.07348981889501642,99.32488699703872,99.24793766172532
2026-05-04 09:01:39.350385,0.05058399590420825,99.40096849765612,99.35038450175192
2026-05-04 09:01:39.518936,0.1433534912126988,99.662289363112,99.5189358718993
2026-05-04 09:01:39.804149,0.36689673799798106,100.17104553248198,99.80414879448401
2026-05-04 09:01:39.891573,0.3510799080014168,100.5221254404834,99.89157253905036
2026-05-04 09:01:40.110872,0.1346948062441346,100.65682024672755,100.11087155808484
2026-05-04 09:01:40.316770,0.026282507369878513,100.68310275409743,100.31676976140042
2026-05-04 09:01:40.648630,0.21171908887914304,100.89482184297658,100.64863019086137
2026-05-04 09:01:41.153249,0.018665179146344156,101.17191414424836,101.15324896510202
2026-05-04 09:01:41.834550,0.515697502693089,102.35024791650778,101.8345504138147
2026-05-04 09:01:42.464442,0.00023798409336731115,102.464679552229,102.46444156813563
2026-05-04 09:01:42.733859,0.04069559619888691,102.77455472156254,102.73385912536365
2026-05-04 09:01:42.875024,0.2896481272428886,103.16467228973104,102.87502416248816
2026-05-04 09:01:43.168693,0.04607003114065467,103.21476298707579,103.16869295593513
2026-05-04 09:01:43.240187,0.008152001998640582,103.24833874865575,103.24018674665712
2026-05-04 09:01:43.647066,0.34142083741205687,103.98848716926095,103.64706633184889
2026-05-04 09:01:44.128331,0.27656574059691436,104.40489676084748,104.12833102025057
2026-05-04 09:01:45.104482,0.20350289264065902,105.30798475706791,105.10448186442726
2026-05-04 09:01:45.277788,0.09575201667218247,105.40373677374009,105.27778759280655
2026-05-04 09:01:45.320528,0.6714947098923131,106.07523148363241,105.32052770868992
2026-05-04 09:01:45.406649,0.09676012764692365,106.17199161127932,105.40664857166117
2026-05-04 09:01:45.625063,0.3163500818672095,106.48834169314654,105.62506299665101
2026-05-04 09:01:46.225383,0.39671096466252365,106.88505265780906,106.22538300287411
2026-05-04 09:01:46.733045,0.36111073332345267,107.24616339113251,106.73304480419962
2026-05-04 09:01:46.940330,0.06877737075537373,107.31494076188788,106.94033031382479
2026-05-04 09:01:46.944139,0.20767436352892588,107.5226151254168,106.9441387546673
2026-05-04 09:01:47.241103,0.011390939888033101,107.53400606530484,107.24110271528491
2026-05-04 09:01:47.342743,0.0850237557278622,107.6190298210327,107.34274338400961
2026-05-04 09:01:47.525019,0.5021568561011736,108.12118667713388,107.52501912859604
2026-05-04 09:01:48.296155,0.1887823220554451,108.4849372309799,108.29615490892445
2026-05-04 09:01:48.733982,0.032518314993027125,108.76650073005293,108.7339824150599
2026-05-04 09:01:49.386873,0.26278403157412666,109.64965687367308,109.38687284209895
2026-05-04 09:01:49.404647,0.05494954081386438,109.70460641448695,109.40464715815078
2026-05-04 09:01:49.669070,0.06408521288872718,109.76869162737567,109.66907049422399
2026-05-04 09:01:50.488663,0.3666283950829014,110.85529161692239,110.48866322183949
2026-05-04 09:01:50.879304,0.05131474252143062,110.93061888854689,110.87930414602546
2026-05-04 09:01:51.258277,0.4134172782967971,111.6716940085432,111.25827673024641
2026-05-04 09:01:51.857384,0.0765527581270382,111.93393720734896,111.85738444922193
2026-05-04 09:01:51.928189,0.031312935447533295,111.96525014279649,111.92818888123014
2026-05-04 09:01:52.071800,0.45986073523820664,112.5316608832255,112.07180014798729
2026-05-04 09:01:53.596052,0.34726641784296336,113.94331844550952,113.59605202766656
2026-05-04 09:01:53.666217,0.014613041427512782,113.95793148693703,113.66621729483737
2026-05-04 09:01:53.791557,0.3850108697511925,114.34294235668823,113.79155677777598
2026-05-04 09:01:54.103007,1.0361872881988,115.37912964488703,114.10300725227886
2026-05-04 09:01:54.257079,0.08995213163924803,115.46908177652628,114.25707927530591
2026-05-04 09:01:54.386632,0.27562210204888843,115.74470387857517,114.38663179855845
2026-05-04 09:01:54.683966,0.16580202569246674,115.91050590426764,114.68396567799448
2026-05-04 09:01:55.328711,0.001533018697106369,115.91203892296474,115.32871106607269
2026-05-04 09:01:55.939095,0.016184790855088792,115.95527992453853,115.93909513368344
2026-05-04 09:01:56.013753,0.2863976883549136,116.3001508278955,116.01375313954058
2026-05-04 09:01:56.677927,0.008990645920064644,116.68691810340415,116.67792745748409
2026-05-04 09:01:57.138724,0.05214430224589042,117.19086806424221,117.13872376199632
2026-05-04 09:01:57.212906,0.21198044884920467,117.42488630319951,117.21290585435031
2026-05-04 09:01:57.299955,0.00032463900810644465,117.42521094220763,117.29995507848956
2026-05-04 09:01:57.525151,0.11336364999582196,117.63851427795885,117.52515062796303
2026-05-04 09:01:57.556223,0.07241905251211625,117.71093333047097,117.55622285888163
2026-05-04 09:01:58.593381,0.06584103286512126,118.65922159997102,118.5933805671059
2026-05-04 09:01:58.930035,0.20517410985245133,119.1352093526739,118.93003524282145
2026-05-04 09:01:59.057224,0.47504093160088373,119.61025028427478,119.05722412570863
2026-05-04 09:01:59.883596,0.20982487324194843,120.09342129054798,119.88359641730604
2026-05-04 09:02:00.220891,0.898110635304596,121.11900157943334,120.22089094412875
2026-05-04 09:02:01.493677,0.16704831709692075,121.66072564231382,121.4936773252169
2026-05-04 09:02:02.620348,0.051777396878108894,122.67212519721899,122.62034780034088
2026-05-04 09:02:03.527785,0.15980930872083596,123.68759389182048,123.52778458309965
2026-05-04 09:02:03.789422,0.08482429973799005,123.87424635233532,123.78942205259733
2026-05-04 09:02:04.037161,0.38698000063149807,124.42414060811045,124.03716060747895
2026-05-04 09:02:04.919771,0.25482933106100075,125.17459985027348,124.91977051921248
2026-05-04 09:02:05.264790,0.34833147140762905,125.61312124855858,125.26478977715095
2026-05-04 09:02:05.645249,0.035894138498624766,125.68114303792493,125.6452488994263
2026-05-04 09:02:05.805267,0.05218788253347761,125.85745522910231,125.80526734656884
2026-05-04 09:02:06.039789,0.010617778345891076,126.05040694563912,126.03978916729324
2026-05-04 09:02:06.171055,0.1956934496191663,126.36674866202159,126.17105521240242
2026-05-04 09:02:06.672586,0.050513457293166336,126.7230995630206,126.67258610572743
2026-05-04 09:02:06.731726,0.23755176247985524,126.96927817907142,126.73172641659157
2026-05-04 09:02:06.909640,0.07065973818001872,127.03993791725144,126.90964014958547
2026-05-04 09:02:07.046388,0.6119136610813848,127.658301322772,127.04638766169062
2026-05-04 09:02:07.151673,0.1816962531858785,127.83999757595788,127.15167274376309
2026-05-04 09:02:07.156342,0.08031358634231839,127.9203111623002,127.15634156878981
2026-05-04 09:02:08.328083,0.07476621641948866,128.40284895117236,128.32808273475288
2026-05-04 09:02:08.410344,0.4826996827940865,128.8930439701094,128.41034428731533
2026-05-04 09:02:08.503150,0.006694172598920176,128.89973814270832,128.50314979433108
2026-05-04 09:02:08.723380,0.6196456799233225,129.51938382263162,128.72337986374114
2026-05-04 09:02:08.938530,0.14330701504587343,129.6626908376775,128.9385295148252
2026-05-04 09:02:09.032692,0.43974725780831003,130.1024380954858,129.03269224168199
2026-05-04 09:02:09.196585,0.08633497746682595,130.18877307295264,129.19658526957355
2026-05-04 09:02:10.337627,0.24483686126054915,130.58246362687882,130.33762676561827
2026-05-04 09:02:11.323406,0.21198383255756081,131.53538980648884,131.32340597393127
2026-05-04 09:02:11.675496,0.1588292338099927,131.83432550279772,131.67549626898773
2026-05-04 09:02:11.885876,0.11597511778271237,132.00185155229002,131.8858764345073
2026-05-04 09:02:13.597838,0.024524751903110004,133.6223625497308,133.5978377978277
2026-05-04 09:02:13.690628,0.6718535362286663,134.36248143604854,133.69062789981987
2026-05-04 09:02:14.149567,0.5331072458289323,134.89558868187748,134.14956697688456
2026-05-04 09:02:14.293305,0.30436970114339085,135.19995838302088,134.2933051771624
2026-05-04 09:02:14.299934,0.6995260176075729,135.89948440062847,134.29993368415444
2026-05-04 09:02:15.127094,0.13428568328786883,136.03377008391632,135.12709362359428
2026-05-04 09:02:15.322709,0.07825908392570563,136.11202916784202,135.3227091663505
2026-05-04 09:02:15.572024,0.18256406072021678,136.29459322856223,135.5720239471551
2026-05-04 09:02:15.663298,0.21971843602157004,136.5143116645838,135.66329825306886
2026-05-04 09:02:16.009401,0.11139182041626523,136.62570348500006,136.00940079028155
2026-05-04 09:02:16.091864,0.011656679654355967,136.6373601646544,136.09186402690722
2026-05-04 09:02:16.132970,0.005001044179086299,136.6423612088335,136.13296955212374
2026-05-04 09:02:16.482631,0.026507320203801973,136.6688685290373,136.48263070613493
2026-05-04 09:02:16.499313,0.26172027992773067,136.93058880896504,136.49931348672206
2026-05-04 09:02:16.686286,0.2809502290639998,137.21153903802903,136.6862863390362
2026-05-04 09:02:17.151322,0.36679125844775146,137.5783302964768,137.15132154569733
2026-05-04 09:02:17.175207,0.03919327031796592,137.61752356679474,137.17520658312026
2026-05-04 09:02:17.380642,0.03163574284719199,137.64915930964193,137.38064201729523
2026-05-04 09:02:17.406424,0.3007073131418231,137.94986662278376,137.40642378424127
2026-05-04 09:02:17.469012,0.27151101373207503,138.22137763651583,137.4690118499693
2026-05-04 09:02:17.720178,0.4058058123201258,138.62718344883595,137.7201780524941
2026-05-04 09:02:18.502563,0.680878158522864,139.3080616073588,138.50256335800464
2026-05-04 09:02:18.545300,0.3444296282123976,139.6524912355712,138.54530007450646
2026-05-04 09:02:19.202761,0.06905880800675528,139.72155004357796,139.20276111058166
2026-05-04 09:02:19.444660,0.056961135157824576,139.77851117873578,139.44466008686015
2026-05-04 09:02:19.798507,0.34431017358512445,140.14281737990666,139.79850720632155
2026-05-04 09:02:19.920163,0.029326825712434574,140.1721442056191,139.92016271566482
2026-05-04 09:02:21.053175,0.5920368062368427,141.6452119779452,141.05317517170835
2026-05-04 09:02:21.160066,0.13507094265163316,141.78028292059682,141.16006636444178
2026-05-04 09:02:21.453656,0.3197619835347356,142.10004490413155,141.4536556123402
2026-05-04 09:02:21.548035,0.1579248019885387,142.2579697061201,141.54803508891746
2026-05-04 09:02:21.774604,0.3171745906983271,142.57514429681842,141.7746044430833
2026-05-04 09:02:22.229733,0.11257843921890967,142.68772273603733,142.2297328891012
2026-05-04 09:02:22.789072,0.5298248494381295,143.31889682278978,142.78907197335164
2026-05-04 09:02:22.970475,0.05345738040305296,143.37235420319283,142.97047542751724
2026-05-04 09:02:23.192269,0.23384295645132602,143.60619715964415,143.1922687829589
2026-05-04 09:02:23.224418,0.05813261571352595,143.6643297753577,143.22441804916002
2026-05-04 09:02:23.250524,0.062065863100743704,143.72639563845843,143.25052376996703
2026-05-04 09:02:23.389827,0.06516240558088363,143.7915580440393,143.38982720248526
2026-05-04 09:02:23.690203,0.4680329133378024,144.2595909573771,143.69020343547496
2026-05-04 09:02:23.723168,0.024559268228510272,144.2841502256056,143.72316782015946
2026-05-04 09:02:23.753834,0.3595074287318005,144.6436576543374,143.75383414552965
2026-05-04 09:02:25.205020,0.06743249489887784,145.27245291539919,145.20502042050032
2026-05-04 09:02:25.389554,0.10616017334609221,145.49571449089686,145.38955431755076
2026-05-04 09:02:26.273856,0.003798656104391151,146.27765502693728,146.2738563708329
2026-05-04 09:02:26.893683,0.06394466934928832,146.9576280801788,146.8936834108295
2026-05-04 09:02:27.325582,0.061821433672064975,147.3874036995894,147.32558226591735
2026-05-04 09:02:27.434889,0.30686131561444546,147.74175073408492,147.43488941847048
2026-05-04 09:02:27.448641,0.02813153467658149,147.7698822687615,147.44864112381603
2026-05-04 09:02:27.581046,0.49059772981649624,148.260479998578,147.5810456529747
2026-05-04 09:02:28.507589,0.09668989726898194,148.60427905792406,148.50758916065507
2026-05-04 09:02:28.668939,0.20001069003081537,148.86894951900388,148.66893882897307
2026-05-04 09:02:28.831279,0.37344235545475746,149.24239187445863,148.83127874555095
2026-05-04 09:02:28.835457,0.05936048021784182,149.30175235467647,148.83545708684323
2026-05-04 09:02:28.870633,0.07330076940410594,149.37505312408058,148.87063293857736
2026-05-04 09:02:29.269130,0.512567649221799,149.8876207733024,149.26912973830437
2026-05-04 09:02:29.534715,0.2712095279839089,150.1588303012863,149.53471513803785
2026-05-04 09:02:29.569239,0.07062985811040434,150.2294601593967,149.56923909665727
2026-05-04 09:02:29.661809,0.11994733892784602,150.34940749832455,149.6618088091269
2026-05-04 09:02:30.106380,0.01114612592437961,150.36055362424892,150.1063802737032
2026-05-04 09:02:30.211413,0.31756787201893505,150.67812149626786,150.21141309433506
2026-05-04 09:02:30.645064,0.027998375175813446,150.7061198714437,150.64506435526164
2026-05-04 09:02:31.392103,0.14870776216272835,151.54081093100723,151.3921031688445
2026-05-04 09:02:31.643278,0.2268800960934744,151.87015776821036,151.64327767211688
2026-05-04 09:02:31.675764,0.3161314059810101,152.18628917419136,151.67576448853794
2026-05-04 09:02:31.730902,0.11074768670675941,152.29703686089812,151.7309022257472
2026-05-04 09:02:31.941150,0.0531525136735394,152.35018937457167,151.9411500562747
2026-05-04 09:02:31.989660,0.05627378822499669,152.40646316279665,151.98966049427565
2026-05-04 09:02:32.062528,0.103792976449065,152.5102561392457,152.062528474713
2026-05-04 09:02:32.890952,0.05997835414338707,152.9509300385359,152.8909516843925
2026-05-04 09:02:33.206046,0.1747588542565979,153.38080470850696,153.20604585425036
2026-05-04 09:02:33.473476,0.11659826077151121,153.59007377320884,153.47347551243732
2026-05-04 09:02:33.646015,0.3849227117635134,154.030937850989,153.64601513922548
2026-05-04 09:02:34.168559,0.01964585785282002,154.18820497891144,154.16855912105862
2026-05-04 09:02:34.353569,0.40460654997067275,154.7581751740094,154.35356862403873
2026-05-04 09:02:34.677581,0.07494689196237313,154.8331220659718,154.67758085221627
2026-05-04 09:02:34.895429,0.09829079303373481,154.99372008498236,154.89542929194863
2026-05-04 09:02:35.077421,0.27929308307338974,155.3567138941995,155.0774208111261
2026-05-04 09:02:35.405237,0.09667640174478882,155.50191312070186,155.40523671895707
2026-05-04 09:02:36.266140,0.022790823289028997,156.28893098931326,156.26614016602423
2026-05-04 09:02:36.323005,0.4514254539568883,156.77443023416916,156.32300478021227
2026-05-04 09:02:36.672303,0.001113078724929877,156.7755433128941,156.67230312267935
2026-05-04 09:02:37.092582,0.0329570713424653,157.12553951898192,157.09258244763947
2026-05-04 09:02:37.480344,0.21825279085555824,157.69859694322022,157.48034415236467
2026-05-04 09:02:37.564699,0.11659450803130011,157.81519145125154,157.56469892708523
2026-05-04 09:02:37.615401,0.5209195808934685,158.336111032145,157.61540050170768
2026-05-04 09:02:37.683283,0.3539308572604958,158.6900418894055,157.68328311246708
2026-05-04 09:02:37.898303,0.05891046584908077,158.74895235525457,157.8983030050246
2026-05-04 09:02:37.969361,0.2783625894843208,159.0273149447389,157.96936059393988
2026-05-04 09:02:38.072125,0.28436844098536235,159.31168338572425,158.07212468587255
2026-05-04 09:02:38.100913,0.1842380649554645,159.4959214506797,158.10091304734385
2026-05-04 09:02:39.081716,0.2538444778616744,159.74976592854136,159.08171616584147
2026-05-04 09:02:39.270306,0.14358236544870856,159.89334829399007,159.27030639299593
2026-05-04 09:02:39.861302,0.5260304188617413,160.41937871285182,159.86130226532975
2026-05-04 09:02:40.264890,0.19619778675417734,160.615576499606,160.26488990270732
2026-05-04 09:02:40.629312,0.12459668682785772,160.75390830520865,160.6293116183808
2026-05-04 09:02:40.721299,0.07883705992486578,160.83274536513352,160.72129943902124
2026-05-04 09:02:40.935296,0.401290935127003,161.33658650745585,160.93529557232884
2026-05-04 09:02:42.148991,0.0938418335108121,162.24283307261481,162.148991239104
2026-05-04 09:02:42.151705,0.05061726439648965,162.2934503370113,162.15170530758218
2026-05-04 09:02:42.375147,0.41009014607931793,162.78523702992703,162.37514688384772
2026-05-04 09:02:42.460036,0.2665672817653892,163.05180431169242,162.46003629320026
2026-05-04 09:02:43.686397,0.061968022041408694,163.7483648568319,163.6863968347905
2026-05-04 09:02:43.845564,0.2586861542120182,164.10424983540986,163.84556368119783
2026-05-04 09:02:44.650060,0.08775177404044485,164.73781163207292,164.65005985803248
2026-05-04 09:02:44.780926,0.16478600588221748,164.94571224346706,164.78092623758485
2026-05-04 09:02:46.566385,0.04265044706243701,166.60903503184286,166.56638458478042
2026-05-04 09:02:46.945416,0.14370325367821907,167.08911967665028,166.94541642297207
2026-05-04 09:02:47.200293,0.46031299465779274,167.66060573983316,167.20029274517537
2026-05-04 09:02:47.689170,0.3910037886445618,168.0801737729449,167.68916998430035
2026-05-04 09:02:47.868973,0.5047971746234535,168.58497094756837,167.86897291745979
2026-05-04 09:02:47.964284,0.5042318784421157,169.08920282601048,167.96428355371057
2026-05-04 09:02:48.125082,0.12884360796693803,169.2180464339774,168.12508198292917
2026-05-04 09:02:48.220351,0.18067474634571445,169.39872118032312,168.2203508431347
2026-05-04 09:02:48.361535,0.035711836633694566,169.4344330169568,168.36153549835922
2026-05-04 09:02:48.394008,0.10826100228511547,169.5426940192419,168.3940083901128
2026-05-04 09:02:48.786154,0.33764753286825305,169.88034155211017,168.7861536290614
2026-05-04 09:02:48.800121,0.03956788503956305,169.91990943714973,168.80012099906577
2026-05-04 09:02:48.948499,0.2705274819961339,170.19043691914587,168.94849896361265
2026-05-04 09:02:49.186886,0.09475136258972565,170.2851882817356,169.1868859540884
2026-05-04 09:02:49.274894,0.4665215362521689,170.75170981798777,169.27489375127962
2026-05-04 09:02:49.491620,0.027980278802451648,170.77969009679023,169.49161981365106
2026-05-04 09:02:49.789539,0.12290452185682837,170.90259461864707,169.78953942133077
2026-05-04 09:02:50.662306,0.19478049479369958,171.09737511344076,170.6623055850674
2026-05-04 09:02:50.768698,0.034269621913098944,171.13164473535386,170.7686984999484
2026-05-04 09:02:50.905207,0.4029864624492234,171.5346311978031,170.90520744088528
2026-05-04 09:02:52.275337,0.3106513937222094,172.58598857541435,172.27533718169215
2026-05-04 09:02:52.806247,0.2527169620869935,173.0589642944182,172.8062473323312
2026-05-04 09:02:53.276157,0.8683413369877897,174.1444982464709,173.27615690948312
2026-05-04 09:02:53.357536,0.03200195658596874,174.17650020305686,173.35753599348982
2026-05-04 09:02:53.535281,0.2625696083976182,174.4390698114545,173.53528088219704
2026-05-04 09:02:54.215136,0.3793508841312558,174.81842069558573,174.21513617751563
2026-05-04 09:02:54.242482,0.1756127445994426,174.99403344018518,174.2424820692168
2026-05-04 09:02:54.836239,0.4219905132970514,175.41602395348224,174.83623912163827
2026-05-04 09:02:54.884217,0.05180002708673716,175.46782398056897,174.8842170616537
2026-05-04 09:02:54.915151,0.12991643953382875,175.59774042010278,174.9151505029158
2026-05-04 09:02:55.195070,0.08973237811921143,175.687472798222,175.19507035776215
2026-05-04 09:02:55.502059,0.4233011823081893,176.11077398053018,175.50205858434555
2026-05-04 09:02:55.517380,0.08090495992724146,176.19167894045742,175.5173800112878
2026-05-04 09:02:55.631848,0.01726057469454823,176.20893951515197,175.63184781661153
2026-05-04 09:02:57.478031,0.09878197287831932,177.57681264208034,177.478030669202
2026-05-04 09:02:57.533374,0.12803525454942796,177.70484789662976,177.53337420680677
2026-05-04 09:02:57.640976,0.08580823712902542,177.79065613375877,177.64097615486895
2026-05-04 09:02:57.832572,0.10572123015904285,177.9382929552425,177.83257172508345
2026-05-04 09:02:58.710876,0.5388567426605104,179.24973279015416,178.71087604749366
2026-05-04 09:02:59.343012,0.2383769778005964,179.58138915990168,179.3430121821011
2026-05-04 09:02:59.631945,0.11759792381130058,179.74954281990455,179.63194489609324
2026-05-04 09:02:59.710223,0.07541664551289241,179.82495946541744,179.71022303877422
2026-05-04 09:02:59.782975,0.03550218400156587,179.860461649419,179.782975277858
2026-05-04 09:03:00.086959,0.11735042784620678,180.20430953767877,180.08695910983255
2026-05-04 09:03:01.126951,0.7294120662162284,181.8563626389089,181.12695057269266
2026-05-04 09:03:03.127855,0.07873352856677011,183.20658827180728,183.1278547432405
2026-05-04 09:03:03.419030,0.21003783100012932,183.6290675793531,183.41902974835295
2026-05-04 09:03:03.501207,0.569852172200655,184.19891975155375,183.501207471124
2026-05-04 09:03:03.739158,0.14802079757077377,184.34694054912453,183.73915800244842
2026-05-04 09:03:04.805327,0.1000712680674988,184.90539826881513,184.80532700074764
2026-05-04 09:03:05.329777,0.13757169495051075,185.4673485583909,185.3297768634404
2026-05-04 09:03:05.446774,0.26510134043481176,185.73244989882573,185.4467737011956
2026-05-04 09:03:06.462008,0.10775006133921093,186.56975843095321,186.462008369614
2026-05-04 09:03:06.693246,0.613623458951097,187.30686939258248,186.69324593363137
2026-05-04 09:03:06.862768,0.1554558886848166,187.4623252812673,186.86276818419245
2026-05-04 09:03:07.152035,0.4229077605955384,187.88523304186285,187.1520350887519
2026-05-04 09:03:07.177395,0.010129740858610004,187.89536278272146,187.17739495503034
2026-05-04 09:03:07.321257,0.05841055427732755,187.95377333699878,187.32125724553086
2026-05-04 09:03:07.473093,0.35985281982672174,188.3136261568255,187.47309331222942
2026-05-04 09:03:07.879563,0.07695774177612212,188.39058389860162,187.87956292937955
2026-05-04 09:03:07.953304,0.04456905630811583,188.43515295490974,187.95330425228212
2026-05-04 09:03:08.360385,0.019144442177466324,188.4542973970872,188.3603849610514
2026-05-04 09:03:08.864694,0.20564632812420536,189.07034051876963,188.86469419064542
2026-05-04 09:03:10.373914,0.32569528560452704,190.69960887599325,190.37391359038872
2026-05-04 09:03:10.389869,0.4768767529825896,191.17648562897583,190.38986854794678
2026-05-04 09:03:11.250079,0.14494384238260835,191.3950223762282,191.2500785338456
2026-05-04 09:03:11.810746,0.16335371221103756,191.9740999220966,191.81074620988556
2026-05-04 09:03:12.002729,0.08348420637063647,192.086213413148,192.00272920677736
2026-05-04 09:03:12.284025,0.4474544533269866,192.73147969242874,192.28402523910174
2026-05-04 09:03:12.726188,0.13820981021764359,192.86968950264637,192.72618781473764
2026-05-04 09:03:13.300739,0.04586389067316178,193.34660285841463,193.30073896774147
2026-05-04 09:03:13.331558,0.06276354004611558,193.40936639846075,193.3315580945886
2026-05-04 09:03:13.499968,0.03925551394587115,193.5392231998719,193.49996768592604
2026-05-04 09:03:15.227562,0.3033336871495389,195.53089546181437,195.22756177466482
2026-05-04 09:03:15.785251,0.033642746635664154,195.8188941753323,195.78525142869663
2026-05-04 09:03:16.437866,0.10396943258672414,196.54183533098958,196.43786589840286
2026-05-04 09:03:16.626981,0.23421069319937443,196.86119207475255,196.62698138155318
2026-05-04 09:03:16.898282,0.06842509349590058,196.96670699287284,196.89828189937694
2026-05-04 09:03:17.066457,0.06453311025285746,197.1309899499515,197.06645683969865
2026-05-04 09:03:17.693090,0.33031263408164957,198.02340305206482,197.69309041798317
2026-05-04 09:03:18.257388,0.17536205386716908,198.4327503903001,198.25738833643294
2026-05-04 09:03:18.690125,0.14443785752161223,198.83456272808755,198.69012487056594
2026-05-04 09:03:19.041059,0.5334230614622244,199.57448235057038,199.04105928910815
2026-05-04 09:03:19.207128,0.12928137010763227,199.703763720678,199.20712756559666
2026-05-04 09:03:19.383689,0.9365673382981655,200.6403310589762,199.38368902934678
2026-05-04 09:03:19.461734,0.45066394348385175,201.09099500246003,199.46173430623068
2026-05-04 09:03:19.770959,0.15987233108998783,201.25086733355002,199.7709590810117
2026-05-04 09:03:20.235606,0.22409644385128724,201.4749637774013,200.2356055401739
2026-05-04 09:03:20.993907,0.28661730846813666,201.76158108586944,200.99390699816863
2026-05-04 09:03:21.614135,0.24316368771264874,202.00474477358208,201.6141349164681
2026-05-04 09:03:22.793342,0.0730898437415757,202.8664315655589,202.79334172181734
2026-05-04 09:03:23.635601,0.03894730869011899,203.6745478350783,203.63560052638817
2026-05-04 09:03:23.916145,0.13006007681653184,204.0462046264185,203.91614454960197
2026-05-04 09:03:24.097954,0.11711503647171975,204.21506896049195,204.09795392402023
2026-05-04 09:03:24.464930,0.1619930098089227,204.62692282146983,204.4649298116609
2026-05-04 09:03:24.651928,0.04242909495394598,204.69435745906745,204.6519283641135
2026-05-04 09:03:24.939075,0.17421253045024,205.11328797193784,204.9390754414876
2026-05-04 09:03:25.028836,0.19858623993277108,205.31187421187062,205.0288358702787
2026-05-04 09:03:25.133512,0.3658217677787725,205.6776959796494,205.13351209861548
2026-05-04 09:03:26.048115,0.002610565278708762,206.05072595158651,206.0481153863078
2026-05-04 09:03:26.417740,0.17589340436839118,206.5936336356332,206.41774023126482
2026-05-04 09:03:26.433521,0.18058129801748213,206.77421493365068,206.43352121842327
2026-05-04 09:03:26.524369,0.08124254823306268,206.85545748188375,206.52436887868237
2026-05-04 09:03:26.788897,0.12219840073872759,206.97765588262249,206.78889696048384
2026-05-04 09:03:26.852795,0.5174817092962674,207.49513759191876,206.85279529143082
2026-05-04 09:03:27.175831,0.09266379939285667,207.58780139131161,207.17583079903872
2026-05-04 09:03:27.230936,0.046748121483999996,207.63454951279562,207.23093579775863
2026-05-04 09:03:27.829293,0.017075400719266203,207.84636806897228,207.829292668253
2026-05-04 09:03:28.124543,0.5369163295165654,208.66145968072752,208.12454335121095
2026-05-04 09:03:28.257764,0.0668940710523606,208.72835375177988,208.2577640285077
2026-05-04 09:03:28.578746,0.05603913836134849,208.78439289014122,208.57874551010602
2026-05-04 09:03:28.947489,0.19068800748068662,209.1381771737223,208.94748916624164
2026-05-04 09:03:29.303381,0.08342256402692369,209.38680403174772,209.30338146772078
2026-05-04 09:03:29.518282,0.10387630494710678,209.62215865339232,209.5182823484452
2026-05-04 09:03:29.612128,0.07841450481442136,209.70057315820674,209.6121278838381
2026-05-04 09:03:29.720610,0.08575906120455254,209.80636924865584,209.72061018745129
2026-05-04 09:03:30.093118,0.014204277224132422,210.10732213388843,210.0931178566643
2026-05-04 09:03:30.512123,0.46248941728328435,210.97461199182456,210.51212257454128
2026-05-04 09:03:30.577836,0.20069631981135766,211.17530831163592,210.5778357111889
2026-05-04 09:03:30.699750,0.11917346556902329,211.29448177720494,210.6997501501721
2026-05-04 09:03:30.855977,0.10007840124290626,211.39456017844785,210.85597721300476
2026-05-04 09:03:30.935461,0.13181995439079672,211.52638013283865,210.93546104215778
2026-05-04 09:03:31.243468,0.22236014907191876,211.74874028191059,211.24346770547737
2026-05-04 09:03:31.755657,0.005150169162726384,211.7608067033989,211.75565653423618
2026-05-04 09:03:32.491217,0.16366110204070844,212.65487836106047,212.49121725901975
2026-05-04 09:03:33.822402,0.18818096883315116,214.0105830009355,213.82240203210236
2026-05-04 09:03:33.936211,0.1636361157693614,214.17421911670485,213.93621104403093
2026-05-04 09:03:34.376389,0.0006469489146393497,214.37703594844677,214.37638899953214
2026-05-04 09:03:34.819782,0.29076666376415655,215.1105488240598,214.81978216029566
2026-05-04 09:03:35.632862,0.39746907588873787,216.03033066475317,215.63286158886442
2026-05-04 09:03:35.848625,0.1534798421249369,216.1838105068781,215.84862504610084
2026-05-04 09:03:36.383732,0.1833457828251363,216.5670779387468,216.38373215592165
2026-05-04 09:03:37.387388,0.18066992362106282,217.5680583901861,217.38738846656506
2026-05-04 09:03:38.498555,0.25929539910400917,218.7578504358806,218.4985550367766
2026-05-04 09:03:39.096396,0.20104140124806738,219.29743762380963,219.09639622256157
2026-05-04 09:03:39.584063,0.06149609353354484,219.64555869979543,219.58406260626188
2026-05-04 09:03:39.807700,0.09763871045972733,219.90533906099736,219.80770035053763
2026-05-04 09:03:39.942164,0.29232008859646613,220.2344837047902,219.94216361619374
2026-05-04 09:03:40.070383,0.1516943930111376,220.38617809780132,220.07038348816516
2026-05-04 09:03:40.329215,0.610022780564775,220.9962008783661,220.32921479271647
2026-05-04 09:03:40.463632,0.05473987724809126,221.0509407556142,220.46363235263118
2026-05-04 09:03:40.548664,0.5829085773724095,221.6338493329866,220.54866394114163
2026-05-04 09:03:40.606359,0.2173010788250642,221.8511504118117,220.60635880935274
2026-05-04 09:03:41.125895,0.29694558075495564,222.14809599256665,221.1258948611182
2026-05-04 09:03:41.596417,0.694505751453053,222.8426017440197,221.59641674561905
2026-05-04 09:03:41.652523,0.025182831670747974,222.86778457569045,221.6525230009152
2026-05-04 09:03:41.822291,0.07970484033173267,222.9474894160222,221.82229050403828
2026-05-04 09:03:42.211243,0.4397580691759047,223.3872474851981,222.21124326681462
2026-05-04 09:03:43.903872,0.05406038326176347,223.95793199989336,223.9038716166316
2026-05-04 09:03:44.959710,0.27428771951167524,225.23399786006402,224.95971014055235
2026-05-04 09:03:45.372606,0.35846475167152014,225.73107067958517,225.37260592791364
2026-05-04 09:03:46.242079,0.35426182561784725,226.59634117047509,226.24207934485725
2026-05-04 09:03:47.103322,0.00045413475514340454,227.10377644375896,227.10332230900383
2026-05-04 09:03:47.302919,0.07346588361622865,227.37638445225573,227.3029185686395
2026-05-04 09:03:47.443187,0.3915470041427325,227.8347341877709,227.44318718362817
2026-05-04 09:03:47.589660,0.17708437512141303,228.0118185628923,227.58966035271305
2026-05-04 09:03:47.735684,0.07378164461035792,228.08560020750267,227.73568430763578
2026-05-04 09:03:48.097590,0.03631296990733651,228.13390303419752,228.0975900642902
2026-05-04 09:03:48.106113,0.23823668769692607,228.37213972189446,228.10611339902107
2026-05-04 09:03:48.128574,0.06494181827683966,228.4370815401713,228.1285739524334
2026-05-04 09:03:48.189602,0.01876258182741822,228.45584412199872,228.1896018944121
2026-05-04 09:03:48.737352,0.20016296854513438,228.9375145618136,228.73735159326847
2026-05-04 09:03:49.333506,0.7631323954800783,230.09663876377715,229.33350636829707
2026-05-04 09:03:49.636765,0.34620195256476577,230.44284071634192,229.636765430778
2026-05-04 09:03:49.926161,0.27599968390915375,230.71884040025108,229.9261613162626
2026-05-04 09:03:49.981306,0.16682291930231014,230.8856633195534,229.98130643883914
2026-05-04 09:03:50.422435,0.040696387130968764,230.92635970668437,230.42243529282314
2026-05-04 09:03:51.135550,0.12480749001439642,231.26035702050063,231.13554953048623
2026-05-04 09:03:51.428148,0.061072919524207514,231.48922054787465,231.42814762835044
2026-05-04 09:03:52.008066,0.12911966152881518,232.13718572280354,232.00806606127472
2026-05-04 09:03:52.611173,0.1662964517946296,232.77746983149805,232.61117337970342
2026-05-04 09:03:52.747783,0.7486764750209866,233.52614630651905,232.74778268307807
2026-05-04 09:03:53.383722,0.43804115183670406,233.96418745835575,233.38372231218432
2026-05-04 09:03:53.688098,1.0512264788594006,235.01541393721516,233.68809808097689
2026-05-04 09:03:54.242582,0.03149112876585596,235.046905065981,234.24258222453196
2026-05-04 09:03:54.583623,0.018112126091605455,235.06501719207262,234.58362324261924
2026-05-04 09:03:54.697730,0.4625307427619714,235.5275479348346,234.69772996692583
2026-05-04 09:03:55.045376,0.39253875465659605,235.92008668949117,235.0453759486041
2026-05-04 09:03:55.369634,0.6263397862484847,236.54642647573965,235.36963443195933
2026-05-04 09:03:55.451070,0.2893580262321607,236.8357845019718,235.45106960461172
2026-05-04 09:03:55.968124,0.11399137886224527,236.94977588083404,235.96812386418245
2026-05-04 09:03:56.211334,0.027078173346687953,236.97685405418073,236.21133398047223
2026-05-04 09:03:56.411951,0.06381931126332573,237.04067336544406,236.41195051541243
2026-05-04 09:03:57.081282,0.006546740592166145,237.08782922055272,237.08128247996055
2026-05-04 09:03:57.577849,0.13894640764719107,237.71679527034732,237.57784886270014
2026-05-04 09:03:57.711114,0.17575970721222278,237.89255497755954,237.71111364319987
2026-05-04 09:03:57.715882,0.07250810611277196,237.9650630836723,237.71588227766273
2026-05-04 09:03:58.261842,0.39242808444616273,238.65426977723158,238.26184169278542
2026-05-04 09:03:58.712635,0.08858661047873839,238.80122167672093,238.7126350662422
2026-05-04 09:03:58.811757,0.0783267787385174,238.89008354021885,238.81175676148032
2026-05-04 09:03:58.851097,0.33113822176155017,239.22122176198042,238.85109694808
2026-05-04 09:03:58.906460,0.18256582222112958,239.40378758420155,238.9064600853802
2026-05-04 09:03:59.346035,0.0014884443801365182,239.40527602858168,239.34603451939677
2026-05-04 09:03:59.793413,0.5429589535172609,240.33637206121819,239.79341310770093
2026-05-04 09:03:59.979875,0.18702549876438776,240.52339755998258,239.9798748296848
2026-05-04 09:04:00.067042,0.01908811362606809,240.54248567360864,240.06704219263256
2026-05-04 09:04:00.276315,0.11264772693440031,240.65513340054304,240.27631513164133
2026-05-04 09:04:01.642428,0.02100631241205767,241.66343442222623,241.64242810981418
2026-05-04 09:04:02.070620,0.2331022539582147,242.30372227099576,242.07062001703756
2026-05-04 09:04:02.230128,0.24573901216458385,242.54946128316035,242.23012794524806
2026-05-04 09:04:02.339575,0.01474543252787235,242.56420671568821,242.33957515582546
2026-05-04 09:04:02.398710,0.012674635137481467,242.5768813508257,242.39871046384093
2026-05-04 09:04:02.856574,0.15332404053124143,243.0098985009577,242.85657446042646
2026-05-04 09:04:03.138420,0.07256175701140652,243.21098180262166,243.13842004561025
2026-05-04 09:04:03.218061,0.30271898283157933,243.52077982114892,243.21806083831734
2026-05-04 09:04:03.769660,0.2268060048370223,243.99646608924425,243.76966008440723
2026-05-04 09:04:04.410732,0.4936554797699084,244.9043873872146,244.4107319074447
2026-05-04 09:04:04.998382,0.10948262148995708,245.10786429974553,244.99838167825558
2026-05-04 09:04:05.238182,0.5855435999537153,245.82372598170085,245.23818238174712
2026-05-04 09:04:06.562063,0.10074762489309741,246.66281071008763,246.56206308519452
2026-05-04 09:04:06.987408,0.1550794423540514,247.14248793122442,246.98740848887036
2026-05-04 09:04:07.212266,0.07311644923059456,247.28538202440757,247.21226557517699
2026-05-04 09:04:07.244589,0.08561277187874416,247.3709947962863,247.24458938219374
2026-05-04 09:04:08.316514,0.3958009638449821,248.7123150162698,248.31651405242482
2026-05-04 09:04:08.713258,0.4201544738242591,249.133412245496,248.71325777167175
2026-05-04 09:04:08.854498,0.44818112367387375,249.58159336916987,248.85449779785017
2026-05-04 09:04:08.875681,0.22331849438788584,249.80491186355775,248.87568095512026
2026-05-04 09:04:08.977708,0.2187663843502679,250.023678247908,248.977707599544
2026-05-04 09:04:09.384502,0.05773950306242266,250.08141775097045,249.38450191447419
2026-05-04 09:04:09.478875,0.48753768834816874,250.56895543931861,249.47887514348025
2026-05-04 09:04:09.749888,0.04668706722916318,250.61564250654777,249.74988777833838
2026-05-04 09:04:09.760289,0.10687487185971711,250.7225173784075,249.76028851036546
2026-05-04 09:04:09.939054,0.2166563159648358,250.93917369437233,249.93905449386904
2026-05-04 09:04:10.010732,0.03693422551535164,250.97610791988768,250.01073203258497
2026-05-04 09:04:11.475984,0.017406714278868567,251.49339119174869,251.4759844774698
2026-05-04 09:04:11.818098,0.023691008388047115,251.84178875779384,251.81809774940578
2026-05-04 09:04:12.464094,0.03363729285081224,252.49773168182386,252.46409438897305
2026-05-04 09:04:13.208430,0.184351873679657,253.3927817797364,253.20842990605675
2026-05-04 09:04:13.280667,0.1963165138893072,253.5890982936257,253.28066652230524
2026-05-04 09:04:13.423635,0.2658379604887035,253.85493625411442,253.42363489721544
2026-05-04 09:04:13.871188,0.42653400492743804,254.29772162817724,253.8711876232498
2026-05-04 09:04:14.020931,0.09270544106776757,254.39042706924502,254.02093078600416
2026-05-04 09:04:14.258620,0.05373762949297311,254.444164698738,254.25862013651485
2026-05-04 09:04:14.576608,0.16663662144904776,254.7432445849491,254.57660796350007
2026-05-04 09:04:14.832558,0.1016436818288792,254.93420131308108,254.8325576312522
2026-05-04 09:04:15.202060,0.2588590373452639,255.46091904736105,255.20206001001577
2026-05-04 09:04:15.435494,0.0067202187609329105,255.46763926612198,255.43549367132607
2026-05-04 09:04:16.064362,0.04164300993709749,256.10600450994707,256.06436150000997
2026-05-04 09:04:16.825655,0.16543961722293576,256.99109449789495,256.825654880672
2026-05-04 09:04:17.007827,0.16275016449013452,257.17057693372595,257.0078267692358
2026-05-04 09:04:17.009701,0.6103907214337971,257.78096765515977,257.00970067151195
2026-05-04 09:04:17.089121,0.6291553645618717,258.41012301972165,257.08912125768575
2026-05-04 09:04:17.722563,0.08158457849593857,258.4917075982176,257.7225630991044
2026-05-04 09:04:17.833137,0.00581660980412195,258.49752420802173,257.83313708953955
2026-05-04 09:04:18.340337,0.34922294616928906,258.846747154191,258.3403368332918
2026-05-04 09:04:18.904420,0.5076370061406683,259.4120569498223,258.9044199436816
2026-05-04 09:04:19.113426,0.027005525077484285,259.43906247489974,259.113425929521
2026-05-04 09:04:19.976480,0.34838930715276273,260.3248697880605,259.9764804809077
2026-05-04 09:04:20.130033,0.23914004902998093,260.56400983709045,260.13003268222803
2026-05-04 09:04:20.607248,0.20097359413314334,260.8082213948036,260.60724780067045
2026-05-04 09:04:20.639140,0.07485739431254636,260.88307878911615,260.63914039816325
2026-05-04 09:04:20.856698,0.10237247369677085,260.98545126281294,260.8566982459195
2026-05-04 09:04:21.133700,0.02287543930093833,261.1565751326356,261.1336996933347
2026-05-04 09:04:21.522821,0.03706533925543042,261.55988662655903,261.5228212873036
2026-05-04 09:04:21.548204,0.08629315690522313,261.6461797834643,261.54820413571264
2026-05-04 09:04:21.592319,0.014927587924619104,261.6611073713889,261.5923185653816
2026-05-04 09:04:22.486301,0.72673889851233,263.21304002012124,262.4863011216089
2026-05-04 09:04:23.016498,0.24998074400511136,263.4630207641263,263.01649787080487
2026-05-04 09:04:23.182951,0.09818425058588254,263.5612050147122,263.18295056605905
2026-05-04 09:04:24.436052,0.24261920079742125,264.6786712656026,264.43605206480515
2026-05-04 09:04:24.616307,0.4290019348526623,265.1076732004552,264.616307045299
2026-05-04 09:04:24.643321,0.024156351642402697,265.1318295520976,264.64332104565426
2026-05-04 09:04:24.752916,0.41822853747472205,265.5500580895723,264.7529156839262
2026-05-04 09:04:25.439303,0.05606407304118591,265.6061221626135,265.4393030102054
2026-05-04 09:04:26.022312,0.0019069910464844103,266.0242185334782,266.0223115424317
2026-05-04 09:04:26.131420,0.19953162729052498,266.3309518590917,266.1314202318012
2026-05-04 09:04:26.488364,0.04115872958620111,266.5295224914528,266.4883637618666
2026-05-04 09:04:27.801181,0.00432928634543184,267.8055106307352,267.8011813443898
2026-05-04 09:04:28.341245,0.14174076888031117,268.48298540954073,268.3412446406604
2026-05-04 09:04:28.629257,0.15087960882352977,268.78013642281087,268.62925681398735
2026-05-04 09:04:29.224365,0.02427869643090235,269.24864411189606,269.2243654154652
2026-05-04 09:04:29.360880,0.08602089825280423,269.44690077473314,269.36087987648034
2026-05-04 09:04:29.814483,1.279937757697394,271.09442104582433,269.81448328812695
2026-05-04 09:04:29.945535,0.16822505651819175,271.2626461023425,269.94553500614524
2026-05-04 09:04:30.661839,0.5644329009486158,271.8270790032911,270.6618389002357
2026-05-04 09:04:30.681872,0.20358305540034452,272.03066205869146,270.6818717569545
2026-05-04 09:04:30.762668,0.018250399008268803,272.0489124576997,270.7626679931945
2026-05-04 09:04:31.070208,0.05698713087108649,272.1058995885708,271.07020847232053
2026-05-04 09:04:31.533207,0.5316944179616908,272.63759400653254,271.5332067600116
2026-05-04 09:04:31.676627,0.17483242012861042,272.81242642666115,271.67662740838045
2026-05-04 09:04:31.854926,0.019865875372094638,272.83229230203324,271.8549258437536
2026-05-04 09:04:32.017172,0.08067686382248616,272.9129691658557,272.01717218538107
2026-05-04 09:04:32.219630,0.23222601827618838,273.1451951841319,272.2196295769985
2026-05-04 09:04:32.627787,0.13082099265913402,273.2760161767911,272.6277868954756
2026-05-04 09:04:32.713257,0.7485005242428245,274.0245167010339,272.7132572837922
2026-05-04 09:04:33.207652,0.04670372007592558,274.07122042110984,273.2076518485046
2026-05-04 09:04:33.614618,0.06276733411071399,274.1339877552206,273.61461822656656
2026-05-04 09:04:33.700133,0.7034582168152028,274.83744597203577,273.70013287340765
2026-05-04 09:04:33.878315,0.11143632092420813,274.94888229296,273.87831522405475
2026-05-04 09:04:34.974860,0.40087558999107414,275.3757354565705,274.97485986657944
2026-05-04 09:04:35.491232,0.012144659620716388,275.503376811997,275.49123215237626
2026-05-04 09:04:35.659114,0.2730421966898468,275.9321557797361,275.65911358304623
2026-05-04 09:04:36.965411,0.34882227092645585,277.31423295678394,276.9654106858575
2026-05-04 09:04:37.384508,0.015311188976817611,277.3998189346881,277.3845077457113
2026-05-04 09:04:37.764782,0.3488087844355359,278.11359037753124,277.7647815930957
2026-05-04 09:04:37.774971,0.018598167316541025,278.1321885448478,277.7749713785526
2026-05-04 09:04:37.895072,0.037124910033099964,278.1693134548809,277.8950719871686
2026-05-04 09:04:37.908886,0.12973656198342462,278.2990500168643,277.9088858737649
2026-05-04 09:04:38.090794,0.07323367157434373,278.3722836884387,278.0907941367986
2026-05-04 09:04:38.262386,0.01400093201158236,278.3862846204503,278.2623859135834
2026-05-04 09:04:38.570306,0.11905785896362975,278.68936399697213,278.5703061380085
2026-05-04 09:04:38.850145,0.2572581074016191,279.1074027806395,278.8501446732379
2026-05-04 09:04:40.566627,0.026477898665774227,280.59310479427256,280.5666268956068
2026-05-04 09:04:40.605314,0.20920266263208498,280.8145169273564,280.6053142647243
2026-05-04 09:04:40.643369,0.19144723801928198,281.0059641653757,280.64336938272413
2026-05-04 09:04:41.240279,0.15957270953127614,281.3998519192787,281.2402792097474
2026-05-04 09:04:42.085899,0.26811502822026384,282.3540136321992,282.08589860397893
2026-05-04 09:04:42.398984,0.11252942129337706,282.51151370016333,282.39898427886993
2026-05-04 09:04:42.604579,0.0839729748117803,282.6885519107179,282.6045789359061
2026-05-04 09:04:42.733723,0.5273277804789723,283.26105114619895,282.73372336572
2026-05-04 09:04:43.465788,0.03155519869215988,283.49734320510834,283.4657880064162
2026-05-04 09:04:44.503562,0.10620444691726952,284.60976611197185,284.5035616650546
2026-05-04 09:04:44.835063,0.06363432589219811,284.89869769030145,284.8350633644092
2026-05-04 09:04:45.588716,0.5280596424789998,286.1167754589759,285.5887158164969
2026-05-04 09:04:46.206164,0.03963856186402004,286.24580235586393,286.2061637939999
2026-05-04 09:04:46.536533,0.056765244855670374,286.5932981833141,286.53653293845844
2026-05-04 09:04:47.231226,0.17245208351838123,287.40367801824146,287.23122593472306
2026-05-04 09:04:47.231716,0.15903102144844838,287.56270903968993,287.23171602927147
2026-05-04 09:04:47.444499,0.059400718971355265,287.6221097586613,287.4444986514076
2026-05-04 09:04:47.917722,0.04197741329555784,287.9596991773243,287.9177217640287
2026-05-04 09:04:48.117102,0.2506491096385585,288.3677506902173,288.1171015805787
2026-05-04 09:04:48.309564,0.18937660008408022,288.55712729030137,288.3095640213107
2026-05-04 09:04:49.329713,0.05174460801308683,289.3814576924742,289.3297130844611
2026-05-04 09:04:49.570185,0.006984907391413099,289.57716953304765,289.5701846256562
2026-05-04 09:04:49.728963,0.026419312746796875,289.75538276335965,289.72896345061287
2026-05-04 09:04:49.766301,0.0017713530595998975,289.76807228510404,289.76630093204443
2026-05-04 09:04:50.169235,0.02271086966513854,290.1919462109818,290.16923534131666
2026-05-04 09:04:50.185145,0.16141304907457713,290.3533592600564,290.1851454712744
2026-05-04 09:04:50.395139,0.0930841570308577,290.488222846218,290.39513868918715
2026-05-04 09:04:50.592368,0.22319937001334283,290.81556702692046,290.59236765690713
2026-05-04 09:04:50.695679,0.005349532974261491,290.8209165598947,290.69567944274496
2026-05-04 09:04:51.886409,0.2309305625278596,292.1173395482581,291.8864089857302
2026-05-04 09:04:52.086775,0.08763722913357593,292.20497677739166,292.0867750531411
2026-05-04 09:04:52.682681,0.5839179768270623,293.26659930142296,292.6826813245959
2026-05-04 09:04:52.978452,0.23463280697095815,293.50123210839394,292.97845188582517
2026-05-04 09:04:53.268298,0.47094646200156953,293.9721785703955,293.2682983388218
2026-05-04 09:04:53.333788,0.15619382698832618,294.1283723973838,293.3337877385731
2026-05-04 09:04:53.403894,0.07848154147418374,294.206853938858,293.403894144799
2026-05-04 09:04:53.447528,0.1185665682218869,294.32542050707985,293.44752757061065
2026-05-04 09:04:54.275151,0.06899728013384852,294.3944177872137,294.27515119784516
2026-05-04 09:04:54.275614,0.00846009655815375,294.40287788377185,294.27561407130065
2026-05-04 09:04:54.745513,0.14562734955429596,294.8911401657892,294.7455128162349
2026-05-04 09:04:54.766817,0.33838995539772815,295.2295301211869,294.76681710638576
2026-05-04 09:04:55.376086,0.10184274791199424,295.4779283097325,295.3760855618205
2026-05-04 09:04:55.464363,0.2028226880027469,295.68075099773523,295.46436331364
2026-05-04 09:04:55.654945,0.1548298467346917,295.8355808444699,295.65494466534443
2026-05-04 09:04:55.887242,0.5501290037217537,296.43737057664976,295.887241572928
2026-05-04 09:04:56.329456,0.528334297517909,296.96570487416767,296.32945620413284
2026-05-04 09:04:56.625034,0.13461844689141042,297.1003233210591,296.62503439719717
2026-05-04 09:04:57.111035,0.2857305131427417,297.3967658753756,297.1110353622328
2026-05-04 09:04:57.846240,0.2693424638573459,298.1155826812547,297.84624021739734
2026-05-04 09:04:57.928527,0.1339298241586399,298.24951250541335,297.928526895291
2026-05-04 09:04:58.420936,0.36873749977607484,298.78967363726304,298.42093613748693
2026-05-04 09:04:59.408642,0.16009599289010418,299.5687375442237,299.40864155133363
2026-05-04 09:04:59.662742,0.635796629066178,300.29853857839595,299.66274194932976
2026-05-04 09:05:00.537820,0.01762665738972893,300.5554465694364,300.5378199120467
2026-05-04 09:05:00.649098,0.40133404224403413,301.05043233894895,300.6490982967049
2026-05-04 09:05:01.825857,0.02589837343283625,301.85175547864037,301.82585710520755
2026-05-04 09:05:02.309479,0.0006480777058905615,302.31012746427774,302.30947938657187
2026-05-04 09:05:03.642284,0.08802362482509403,303.73030719141724,303.64228356659214
2026-05-04 09:05:03.677424,0.03077995294472763,303.76108714436197,303.6774241782928
2026-05-04 09:05:03.868808,0.007416140958982468,303.8762238139709,303.86880767301193
2026-05-04 09:05:04.891824,0.024267591647824615,304.9160914691896,304.8918238775418
2026-05-04 09:05:05.441511,0.35951271043222577,305.801023601926,305.44151089149375
2026-05-04 09:05:05.467201,0.0356261486279772,305.83664975055393,305.46720062654236
2026-05-04 09:05:06.360351,0.21833329367474988,306.5786840201181,306.36035072644336
2026-05-04 09:05:06.570140,0.06899335856882081,306.6476773786869,306.57013975691945
2026-05-04 09:05:06.696135,0.3010269172394244,306.9971615634203,306.6961346461809
2026-05-04 09:05:07.005654,0.3482193168647447,307.3538736635956,307.00565434673086
2026-05-04 09:05:07.207925,0.2771864304903981,307.631060094086,307.20792475790074
2026-05-04 09:05:07.311940,0.10607408706281285,307.73713418114886,307.3119402433466
2026-05-04 09:05:07.780980,0.23061040160715296,308.0115904588174,307.78098005721023
2026-05-04 09:05:08.516077,0.6304616912680181,309.1465382114725,308.5160765202045
2026-05-04 09:05:08.851604,0.21480871930787512,309.36134693078037,308.8516042863612
2026-05-04 09:05:09.138678,0.09050776598361282,309.451854696764,309.13867835862715
2026-05-04 09:05:09.254931,0.12037835893224523,309.57223305569624,309.25493082380274
2026-05-04 09:05:09.671585,0.2921938543520894,309.9637789161264,309.6715850617743
2026-05-04 09:05:09.749999,0.04090120402342032,310.0046801201498,309.7499993735664
2026-05-04 09:05:09.757156,0.07828828232563854,310.08296840247544,309.757156029544
2026-05-04 09:05:10.502819,0.15740528361066525,310.6602239553424,310.50281867173175
2026-05-04 09:05:10.642451,0.0024868857806326777,310.66271084112304,310.6424506411778
2026-05-04 09:05:11.145428,0.09255830635993675,311.237986470896,311.14542816453604
2026-05-04 09:05:11.575593,0.44978396896710165,312.0253765422178,311.57559257325073
2026-05-04 09:05:12.047549,0.003153950374568334,312.0507031629351,312.04754921256057
2026-05-04 09:05:12.182686,0.26288636338823784,312.4455727697081,312.1826864063199
2026-05-04 09:05:12.671422,0.3665425502020652,313.0379645465881,312.6714219963861
2026-05-04 09:05:13.037716,0.27051668517460603,313.3084812317627,313.03771626859435
2026-05-04 09:05:13.260409,0.38462960573308735,313.6931108374958,313.26040858725923
2026-05-04 09:05:13.388442,0.22615395972440547,313.9192647972202,313.38844191685416
2026-05-04 09:05:13.447323,0.5220281454423842,314.4412929426626,313.4473230422412
2026-05-04 09:05:13.744553,0.10193145216114415,314.5432243948237,313.74455262715014
2026-05-04 09:05:14.005859,0.01889110160933581,314.562115496433,314.00585884746835
2026-05-04 09:05:14.376400,0.057044068299176465,314.6191595647322,314.37639979113953
2026-05-04 09:05:14.814481,0.4044276985333706,315.21890910852807,314.8144814099947
2026-05-04 09:05:14.907562,0.048720911027939136,315.267630019556,314.9075621839269
2026-05-04 09:05:15.225166,0.09198084870634057,315.35961086826234,315.2251664567742
2026-05-04 09:05:15.791495,0.5612325537010563,316.35272773364375,315.7914951799427
2026-05-04 09:05:16.708592,0.010121646948669818,316.7187132303868,316.70859158343814
2026-05-04 09:05:17.556102,0.28427487393669865,317.84037657806255,317.55610170412587
2026-05-04 09:05:18.347726,0.041198593666581455,318.38892469657856,318.34772610291196
2026-05-04 09:05:18.629322,0.4787329069621433,319.1080549703411,318.62932206337894
2026-05-04 09:05:18.915677,0.026194307030108867,319.13424927737117,318.91567666421594
2026-05-04 09:05:19.428332,0.003954498286800722,319.4322860247528,319.42833152646597
2026-05-04 09:05:19.778393,0.051189231987843226,319.82958242621385,319.778393194226
2026-05-04 09:05:19.826699,0.004410291783529348,319.8339927179974,319.82669934362076
2026-05-04 09:05:19.970010,0.09476999802505541,320.0647799206939,319.97000992266885
2026-05-04 09:05:20.155163,0.008602709213142502,320.1637656757514,320.1551629665382
2026-05-04 09:05:20.406299,0.0429778291315161,320.4492771521354,320.40629932300385
2026-05-04 09:05:20.449223,0.34574261501124215,320.79501976714664,320.44922344663036
2026-05-04 09:05:20.832238,0.030586623495034427,320.8628245242903,320.8322379007953
2026-05-04 09:05:20.933104,0.19666798046634168,321.1297719437091,320.9331039632428
2026-05-04 09:05:21.117866,0.22665665588603298,321.3564285995951,321.1178657847068
2026-05-04 09:05:21.142682,0.2677491112658377,321.624177710861,321.142682230812
2026-05-04 09:05:21.390184,0.09210666509596452,321.71628437595695,321.3901839059868
2026-05-04 09:05:21.800636,0.15714624774669603,321.95778239048985,321.80063614274314
2026-05-04 09:05:22.063113,0.3340203893041795,322.3971337952197,322.06311340591554
2026-05-04 09:05:22.156687,0.5928136799243254,322.98994747514405,322.156687069828
2026-05-04 09:05:22.190747,0.013876763238456328,323.0038242383825,322.1907473125804
2026-05-04 09:05:22.317636,0.02334813511095639,323.02717237349344,322.31763600543917
2026-05-04 09:05:22.696631,0.3072226053872167,323.33439497888065,322.696631223365
2026-05-04 09:05:22.823318,0.423282706229628,323.75767768511025,322.823317706021
2026-05-04 09:05:23.232932,0.34494613225981835,324.10262381737004,323.23293155566137
2026-05-04 09:05:24.122417,0.10150219990387255,324.22391925335444,324.1224170534506
2026-05-04 09:05:24.425445,0.41745789466867783,324.8429029277393,324.4254450330706
2026-05-04 09:05:24.871208,0.04845607720777801,324.9196637972311,324.87120772002334
2026-05-04 09:05:25.104492,0.08578451695312816,325.19027609616325,325.1044915792101
2026-05-04 09:05:25.388736,0.1745466329216337,325.56328265316625,325.3887360202446
2026-05-04 09:05:25.418584,0.49070529015256537,326.0539879433188,325.4185837025458
2026-05-04 09:05:25.490905,0.12444269789663043,326.17843064121547,325.4909052515785
2026-05-04 09:05:25.684678,0.0828933219100615,326.2613239631255,325.684677756758
2026-05-04 09:05:25.976076,0.22692966943444512,326.48825363256,325.97607600091396
2026-05-04 09:05:26.106580,0.07369183157552893,326.5619454641355,326.1065803623406
2026-05-04 09:05:26.659143,0.055069509920864804,326.71421277359167,326.6591432636708
2026-05-04 09:05:26.828721,0.13149141182858273,326.96021217880383,326.82872076697527
2026-05-04 09:05:27.129856,0.2634159383424826,327.39327217072486,327.1298562323824
2026-05-04 09:05:27.165007,0.0027506106312859212,327.3960227813561,327.1650068833164
2026-05-04 09:05:27.829670,0.07096742766902021,327.9006375379961,327.8296701103271
2026-05-04 09:05:28.327936,0.022611749883948144,328.35054756797,328.3279358180861
2026-05-04 09:05:28.954585,0.08018669275067826,329.0347718007751,328.95458510802445
2026-05-04 09:05:29.491904,0.12573650773806475,329.6176403821947,329.4919038744566
2026-05-04 09:05:29.811519,0.21854808101594597,330.0300670291794,329.81151894816344
2026-05-04 09:05:30.059270,0.005179982786287936,330.0644498291769,330.05926984639063
2026-05-04 09:05:30.353949,0.1943723754678652,330.54832131095435,330.35394893548647
2026-05-04 09:05:31.123280,0.17912147915853754,331.3024013752795,331.12327989612095
2026-05-04 09:05:31.126281,0.5966576981008227,331.89905907338033,331.1262811306578
2026-05-04 09:05:31.178364,0.2778579351854185,332.17691700856574,331.1783635635955
2026-05-04 09:05:31.259609,0.2032329465825313,332.3801499551483,331.25960898416383
2026-05-04 09:05:31.556970,0.28621239512515,332.66636235027346,331.5569703592387
2026-05-04 09:05:31.638631,0.06530671980990525,332.73166907008334,331.6386305216682
2026-05-04 09:05:32.591295,0.09411083858155606,332.8257799086649,332.59129457228266
2026-05-04 09:05:32.705091,0.009988887948942171,332.8357687966139,332.7050906301621
2026-05-04 09:05:33.027957,0.0578679162310262,333.08582478942594,333.0279568731949
2026-05-04 09:05:33.093989,0.29768195550087,333.3916707951949,333.093988839694
2026-05-04 09:05:33.226872,0.11149413119213569,333.50316492638706,333.22687201291285
2026-05-04 09:05:33.597359,0.10913472389454804,333.7064935352573,333.59735881136277
2026-05-04 09:05:33.784336,0.08789285996004902,333.87222869268396,333.7843358327239
2026-05-04 09:05:33.789963,0.0897085550720515,333.961937247756,333.78996263802003
2026-05-04 09:05:35.156711,0.18210810011782394,335.33881922633464,335.1567111262168
2026-05-04 09:05:35.768670,0.010474827724596894,335.77914515788035,335.76867033015577
2026-05-04 09:05:35.932078,0.09600615892734397,336.02808430479206,335.9320781458647
2026-05-04 09:05:36.133906,0.003899479322221639,336.1378052514749,336.1339057721527
2026-05-04 09:05:37.473933,0.15419793765435363,337.6281314062277,337.4739334685733
2026-05-04 09:05:37.676835,0.22980564960129085,337.9066401744305,337.6768345248292
2026-05-04 09:05:37.693233,0.07956065196122654,337.9862008263917,337.69323274532127
2026-05-04 09:05:37.717314,0.08354701520447293,338.0697478415962,337.7173137680274
2026-05-04 09:05:38.968743,0.053818707254588385,339.0225616527456,338.968742945491
2026-05-04 09:05:39.606846,0.1207445314085927,339.7275904269984,339.6068458955898
2026-05-04 09:05:39.946606,0.239925311083779,340.18653083601254,339.94660552492877
2026-05-04 09:05:40.156154,0.04299614846495891,340.2295269844775,340.1561544077103
2026-05-04 09:05:40.562820,0.032369381710182624,340.59518948915047,340.5628201074403
2026-05-04 09:05:41.143646,0.1785459782049481,341.32219233005793,341.14364635185296
2026-05-04 09:05:41.295162,0.3355359421787987,341.65772827223674,341.29516152910554
2026-05-04 09:05:41.738358,0.1267812862928521,341.8651393909645,341.73835810467165
2026-05-04 09:05:41.971078,0.3605042953848221,342.3315822672154,341.9710779718306
2026-05-04 09:05:41.975126,0.16249516671534178,342.4940774339308,341.9751257778741
2026-05-04 09:05:42.368133,0.12717471625785934,342.62125215018864,342.3681333424724
2026-05-04 09:05:43.009679,0.3547304153272158,343.3644091530472,343.00967873772
2026-05-04 09:05:43.784057,0.20085321434283665,343.9849104283852,343.7840572140424
2026-05-04 09:05:43.856200,0.23811472728443903,344.22302515566963,343.8561999248273
2026-05-04 09:05:44.283863,0.21854418225144823,344.50240760739246,344.283863425141
2026-05-04 09:05:44.506399,0.13707060557479825,344.6434699078257,344.5063993022509
2026-05-04 09:05:44.753672,0.25787798055995365,345.01155044591377,344.7536724653538
2026-05-04 09:05:45.030943,0.09499341514491753,345.1259360590756,345.0309426439307
2026-05-04 09:05:45.436713,0.3170971939533546,345.7538098493115,345.4367126553581
2026-05-04 09:05:45.697544,0.45382907089574487,346.2076389202072,345.6975437240025
2026-05-04 09:05:45.915626,0.439768419731937,346.64740733993915,345.91562597071817
2026-05-04 09:05:46.337460,0.028017269582027313,346.6754246095212,346.3374597321734
2026-05-04 09:05:46.448576,0.23785303726931384,346.9132776467905,346.4485756217474
2026-05-04 09:05:46.685245,0.08479972594374814,346.99807737273426,346.6852446554108
2026-05-04 09:05:47.245009,0.30470569380273527,347.54971439276653,347.2450086989638
2026-05-04 09:05:47.371816,0.22105086558929143,347.7707652583558,347.3718157392925
2026-05-04 09:05:47.413675,0.060256691200852475,347.83102194955666,347.4136745110126
2026-05-04 09:05:48.426090,0.09083066975922688,348.516920813372,348.4260901436128
2026-05-04 09:05:49.053171,0.24614297674786664,349.29931351304896,349.0531705363011
2026-05-04 09:05:49.479091,0.1315851105756026,349.6106761217509,349.4790910111753
2026-05-04 09:05:49.628488,0.059073215931310236,349.68756102645574,349.6284878105244
2026-05-04 09:05:50.448181,0.1369919147590163,350.58517265514695,350.44818074038795
2026-05-04 09:05:51.023548,0.5974680516860112,351.6210164729614,351.0235484212754
2026-05-04 09:05:51.180898,0.026908510323583726,351.647924983285,351.18089800851163
2026-05-04 09:05:51.210256,0.026679984437059153,351.6746049677221,351.21025632223154
2026-05-04 09:05:51.511823,0.4140524604422397,352.0886574281643,351.51182309451286
2026-05-04 09:05:51.680729,0.7142117281124483,352.80286915627676,351.68072948374964
2026-05-04 09:05:51.696694,0.5105505182501303,353.31341967452687,351.696694390335
2026-05-04 09:05:51.764702,0.11758355288100297,353.43100322740787,351.76470197227974
2026-05-04 09:05:51.945227,0.03420978205297131,353.46521300946085,351.9452266284345
2026-05-04 09:05:52.294508,0.18298294636493262,353.64819595582577,352.2945078320487
2026-05-04 09:05:52.322613,0.34010450411999293,353.9883004599458,352.3226130356557
2026-05-04 09:05:52.597158,0.04744494034618071,354.03574540029194,352.59715842142737
2026-05-04 09:05:52.659178,0.06571002850096046,354.1014554287929,352.6591781862034
2026-05-04 09:05:53.218734,0.034202709723711845,354.13565813851665,353.21873422819584
2026-05-04 09:05:53.242270,0.2531505762615142,354.3888087147782,353.2422698793025
2026-05-04 09:05:54.015512,0.3736604299356504,354.7624691447138,354.01551216039485
2026-05-04 09:05:54.228415,0.15111530778369076,354.9135844524975,354.2284154691886
2026-05-04 09:05:54.426726,0.6038160853382128,355.5174005378357,354.42672585015583
2026-05-04 09:05:54.615051,0.36680913433743073,355.88420967217314,354.61505147670465
2026-05-04 09:05:54.653158,0.06193963156326707,355.94614930373643,354.653158358085
2026-05-04 09:05:54.724566,0.2013471372787112,356.14749644101516,354.7245663456503
2026-05-04 09:05:54.888720,0.09990917884651956,356.2474056198617,354.88871954497534
2026-05-04 09:05:54.891723,0.29152602866361804,356.5389316485253,354.8917227511208
2026-05-04 09:05:56.665763,0.14950239412657457,356.81526575703526,356.6657633629087
2026-05-04 09:05:57.079014,0.04003432577625449,357.11904860149554,357.07901427571926
2026-05-04 09:05:57.597665,0.30489928505674646,357.9025640719249,357.59766478686817
2026-05-04 09:05:58.329151,0.3448845175519789,358.67403536154467,358.3291508439927
2026-05-04 09:05:58.665787,0.01199929365098351,358.68603465519567,358.66578668021333
2026-05-04 09:05:58.788953,0.2450211733120109,359.03397415582447,358.78895298251246
2026-05-04 09:05:58.889427,0.1769407012422693,359.2109148570667,358.88942731144135
2026-05-04 09:05:58.949282,0.011414238699099204,359.2223290957658,358.9492823699005
2026-05-04 09:05:59.336771,0.010015447568099252,359.34678676867503,359.33677132110694
2026-05-04 09:05:59.342439,0.07579328385911202,359.42258005253416,359.342438592535
2026-05-04 09:06:00.532971,0.4782325298569947,361.0112040078367,360.5329714779797
2026-05-04 09:06:00.641287,0.01629410073108725,361.0274981085678,360.6412874469637
2026-05-04 09:06:00.980378,0.31442775138345697,361.34192585995123,360.98037814065657
2026-05-04 09:06:01.033014,0.05268709761594224,361.3946129575672,361.03301399800466
2026-05-04 09:06:01.131257,0.1367997069863852,361.53141266455356,361.13125707739647
2026-05-04 09:06:03.082521,0.1841725236174053,363.26669356162796,363.08252103801055
2026-05-04 09:06:03.545926,0.0968572148345921,363.642783271073,363.5459260562384
2026-05-04 09:06:03.658832,0.0003122979059484213,363.65914428870155,363.6588319907956
2026-05-04 09:06:03.824126,0.303117312577182,364.12724329460946,363.8241259820323
2026-05-04 09:06:04.284104,0.436348309783911,364.7204525005041,364.2841041907202
2026-05-04 09:06:04.319424,0.20737012050365722,364.92782262100775,364.3194240657794
2026-05-04 09:06:05.273466,0.598710252582495,365.87217639637515,365.27346614379263
2026-05-04 09:06:05.754077,0.2687544408745521,366.1409308372497,365.7540769091618
2026-05-04 09:06:05.940503,0.1686614070947834,366.30959224434446,365.94050250451784
2026-05-04 09:06:06.533168,0.3655161838588122,366.8986841737472,366.5331679898884
2026-05-04 09:06:06.957614,0.13849635601145494,367.0961105111523,366.95761415514085
2026-05-04 09:06:07.257761,0.1817431319950379,367.4395044788969,367.2577613469018
2026-05-04 09:06:07.382367,0.03978861999520884,367.4792930988921,367.38236700092057
2026-05-04 09:06:07.399875,0.2061242688030398,367.6854173676951,367.3998748270556
2026-05-04 09:06:07.409862,0.15914615004575353,367.8445635177408,367.4098615003296
2026-05-04 09:06:07.511103,0.11730264562347517,367.9618661633643,367.51110319720044
2026-05-04 09:06:08.452835,0.015797298530263525,368.468631907725,368.4528346091947
2026-05-04 09:06:08.974470,0.010063320238922382,368.98453298655994,368.974469666321
2026-05-04 09:06:09.216607,0.012004697000278276,369.2286112921099,369.2166065951096
2026-05-04 09:06:09.535738,0.04838615132429187,369.5841246430836,369.53573849175933
2026-05-04 09:06:10.070251,0.17727605122393442,370.2475266428181,370.0702505915942
2026-05-04 09:06:10.276196,0.047480526134492794,370.32367700721215,370.27619648107765
2026-05-04 09:06:10.531698,0.06335688110980425,370.59505526098434,370.5316983798745
2026-05-04 09:06:10.595701,0.01954301009134625,370.61524368631365,370.5957006762223
2026-05-04 09:06:10.740917,0.056299328079791815,370.7972161855123,370.7409168574325
2026-05-04 09:06:11.681844,0.5871756018745822,372.26901911031365,371.68184350843904
2026-05-04 09:06:12.097841,0.5302879245680429,372.7993070348817,372.09784112324587
2026-05-04 09:06:12.362452,0.17563215788061703,372.9749391927623,372.3624518168909
2026-05-04 09:06:12.473098,0.08279041689348404,373.0577296096558,372.4730979842029
2026-05-04 09:06:12.695862,0.3008631845731201,373.3585927942289,372.69586176720225
2026-05-04 09:06:12.961280,0.19945335425607522,373.558046148485,372.96128002279715
2026-05-04 09:06:12.990401,0.21600555958462875,373.77405170806963,372.9904006507625
2026-05-04 09:06:13.081412,0.002914945659984055,373.77696665372963,373.0814123927839
2026-05-04 09:06:13.135332,0.0037505495858455432,373.7807172033155,373.1353319675864
2026-05-04 09:06:13.137513,0.2523768792761325,374.0330940825916,373.13751288057915
2026-05-04 09:06:14.251762,0.42316934243843074,374.6749314278284,374.25176208539
2026-05-04 09:06:14.306432,0.0219067793886181,374.69683820721707,374.3064322747411
2026-05-04 09:06:14.423390,0.45157875481889687,375.148416962036,374.4233901439251
2026-05-04 09:06:14.459893,0.09239475125685997,375.2408117132928,374.45989348026654
2026-05-04 09:06:14.510331,0.08584866729287619,375.3266603805857,374.510331441868
2026-05-04 09:06:14.588066,0.10470417447191749,375.4313645550576,374.5880663325353
2026-05-04 09:06:14.592438,0.6845660364551267,376.1159305915127,374.5924384171038
2026-05-04 09:06:14.794899,0.21426616188603662,376.33019675339875,374.7948986312753
2026-05-04 09:06:15.047589,0.03064059618608765,376.3608373495848,375.0475886163239
2026-05-04 09:06:16.323447,0.13598998246702806,376.49682733205185,376.3234472347526
2026-05-04 09:06:16.396972,0.5091165166580541,377.00594384870993,376.396972187545
2026-05-04 09:06:16.464972,0.2278291568566954,377.2337730055666,376.46497234724694
2026-05-04 09:06:16.509353,0.34981084794068906,377.5835838535073,376.50935281252475
2026-05-04 09:06:16.593427,0.47774047151931154,378.06132432502665,376.5934273195064
2026-05-04 09:06:16.809582,0.21661498975911156,378.2779393147858,376.8095824284222
2026-05-04 09:06:17.365776,0.1427057182377522,378.42064503302356,377.36577552500165
2026-05-04 09:06:17.735218,0.6516169865612453,379.0722620195848,377.73521803044076
2026-05-04 09:06:17.754613,0.32944792220706215,379.40170994179186,377.75461319162406
2026-05-04 09:06:17.892820,0.02471221949052615,379.4264221612824,377.89282023953507
2026-05-04 09:06:18.027709,0.1807370147493761,379.60715917603176,378.027709170512
2026-05-04 09:06:18.215131,0.1584522418393386,379.76561141787107,378.21513082607197
2026-05-04 09:06:18.361137,0.34011106807030234,380.1057224859414,378.3611374084624
2026-05-04 09:06:18.457824,0.2221088138368561,380.32783129977827,378.45782449387013
2026-05-04 09:06:18.619814,0.12933065398644905,380.45716195376474,378.6198144144695
2026-05-04 09:06:18.728351,0.13667404242400424,380.5938359961887,378.72835114520007
2026-05-04 09:06:18.965021,0.09039150783098583,380.6842275040197,378.96502130742994
2026-05-04 09:06:18.979173,0.7051748860263397,381.38940239004603,378.9791727580088
2026-05-04 09:06:19.016689,0.06496842307084626,381.4543708131169,379.0166889541138
2026-05-04 09:06:19.462435,0.011609673167847227,381.46598048628476,379.4624347299743
2026-05-04 09:06:19.545354,0.016144648719430856,381.4821251350042,379.5453540990015
2026-05-04 09:06:19.678262,0.024532855015593664,381.5066579900198,379.6782619173257
2026-05-04 09:06:20.106350,0.00913330072704957,381.51579129074685,380.1063500737281
2026-05-04 09:06:20.609011,0.02376030489957692,381.5395515956464,380.60901074036843
2026-05-04 09:06:20.876438,0.6082230838319377,382.14777467947835,380.876437943841
2026-05-04 09:06:21.172282,0.3232723214814186,382.47104700095974,381.1722818460776
2026-05-04 09:06:21.242585,0.366294035963064,382.8373410369228,381.24258481457906
2026-05-04 09:06:21.280272,0.3284555905084676,383.16579662743123,381.28027235493926
2026-05-04 09:06:21.323185,0.003267220874093436,383.1690638483053,381.3231847949278
2026-05-04 09:06:21.531449,0.4548352542094195,383.6238991025147,381.5314485937958
2026-05-04 09:06:21.726418,0.010878396526119816,383.6347774990408,381.72641785889857
2026-05-04 09:06:21.858265,0.004670815079501256,383.63944831412033,381.85826495426136
2026-05-04 09:06:22.566199,0.21668945531052422,383.85613776943086,382.566198559107
2026-05-04 09:06:22.929855,0.052552782924141166,383.908690552355,382.92985482853567
2026-05-04 09:06:22.937158,0.03488344415134622,383.9435739965063,382.93715792418
2026-05-04 09:06:23.245654,0.6960047505764017,384.6395787470827,383.2456544376581
2026-05-04 09:06:23.337410,0.3451228814904274,384.98470162857313,383.3374098385573
2026-05-04 09:06:23.589022,0.08473826630322781,385.0694398948764,383.58902214721667
2026-05-04 09:06:23.852091,0.23992129008092122,385.3093611849573,383.85209053489444
2026-05-04 09:06:23.877268,0.23534940332613621,385.54471058828346,383.87726787557864
2026-05-04 09:06:24.060217,0.080356042225081,385.62506663050857,384.06021744898914
2026-05-04 09:06:24.110333,0.094345052086361,385.7194116825949,384.1103329343256
2026-05-04 09:06:24.298237,0.04753090026862031,385.7669425828635,384.2982365854514
2026-05-04 09:06:24.330258,0.10901519181737603,385.8759577746809,384.3302580751821
2026-05-04 09:06:24.444033,0.058001408264936265,385.93395918294584,384.44403261767616
2026-05-04 09:06:24.917361,0.8690358010733805,386.8029949840192,384.9173605375328
2026-05-04 09:06:24.981534,0.01815904043606487,386.82115402445527,384.9815336831572
2026-05-04 09:06:25.219678,0.03644700694500703,386.8576010314003,385.21967803582874
2026-05-04 09:06:25.996078,0.11628882292441478,386.9738898543247,385.99607759853603
2026-05-04 09:06:26.452648,0.30135070290764077,387.27524055723234,386.4526477479854
2026-05-04 09:06:26.753503,0.19828299516040662,387.47352355239275,386.75350319145514
2026-05-04 09:06:26.964719,0.10391407130548401,387.57743762369824,386.96471863245574
2026-05-04 09:06:27.687579,0.038386816713641046,387.7259657358831,387.6875789191695
2026-05-04 09:06:27.704703,0.15488096331372395,387.8808466991968,387.70470257060487
2026-05-04 09:06:28.093278,0.03707708682867892,388.1303553388066,388.09327825197795
2026-05-04 09:06:28.775175,0.06570347399299563,388.84087854506924,388.77517507107626
2026-05-04 09:06:28.968906,0.06475045604413217,389.03365618125554,388.9689057252114
2026-05-04 09:06:29.205836,0.08702097909121824,389.2928571266738,389.2058361475826
2026-05-04 09:06:29.422318,0.7174700219339745,390.1397879645473,389.4223179426133
2026-05-04 09:06:29.727797,0.1903085457185037,390.3300965102658,389.72779678237504
2026-05-04 09:06:30.168369,0.015790827594023265,390.3458873378598,390.1683694753436
2026-05-04 09:06:30.181699,0.12912944821286662,390.4750167860727,390.18169909120786
2026-05-04 09:06:30.533876,0.002735728544267415,390.53661132936196,390.5338756008177
2026-05-04 09:06:30.666999,0.1857124844769598,390.85271178177504,390.6669992972981
2026-05-04 09:06:31.464813,0.0356918071562145,391.5005047421936,391.46481293503734
2026-05-04 09:06:31.757190,0.21415316569587045,391.97134298377557,391.7571898180797
2026-05-04 09:06:31.873656,0.1784336892664251,392.14977667304197,391.8736560910503
2026-05-04 09:06:32.405202,0.2048414618319524,392.6100430433097,392.40520158147774
2026-05-04 09:06:32.575916,0.05303657469686184,392.6630796180066,392.5759158508562
2026-05-04 09:06:32.950456,0.07760170851317943,393.0280577429519,392.95045603443873
2026-05-04 09:06:33.487827,0.07896133112907683,393.5667881888909,393.48782685776183
2026-05-04 09:06:33.791514,0.055201782541565075,393.8467160782392,393.7915142956976
2026-05-04 09:06:34.248790,0.025212757690924677,394.274003096409,394.24879033871804
2026-05-04 09:06:34.289808,0.2507613810314813,394.5405696593965,394.289808278365
2026-05-04 09:06:34.451661,0.11360887712401604,394.65417853652053,394.45166086325247
2026-05-04 09:06:34.650648,0.279276553520531,394.93345509004104,394.6506479962269
2026-05-04 09:06:34.666014,0.10353660438868631,395.03699169442973,394.6660136097451
2026-05-04 09:06:35.135577,0.05187831891071677,395.1874552905618,395.13557697165106
2026-05-04 09:06:35.166980,0.297424985560885,395.4848802761227,395.16698019052
2026-05-04 09:06:35.284102,0.23105433949512422,395.7159346156178,395.2841021159164
2026-05-04 09:06:35.319965,0.16757413719646372,395.8835087528143,395.31996488480837
2026-05-04 09:06:35.323756,0.031214781678642903,395.91472353449296,395.32375649049834
2026-05-04 09:06:35.350387,0.06671742046778381,395.98144095496076,395.3503868480152
2026-05-04 09:06:36.279865,0.27269723106734006,396.5525619621008,396.27986473103346
2026-05-04 09:06:36.482008,0.4233329549357035,396.9758949170365,396.4820080537359
2026-05-04 09:06:37.933193,1.149042268456826,399.08223550782253,397.9331932393657
2026-05-04 09:06:37.957912,0.5563104852384193,399.638545993061,397.9579122428068
2026-05-04 09:06:38.255343,0.5090903032187588,400.14763629627976,398.2553433128167
2026-05-04 09:06:38.413401,0.0489566996120784,400.1965929958918,398.41340069790317
2026-05-04 09:06:39.539745,0.38092104883701283,400.57751404472884,399.5397448263901
2026-05-04 09:06:39.960366,0.4227277542324435,401.00024179896127,399.9603658354458
2026-05-04 09:06:40.288563,0.217816606158119,401.2180584051194,400.28856260933446
2026-05-04 09:06:40.546766,0.14385765031726627,401.36191605543667,400.54676643412756
2026-05-04 09:06:40.756050,0.1616550403140875,401.52357109575075,400.75605040822586
2026-05-04 09:06:41.174174,0.028475552749050215,401.5520466484998,401.1741739156579
2026-05-04 09:06:41.255570,0.48782047784927374,402.03986712634907,401.25557008605443
2026-05-04 09:06:41.278721,0.026137291401361507,402.06600441775043,401.27872082344254
2026-05-04 09:06:41.814196,0.10299545597676896,402.1689998737272,401.81419584036036
2026-05-04 09:06:41.817065,0.0018721445690614677,402.1708720182963,401.81706538665276
2026-05-04 09:06:42.176128,0.014798962239524656,402.19092649401347,402.17612753177394
2026-05-04 09:06:42.485362,0.14365302368783806,402.62901539053473,402.4853623668469
2026-05-04 09:06:42.943665,0.15813970196703517,403.10180483261763,402.9436651306506
2026-05-04 09:06:43.151223,0.3226610206284302,403.4738843935351,403.1512233729067
2026-05-04 09:06:43.498530,0.03487681022498223,403.53340683830265,403.49853002807765
2026-05-04 09:06:44.323459,0.6313718997127512,404.9548310683587,404.32345916864597
2026-05-04 09:06:45.150407,0.33471136664016193,405.48511865442305,405.1504072877829
2026-05-04 09:06:45.318626,0.1188502521460073,405.60396890656904,405.3186255403865
2026-05-04 09:06:45.438737,0.1833050226622569,405.7872739292313,405.4387371592893
2026-05-04 09:06:45.690547,0.2106552327649237,405.9979291619962,405.69054722832504
2026-05-04 09:06:46.004921,0.01054097843123861,406.0154619508949,406.00492097246365
2026-05-04 09:06:46.034746,0.03299975527022392,406.0677460901544,406.0347463348842
2026-05-04 09:06:46.168705,0.6247335118449457,406.79343885036417,406.1687053385192
2026-05-04 09:06:47.883560,0.0588652770690987,407.9424253852936,407.88356010822446
2026-05-04 09:06:48.130218,0.03480263708824229,408.16502036289023,408.13021772580197
2026-05-04 09:06:48.281168,0.03740045699200117,408.31856886062627,408.2811684036343
2026-05-04 09:06:48.550697,0.045373608860366926,408.59607098273915,408.5506973738788
2026-05-04 09:06:48.592029,0.4115020680497907,409.00757305078895,408.59202945858567
2026-05-04 09:06:49.170541,0.3650826724492126,409.53562339671487,409.17054072426566
2026-05-04 09:06:49.374303,0.05064551392644905,409.5862689106413,409.3743028615964
2026-05-04 09:06:49.886478,0.04170289627480376,409.92818092262183,409.88647802634705
2026-05-04 09:06:50.048810,0.2916804459499538,410.3404900363017,410.0488095903517
2026-05-04 09:06:50.172438,0.02137228614250605,410.36186232244415,410.1724381542427
2026-05-04 09:06:50.381471,0.05708803523591134,410.4385586739137,410.3814706386778
2026-05-04 09:06:50.383418,0.16682622221942184,410.6053848961331,410.3834184807202
2026-05-04 09:06:50.603220,0.044023885753282116,410.6494087818864,410.6032196685538
2026-05-04 09:06:50.620432,0.048693736713335954,410.69810251859974,410.62043156307305
2026-05-04 09:06:51.150646,0.021828104397103296,411.1724744051895,411.1506463007924
2026-05-04 09:06:52.955157,0.012284060316983772,412.967440896799,412.95515683648205
2026-05-04 09:06:53.901832,0.14585453130742151,414.04768628052153,413.9018317492141
2026-05-04 09:06:53.936976,0.0607833221368364,414.1084696026584,413.9369756932902
2026-05-04 09:06:54.008622,0.2996088073606214,414.408078410019,414.0086215836145
2026-05-04 09:06:54.043273,0.38162488382090404,414.7897032938399,414.04327261703594
2026-05-04 09:06:54.214476,0.024335084904980823,414.8140383787449,414.2144757462937
2026-05-04 09:06:54.329115,0.15930944733475907,414.97334782607965,414.3291153314252
2026-05-04 09:06:54.500463,0.23123119698455394,415.2045790230642,414.5004630180235
2026-05-04 09:06:55.223468,0.6655468419635605,415.889014363093,415.22346752112946
2026-05-04 09:06:55.682596,0.03287491755326453,415.92188928064627,415.68259636768755
2026-05-04 09:06:55.824845,0.26182106330268967,416.183710343949,415.82484507449726
2026-05-04 09:06:56.064209,0.03256906479556042,416.2162794087445,416.06420910660967
2026-05-04 09:06:56.238733,0.40133989109575285,416.64007304334814,416.2387331522524
2026-05-04 09:06:56.343192,0.016994241519801934,416.65706728486794,416.34319225288897
2026-05-04 09:06:56.438855,0.25642356129454935,416.91349084616246,416.4388549636823
2026-05-04 09:06:56.478561,0.17427297527296792,417.08776382143543,416.4785614438338
2026-05-04 09:06:57.357878,0.003031157797806709,417.3609092872912,417.3578781294934
2026-05-04 09:06:57.452859,0.18133241411349366,417.6341911654299,417.4528587513164
2026-05-04 09:06:58.578104,0.02514183912964635,418.6032462361245,418.57810439699483
2026-05-04 09:06:58.643999,0.9824974954715169,419.62649631597196,418.6439988205004
2026-05-04 09:06:59.658034,0.4177953314107232,420.0758294833872,419.6580341519765
2026-05-04 09:07:00.782458,0.28650318876441255,421.0689616623667,420.7824584736023
2026-05-04 09:07:00.832456,0.1100776326493951,421.1790392950161,420.83245634428823
2026-05-04 09:07:01.055558,0.054094122252702985,421.2331334172688,421.05555790092643
2026-05-04 09:07:01.201822,0.23466458488183717,421.46779800215063,421.2018219807181
2026-05-04 09:07:01.206781,0.05685809845905615,421.52465610060966,421.20678141813397
2026-05-04 09:07:01.759202,0.6813718167940601,422.440573893986,421.75920207719196
2026-05-04 09:07:01.943287,0.10972471737880014,422.55029861136484,421.94328731289636
2026-05-04 09:07:02.352762,0.38661307478009954,422.9369116861449,422.35276189701904
2026-05-04 09:07:02.864670,0.0005328315163613555,422.9374445176613,422.86466953380585
2026-05-04 09:07:03.657079,0.25010943404913627,423.90718854315037,423.65707910910123
2026-05-04 09:07:04.360789,0.03705936692202238,424.3978481491167,424.36078878219473
2026-05-04 09:07:04.878311,0.1079437825940372,424.9862552443477,424.8783114617537
2026-05-04 09:07:05.990684,0.03855460523046775,426.02923861459277,425.9906840093623
2026-05-04 09:07:06.157696,0.02372105748532494,426.1814170452104,426.1576959877251
2026-05-04 09:07:06.273456,0.1287719444149496,426.40222785310266,426.2734559086877
2026-05-04 09:07:06.307745,0.03965390945471795,426.4418817625574,426.30774509093203
2026-05-04 09:07:06.723551,0.07091200268936985,426.7944629146929,426.7235509120035
2026-05-04 09:07:06.975636,0.1196724121579222,427.0953079300484,426.9756355178905
2026-05-04 09:07:07.566697,0.03568186762306965,427.60237903928265,427.5666971716596
2026-05-04 09:07:07.723116,0.24341618499361287,427.96653220839056,427.7231160233969
2026-05-04 09:07:09.173959,0.6891307252219536,429.8630901472006,429.1739594219786
2026-05-04 09:07:09.701284,0.17084862702291767,430.0339387742235,429.7012838886908
2026-05-04 09:07:09.752070,0.3910114682594619,430.42495024248296,429.7520697095688
2026-05-04 09:07:10.038032,0.12131054118630039,430.54626078366925,430.0380315523008
2026-05-04 09:07:10.140150,0.06839653892881237,430.6146573225981,430.14015024339557
2026-05-04 09:07:10.359316,0.016070736690162016,430.63072805928823,430.3593157857477
2026-05-04 09:07:10.553134,0.32911339805104356,430.9598414573393,430.5531344796635
2026-05-04 09:07:10.729959,0.05439559342363187,431.0142370507629,430.72995920122355
2026-05-04 09:07:11.698666,0.005676465318705248,431.7043428572963,431.6986663919776
2026-05-04 09:07:12.033111,0.031325158305353804,432.06443653262454,432.03311137431916
2026-05-04 09:07:12.071016,0.1376632361976005,432.2086788485943,432.07101561239665
2026-05-04 09:07:12.742871,0.3737460638407164,433.1166169559797,432.74287089213897
2026-05-04 09:07:12.766390,0.22762115708948844,433.3442381130692,432.76639031955733
2026-05-04 09:07:12.902859,0.04928330024084926,433.39352141331005,432.90285887197183
2026-05-04 09:07:13.043311,0.43629058190862935,433.8298119952187,433.0433106242647
2026-05-04 09:07:13.204585,0.20624591589223917,434.0360579111109,433.2045851497563
2026-05-04 09:07:13.762191,0.1168972581925273,434.1529551693034,433.76219105354073
2026-05-04 09:07:13.863025,0.029023403297833074,434.1819785726013,433.8630246673145
2026-05-04 09:07:14.474759,0.6849799896209504,435.159738675153,434.47475868553204
2026-05-04 09:07:14.493536,0.6067276317886283,435.7664663069416,434.49353581357536
2026-05-04 09:07:14.534889,0.0968546362139223,435.86332094315554,434.5348888952249
2026-05-04 09:07:14.778228,0.15202807374025679,436.0153490168958,434.7782276438004
2026-05-04 09:07:15.284852,0.32780104194420734,436.34315005884,435.2848524474364
2026-05-04 09:07:15.445454,0.6343063046066917,436.9774563634467,435.4454541341623
2026-05-04 09:07:15.555684,0.6137791035969453,437.59123546704365,435.55568381843756
2026-05-04 09:07:15.595475,0.20528002380877275,437.7965154908524,435.5954745993531
2026-05-04 09:07:15.606765,0.19392384274666705,437.99043933359906,435.6067647794581
2026-05-04 09:07:16.270912,0.15101083978398092,438.141450173383,436.27091192312935
2026-05-04 09:07:17.200424,0.027190516703857512,438.1686406900869,437.2004235741185
2026-05-04 09:07:17.354683,0.022734687060048036,438.1913753771469,437.3546828656353
2026-05-04 09:07:17.643399,0.26656194197436284,438.4579373191213,437.6433988314042
2026-05-04 09:07:17.943551,0.5550226054146083,439.0129599245359,437.94355124452784
2026-05-04 09:07:18.514694,0.06437210835092184,439.07733203288683,438.5146939097343
2026-05-04 09:07:18.748422,0.8559549594331927,439.93328699232,438.748422382945
2026-05-04 09:07:19.332594,0.06111548700131199,439.9944024793213,439.33259379722745
2026-05-04 09:07:19.419939,0.1062492507753319,440.1006517300966,439.4199386355346
2026-05-04 09:07:19.523869,0.04068331089092209,440.14133504098754,439.5238693274601
2026-05-04 09:07:19.682244,0.13012186681849483,440.27145690780605,439.6822441226273
2026-05-04 09:07:19.879511,0.13040247019371204,440.40185937799976,439.8795105227738
2026-05-04 09:07:20.150948,0.3857392928109342,440.78759867081067,440.15094779188047
2026-05-04 09:07:20.705723,0.09123297940083151,440.8788316502115,440.7057226451913
2026-05-04 09:07:21.465474,0.018109042707981013,441.4835827025966,441.46547365988863
2026-05-04 09:07:21.572361,0.3586295838930673,441.9309906928177,441.57236110892467
2026-05-04 09:07:21.891453,0.04211115489566042,441.9731018477134,441.891452962683
2026-05-04 09:07:22.269593,0.13377407218644452,442.40336696061553,442.2695928884291
2026-05-04 09:07:22.492978,0.020344572687169625,442.51332230472286,442.4929777320357
2026-05-04 09:07:23.808626,0.03307300836362847,443.8416990637251,443.8086260553615
2026-05-04 09:07:23.905764,0.025556013556163368,443.9313195691227,443.9057635555665
2026-05-04 09:07:24.260683,0.22182878823017496,444.4825122712535,444.2606834830233
2026-05-04 09:07:24.963352,0.2591693888644705,445.22252162859604,444.9633522397316
2026-05-04 09:07:25.980454,0.02842162546565334,446.0088760297182,445.98045440425255
2026-05-04 09:07:26.300037,0.06904970409491044,446.36908689266977,446.30003718857483
2026-05-04 09:07:26.318386,0.04566590061007861,446.41475279327983,446.31838562115007
2026-05-04 09:07:26.863995,0.06699729310066792,446.93099210353904,446.8639948104384
2026-05-04 09:07:27.117386,0.08965238076985302,447.2070385723048,447.11738619153493
2026-05-04 09:07:27.306004,0.1376690691674045,447.4436731841851,447.3060041150177
2026-05-04 09:07:27.370627,0.29292623452384253,447.736599418709,447.3706272929453
2026-05-04 09:07:28.672591,0.16987662189588482,448.8424673423884,448.6725907204925
2026-05-04 09:07:29.839274,0.40156212621197485,450.24083595248493,449.839273826273
2026-05-04 09:07:29.979330,0.34236729709150415,450.58320324957646,449.97932989909424
2026-05-04 09:07:31.126256,0.05635330482461975,451.18260894449645,451.12625563967185
2026-05-04 09:07:31.320307,0.4752314717841521,451.79553857799414,451.32030710621
2026-05-04 09:07:32.914815,0.5884263550720558,453.50324116046517,452.9148148053931
2026-05-04 09:07:33.245826,0.04440014666119632,453.54764130712636,453.2458255198114
2026-05-04 09:07:34.392664,0.024595748559621662,454.41725993011994,454.3926641815603
2026-05-04 09:07:34.543022,0.1741093111963778,454.7171311621665,454.5430218509701
2026-05-04 09:07:34.731138,0.12716511362345945,454.8583027227896,454.7311376091661
2026-05-04 09:07:35.781857,0.008642766170680294,455.79049988691963,455.78185712074895
2026-05-04 09:07:36.974418,0.12595714365847185,457.10037497766007,456.9744178340016
2026-05-04 09:07:37.086829,0.06536349120205047,457.1657384688621,457.08682896188327
2026-05-04 09:07:37.428939,0.6239373634002201,458.05287616578255,457.42893880238233
2026-05-04 09:07:37.619064,0.9387883270448996,458.99166449282745,457.6190642952993
2026-05-04 09:07:37.779379,0.09497934330877365,459.0866438361362,457.7793791999537
2026-05-04 09:07:38.295267,0.06908218748712901,459.15572602362334,458.2952668659149
2026-05-04 09:07:38.515411,0.2595655041540439,459.4152915277774,458.51541081050726
2026-05-04 09:07:38.758495,0.04503692265025408,459.46032845042765,458.75849505269724
2026-05-04 09:07:38.961085,0.2175390524470432,459.6778675028747,458.96108492335037
2026-05-04 09:07:39.115107,0.14683884572441014,459.8247063485991,459.11510671201177
2026-05-04 09:07:39.377914,0.007321682023496841,459.83202803062255,459.3779141827329
2026-05-04 09:07:39.535170,0.03994681131025882,459.8719748419328,459.5351698779635
2026-05-04 09:07:39.813613,0.3179068104440144,460.1898816523768,459.8136133769641
2026-05-04 09:07:39.825330,0.5572282144401551,460.74710986681697,459.8253297108636
2026-05-04 09:07:39.928901,0.12880788301631227,460.87591774983326,459.9289014300709
2026-05-04 09:07:39.953368,0.2226235124051956,461.0985412622385,459.95336768530666
2026-05-04 09:07:39.968684,0.3807382836587851,461.47927954589727,459.9686842086793
2026-05-04 09:07:40.227624,0.6109868475462792,462.0902663934435,460.2276237484724
2026-05-04 09:07:40.668275,0.26725547402542593,462.35752186746896,460.6682749034809
2026-05-04 09:07:41.199623,0.5001618146808123,462.8576836821498,461.19962328045216
2026-05-04 09:07:41.732848,0.08524349124394864,462.94292717339374,461.73284823541775
2026-05-04 09:07:42.139574,0.2904041386685509,463.2333313120623,462.1395736271994
2026-05-04 09:07:42.258937,0.27763321026256355,463.51096452232485,462.2589366445949
2026-05-04 09:07:42.326077,0.023788466502965806,463.53475298882785,462.326076732246
2026-05-04 09:07:42.499115,0.07870748328476881,463.6134604721126,462.4991149996877
2026-05-04 09:07:42.597021,0.25421524477578716,463.86767571688836,462.5970213946793
2026-05-04 09:07:43.067078,0.39644676082432295,464.2641224777127,463.06707758392076
2026-05-04 09:07:43.633399,0.20553399957848983,464.4696564772912,463.6333993074641
2026-05-04 09:07:43.800559,0.22775862416275602,464.69741510145394,463.80055901603305
2026-05-04 09:07:43.943701,0.052862738195824856,464.75027783964975,463.94370065035235
2026-05-04 09:07:44.785916,0.11599909370265041,464.9019146289606,464.7859155352579
2026-05-04 09:07:45.183288,0.5238127546918816,465.70710103243255,465.18328827774064
2026-05-04 09:07:45.711306,0.1737220542937029,465.8850276138441,465.7113055595504
2026-05-04 09:07:46.282362,0.2185750202735046,466.50093720054656,466.2823621802731
2026-05-04 09:07:46.756732,0.4955989724267726,467.2523314044471,466.7567324320203
2026-05-04 09:07:47.021881,0.024391954534147612,467.27672335898126,467.0218807652658
2026-05-04 09:07:47.428095,0.013843043201616013,467.4419385259764,467.4280954827748
2026-05-04 09:07:47.464938,0.23099776400824987,467.69593564169253,467.4649378776843
2026-05-04 09:07:48.156508,0.47123004914813366,468.627738421455,468.15650837230686
2026-05-04 09:07:48.660648,0.00730938445996696,468.66795734174605,468.6606479572861
2026-05-04 09:07:49.161009,0.18351918267011078,469.3445284454857,469.1610092628156
2026-05-04 09:07:49.503059,0.5916545825922839,470.0947131838549,469.5030586012626
2026-05-04 09:07:49.628753,0.024327101082773746,470.1190402849376,469.62875326001256
2026-05-04 09:07:49.875585,0.04198210942099116,470.1610223943586,469.87558517049723
2026-05-04 09:07:49.954956,0.007037764336851918,470.1680601586955,469.9549561683383
2026-05-04 09:07:50.587761,0.41849509407146485,471.00625627961466,470.5877611855432
2026-05-04 09:07:50.622375,0.3933992968673977,471.3996555764821,470.6223745406007
2026-05-04 09:07:50.797925,0.07297022856196185,471.47262580504406,470.79792525778413
2026-05-04 09:07:51.464981,0.14171515998684428,471.6143409650309,471.4649806312034
2026-05-04 09:07:51.750113,0.0780179008484136,471.8281304243704,471.750112523522
2026-05-04 09:07:52.975279,0.03828848055601461,473.0135671520897,472.9752786715337
2026-05-04 09:07:53.025409,0.017145342658685093,473.04255454098455,473.02540919832586
2026-05-04 09:07:53.673964,0.05521817379097304,473.7291817293025,473.67396355551153
2026-05-04 09:07:53.724961,0.008263633512927835,473.73744536281544,473.72496140559053
2026-05-04 09:07:53.732786,0.002826464660057981,473.7402718274755,473.7327859014021
2026-05-04 09:07:53.809783,0.03825746654162922,473.84804038455684,473.80978291801523
2026-05-04 09:07:54.318150,0.41385098140290877,474.7320011905127,474.3181502091098
2026-05-04 09:07:54.646059,0.18384392233629787,474.91584511284896,474.6460591907244
2026-05-04 09:07:54.735881,0.3729163366697087,475.2887614495187,474.73588064553417
2026-05-04 09:07:54.849708,0.09847367051349346,475.3872351200322,474.8497075199349
2026-05-04 09:07:55.176007,0.3879072367012559,475.77514235673345,475.17600676815334
2026-05-04 09:07:55.402858,0.6987445127398411,476.4738868694733,475.40285756198585
2026-05-04 09:07:55.697010,0.051991898657599324,476.5258787681309,475.697009630417
2026-05-04 09:07:55.861639,0.18920683801647195,476.71508560614734,475.86163891936843
2026-05-04 09:07:55.991692,0.20922078392785448,476.9243063900752,475.99169217807037
2026-05-04 09:07:56.005432,0.14024131698927061,477.06454770706443,476.0054320660381
2026-05-04 09:07:56.164799,0.09307250774855746,477.157620214813,476.1647988088762
2026-05-04 09:07:56.169067,0.0589274440257096,477.2165476588387,476.1690669778327
2026-05-04 09:07:56.445722,0.0971764238509301,477.31372408268965,476.44572245858467
2026-05-04 09:07:57.396130,0.2723381686941851,477.66846772025576,477.39612955156156
2026-05-04 09:07:57.796816,0.18359473471006263,477.9804107599797,477.7968160252696
2026-05-04 09:07:57.913030,0.033305288823686156,478.01371604880336,477.9130298490601
2026-05-04 09:07:58.069051,0.16242894712117187,478.23148010249065,478.0690511553695
2026-05-04 09:07:58.441777,0.04459340323853441,478.4863708067344,478.44177740349585
2026-05-04 09:07:58.797152,0.27907090733378154,479.0762229633033,478.7971520559695
2026-05-04 09:07:59.512671,0.16361919781343798,479.6762906165199,479.5126714187065
2026-05-04 09:07:59.550452,0.8152183920660271,480.4915090085859,479.55045226354633
2026-05-04 09:07:59.573967,0.02825398946274333,480.5197629980487,479.57396681097526
2026-05-04 09:07:59.785676,0.14237925053222583,480.6621422485809,479.78567607030385
2026-05-04 09:07:59.874104,0.020722255463741623,480.68286450404463,479.8741039126895
2026-05-04 09:07:59.949190,0.019012342903576576,480.7018768469482,479.9491903326584
2026-05-04 09:08:00.093036,0.20724688734358923,480.9091237342918,480.09303640831916
2026-05-04 09:08:00.200411,0.6251172755066767,481.5342410097985,480.20041132610663
2026-05-04 09:08:00.630979,0.03256843751904433,481.56680944731755,480.6309788581204
2026-05-04 09:08:00.755522,0.022502500586799215,481.5893119479044,480.7555215723321
2026-05-04 09:08:01.104842,0.1619107829624559,481.75122273086686,481.1048416996691
2026-05-04 09:08:01.142767,0.01785667959938732,481.76907941046625,481.14276680885934
2026-05-04 09:08:01.593421,0.20684519535324788,481.9759246058195,481.59342108961664
2026-05-04 09:08:02.053484,0.13340034449735147,482.1868839377365,482.05348359323915
2026-05-04 09:08:02.208973,0.11140445760032379,482.3203770943273,482.20897263672697
2026-05-04 09:08:02.753185,0.1144293009317215,482.86761405707813,482.7531847561464
2026-05-04 09:08:03.014160,0.907219758808966,483.9213796290238,483.0141598702148
2026-05-04 09:08:03.899066,0.6307151564179054,484.55209478544174,483.8990663336441
2026-05-04 09:08:03.900832,0.7286987328177283,485.2807935182595,483.9008323062581
2026-05-04 09:08:03.932190,0.04763463879643368,485.3284281570559,483.9321900484452
2026-05-04 09:08:04.149427,0.0942961497755952,485.42272430683147,484.1494271906588
2026-05-04 09:08:04.460377,0.21111151350038093,485.63383582033185,484.4603770302866
2026-05-04 09:08:04.640545,0.26737568502113634,485.901211505353,484.64054521170334
2026-05-04 09:08:04.819196,0.5799152076527004,486.48112671300566,484.81919576214335
2026-05-04 09:08:05.320905,0.02430551172681375,486.5054322247325,485.3209045160996
2026-05-04 09:08:05.957611,0.1424225876634941,486.64785481239596,485.95761127247556
2026-05-04 09:08:06.200926,0.12599026948886116,486.7738450818848,486.20092624291806
2026-05-04 09:08:06.691477,0.045003953792418595,486.81884903567726,486.69147679761295
2026-05-04 09:08:06.906916,0.00798474903592629,486.91490056767606,486.90691581864013
2026-05-04 09:08:06.924012,0.4926821484933231,487.4166941716503,486.924012023157
2026-05-04 09:08:07.508688,0.010138793177878533,487.5188270327477,487.50868823956984
2026-05-04 09:08:08.033515,0.7219547338304086,488.75546945787477,488.0335147240444
2026-05-04 09:08:08.136958,0.022803932666120293,488.7782733905409,488.1369579604828
2026-05-04 09:08:08.163439,0.39258317228728556,489.1708565628282,488.16343917437115
2026-05-04 09:08:08.305145,0.07479188066151958,489.2456484434897,488.3051445472674
2026-05-04 09:08:08.509264,0.12062617513758517,489.3662746186273,488.50926394034923
2026-05-04 09:08:08.568094,0.44178680172097834,489.8080614203483,488.5680941517868
2026-05-04 09:08:08.924465,0.14522734257941516,489.9532887629277,488.92446462711547
2026-05-04 09:08:09.002521,0.21755858102267767,490.17084734395036,489.00252137963776
2026-05-04 09:08:09.041804,0.16174558731795016,490.3325929312683,489.0418035749609
2026-05-04 09:08:09.204537,0.22914056290234136,490.56173349417065,489.2045366880501
2026-05-04 09:08:09.251333,0.19459818205861076,490.75633167622925,489.2513329599592
2026-05-04 09:08:09.643582,0.3737256079374563,491.1300572841667,489.64358169141315
2026-05-04 09:08:09.991506,0.29248026427268575,491.4225375484394,489.99150554495606
2026-05-04 09:08:10.209630,0.6239120893608314,492.0464496378002,490.2096297392459
2026-05-04 09:08:11.788474,0.03442862416560355,492.08087826196584,491.78847396729185
2026-05-04 09:08:11.930605,0.02337256351236357,492.1042508254782,491.9306050235259
2026-05-04 09:08:12.210274,0.04428788897804381,492.25456158283373,492.2102736938557
2026-05-04 09:08:12.604943,0.02372398458405124,492.6286667970192,492.6049428124352
2026-05-04 09:08:13.027290,0.00774135548336162,493.0350313708602,493.0272900153769
2026-05-04 09:08:13.632193,0.0517753728576452,493.6839684606644,493.63219308780674
2026-05-04 09:08:13.733819,0.08145364350903206,493.81527227138855,493.73381862787954
2026-05-04 09:08:13.790069,0.26541409828525186,494.0806863696738,493.79006948229005
2026-05-04 09:08:14.822385,0.1522659447604141,494.97465097539236,494.82238503063195
2026-05-04 09:08:15.023666,0.07403179820927433,495.097698158356,495.02366636014676
2026-05-04 09:08:15.518648,0.08199823585951066,495.6006466201723,495.5186483843128
2026-05-04 09:08:15.722349,0.599597096657378,496.3219463055711,495.7223492089137
2026-05-04 09:08:15.811242,0.04497891232007039,496.36692521789115,495.8112420973776
2026-05-04 09:08:16.220474,0.09384285435867656,496.46076807224983,496.2204740185135
2026-05-04 09:08:16.252586,0.6369732623286323,497.0977413345785,496.25258643344273
2026-05-04 09:08:16.984372,0.1840953230329635,497.28183665761145,496.9843721718633
2026-05-04 09:08:17.237116,0.4184910472924431,497.7003277049039,497.2371163644519
2026-05-04 09:08:18.080349,0.15958212049490383,498.23993143761777,498.08034931712285
2026-05-04 09:08:18.151162,0.06621360138893694,498.3061450390067,498.1511618040851
2026-05-04 09:08:18.156513,0.2242048630605271,498.53034990206726,498.15651321904113
2026-05-04 09:08:18.213313,0.17023450389142566,498.7005844059587,498.213312798729
2026-05-04 09:08:19.078342,0.29333636267863616,499.3716781962639,499.0783418335852
2026-05-04 09:08:19.270157,0.021093394500751532,499.3927715907646,499.2701570343317
2026-05-04 09:08:19.684670,0.2754637085518545,499.9601340252074,499.68467031665557
2026-05-04 09:08:19.802665,0.006789319775422281,499.96692334498283,499.802664550585
2026-05-04 09:08:20.057070,0.07383153214183624,500.13090180248975,500.05707027034794
2026-05-04 09:08:20.179361,0.08843925922878275,500.26780042091855,500.17936116168977
2026-05-04 09:08:20.635979,0.08412333726545729,500.7201018550076,500.63597851774216
2026-05-04 09:08:20.836361,1.1462129037697328,501.9825736019398,500.8363606981701
2026-05-04 09:08:21.399064,0.2176329314505755,502.20020653339037,501.39906387443375
2026-05-04 09:08:21.723966,0.11049208771196883,502.31069862110235,501.7239655298362
2026-05-04 09:08:23.272497,0.2817789679988491,503.55427597812456,503.27249701012573
2026-05-04 09:08:23.334238,0.03482123547191679,503.58909721359646,503.3342375713317
2026-05-04 09:08:23.889841,0.12771843408898612,504.0175591933629,503.8898407592739
2026-05-04 09:08:23.894267,0.8976801158830121,504.9152393092459,503.8942668573831
2026-05-04 09:08:24.075985,0.35050966023892216,505.26574896948483,504.075984991585
2026-05-04 09:08:24.150664,0.12780289223195954,505.3935518617168,504.1506640072904
2026-05-04 09:08:24.427158,0.20499597631432628,505.5985478380311,504.42715814516185
2026-05-04 09:08:24.595818,0.11559475416315197,505.71414259219426,504.5958176511391
2026-05-04 09:08:24.636144,0.25371979625649244,505.9678623884508,504.63614356325115
2026-05-04 09:08:26.093142,0.3055091581216814,506.3986511081949,506.0931419500732
2026-05-04 09:08:26.181944,0.014787588746351808,506.4134386969412,506.1819440954286
2026-05-04 09:08:26.294211,0.2257318112841357,506.6391705082254,506.2942111400344
2026-05-04 09:08:26.620833,0.22743572789348898,506.86660623611886,506.62083305680676
2026-05-04 09:08:26.857938,0.02119760784443208,506.8878038439633,506.85793800407635
2026-05-04 09:08:27.322420,0.08475936625870086,507.40717961187175,507.32242024561305
2026-05-04 09:08:28.457716,0.26476402871391264,508.7224805018185,508.4577164731046
2026-05-04 09:08:28.465238,0.13237521236434396,508.85485571418286,508.4652377575553
2026-05-04 09:08:28.632373,0.16059695216215397,509.015452666345,508.63237290815135
2026-05-04 09:08:28.657158,0.035729415803516906,509.05118208214856,508.65715816655865
2026-05-04 09:08:29.102983,0.4199579572465246,509.5229411243522,509.10298316710566
2026-05-04 09:08:29.216157,0.2843541767084889,509.80729530106066,509.21615737170765
2026-05-04 09:08:29.968061,0.11526412055399848,510.08332556900336,509.96806144844936
2026-05-04 09:08:30.031609,0.09863341097036955,510.18195897997373,510.03160945086677
2026-05-04 09:08:30.470365,0.26937579575749077,510.7397406697434,510.47036487398594
2026-05-04 09:08:30.663202,0.17880707973162274,510.918547749475,510.6632015660916
2026-05-04 09:08:31.177169,0.21264165260257523,511.3898102290818,511.1771685764792
2026-05-04 09:08:31.612689,0.5829744846638455,512.1956639173711,511.6126894327073
2026-05-04 09:08:31.660365,0.0035082682696007776,512.1991721856407,511.6603648740604
2026-05-04 09:08:32.517719,0.09617602891509747,512.6138947562141,512.517718727299
2026-05-04 09:08:32.587263,0.0717244825867154,512.6856192388008,512.587263048897
2026-05-04 09:08:33.075810,0.11081949880726763,513.1866297599149,513.0758102611077
2026-05-04 09:08:33.095453,0.10789334418871133,513.2945231041036,513.0954532911529
2026-05-04 09:08:33.098268,0.060248236760361944,513.354771340864,513.0982681310301
2026-05-04 09:08:33.425077,0.02385276590045358,513.4489300625623,513.4250772966619
2026-05-04 09:08:33.815787,0.21271516185122727,514.0285018313681,513.8157866695169
2026-05-04 09:08:33.958633,0.0025877742149193615,514.031089605583,513.9586329075343
2026-05-04 09:08:34.201353,0.4688623316175412,514.6702156687604,514.2013533371429
2026-05-04 09:08:34.303266,0.18486804512303812,514.8550837138835,514.3032658389868
2026-05-04 09:08:34.325900,0.0013302533581657132,514.8564139672417,514.3259001607619
2026-05-04 09:08:34.791132,0.041865874315983376,514.8982798415576,514.791131935054
2026-05-04 09:08:34.891777,0.06069833462259248,514.9589781761802,514.8917765647368
2026-05-04 09:08:35.219771,0.03415997481310542,515.2539307709313,515.2197707961183
2026-05-04 09:08:35.242041,0.20279319313279587,515.4567239640642,515.2420406274292
2026-05-04 09:08:35.298954,0.26287246466780007,515.719596428732,515.2989544234825
2026-05-04 09:08:36.095696,0.21550249154640425,516.3111982948886,516.0956958033422
2026-05-04 09:08:37.048027,0.14126109134047146,517.1892884224006,517.0480273310602
2026-05-04 09:08:37.925732,0.13861349578796892,518.0643451823737,517.9257316865858
2026-05-04 09:08:38.180358,1.0000898658705892,519.1804478675123,518.1803580016417
2026-05-04 09:08:38.309460,0.04264410391539513,519.2230919714277,518.3094603113981
2026-05-04 09:08:39.168899,0.7278215261919799,519.9509134976197,519.1688986004566
2026-05-04 09:08:39.370914,0.10976950022953057,520.0606829978492,519.3709141975506
2026-05-04 09:08:40.175607,0.5203385174940375,520.6959451049407,520.1756065874467
2026-05-04 09:08:40.346989,0.008555258518544589,520.7045003634593,520.3469887331082
2026-05-04 09:08:41.156883,0.2196154906568098,521.3764980354841,521.1568825448273
2026-05-04 09:08:41.738021,0.1657702054421334,521.9037913331917,521.7380211277496
2026-05-04 09:08:41.831343,0.04181625706717429,521.9456075902589,521.8313428965013
2026-05-04 09:08:42.508918,0.1765610431125367,522.6854793048008,522.5089182616882
2026-05-04 09:08:42.595106,0.09062967073361758,522.7761089755344,522.595106453918
2026-05-04 09:08:42.643717,0.259887148862985,523.0359961243973,522.6437174597843
2026-05-04 09:08:42.894516,0.23105633400722447,523.2670524584046,522.8945161521469
2026-05-04 09:08:43.006295,0.17872845898521378,523.4457809173898,523.0062948769668
2026-05-04 09:08:43.056618,0.07067038921978908,523.5164513066096,523.0566181579665
2026-05-04 09:08:43.386826,0.23861837738667568,523.7550696839963,523.3868255065147
2026-05-04 09:08:43.697759,0.04916655622910357,523.8042362402255,523.6977592748595
2026-05-04 09:08:43.829513,0.1283973717803861,523.9579105768258,523.8295132050455
2026-05-04 09:08:44.188216,0.23619246817385142,524.4244081418954,524.1882156737215
2026-05-04 09:08:44.390157,0.03550169940871888,524.4599098413041,524.3901573019541
2026-05-04 09:08:44.941214,0.2308924893123662,525.1721061373861,524.9412136480737
2026-05-04 09:08:45.226963,0.37966161895205236,525.6066247815379,525.2269631625859
2026-05-04 09:08:46.381739,0.13849967045312153,526.520238803225,526.3817391327718
2026-05-04 09:08:46.533136,0.033491558378026316,526.5666274395247,526.5331358811467
2026-05-04 09:08:46.782069,0.1274082623447291,526.9094775286259,526.7820692662812
2026-05-04 09:08:47.163464,0.1229537612333072,527.2864179631222,527.1634642018888
2026-05-04 09:08:47.334188,0.04446539664062027,527.3786535544383,527.3341881577977
2026-05-04 09:08:47.396590,0.11263563532108796,527.5092253767889,527.3965897414678
2026-05-04 09:08:48.027232,0.18316332220796527,528.2103952368092,528.0272319146012
2026-05-04 09:08:48.130022,0.11779669015421196,528.3281919269634,528.1300215801967
2026-05-04 09:08:48.133234,0.24887123574787165,528.5770631627113,528.1332342947435
2026-05-04 09:08:48.156165,0.344131931708061,528.9211950944193,528.1561652102654
2026-05-04 09:08:48.291992,0.023290965723796866,528.9444860601432,528.291992374994
2026-05-04 09:08:48.672216,0.04531211189542678,528.9897981720386,528.6722163422309
2026-05-04 09:08:48.705696,0.55373311780967,529.5435312898483,528.7056957958498
2026-05-04 09:08:48.739349,0.045254223788913146,529.5887855136372,528.7393486275101
2026-05-04 09:08:49.257700,0.2853955365124336,529.8741810501496,529.2577001832115
2026-05-04 09:08:49.295069,0.08647581622143413,529.960656866371,529.2950690815248
2026-05-04 09:08:49.423171,0.1756030934887729,530.1362599598598,529.4231705955524
2026-05-04 09:08:49.443477,0.18553489513045032,530.3217948549902,529.4434768523292
2026-05-04 09:08:49.518600,0.13877629547894474,530.4605711504691,529.5186003010238
2026-05-04 09:08:49.622612,0.3965113384274903,530.8570824888966,529.6226116496234
2026-05-04 09:08:49.663736,0.04521601510015233,530.9022985039968,529.6637364531566
2026-05-04 09:08:50.046925,0.07184701894493832,530.9741455229417,530.0469245999442
2026-05-04 09:08:50.049698,0.08099541796202114,531.0551409409038,530.0496982647436
2026-05-04 09:08:50.444427,0.07822914588790399,531.1333700867917,530.4444272459069
2026-05-04 09:08:51.397333,0.34913852873164086,531.7464713275785,531.397332798847
2026-05-04 09:08:51.423338,0.334003584965209,532.0804749125438,531.4233378139652
2026-05-04 09:08:51.817780,0.3009760429978268,532.3814509555416,531.8177801767107
2026-05-04 09:08:52.405084,0.02845271632180257,532.4335371176384,532.4050844013166
2026-05-04 09:08:52.566444,0.006784492085243925,532.5732281803879,532.5664436883027
2026-05-04 09:08:53.106670,0.06850923589310302,533.1751797021865,533.1066704662934
2026-05-04 09:08:53.109192,0.30250525533913514,533.4776849575256,533.1091924744975
2026-05-04 09:08:53.638354,0.38366184498525047,534.0220157292399,533.6383538842547
2026-05-04 09:08:54.159456,0.06910069596237384,534.228556779173,534.1594560832107
2026-05-04 09:08:54.549603,0.14742644977678587,534.6970293976692,534.5496029478925
2026-05-04 09:08:54.874533,0.61774754038629,535.4922809327196,534.8745333923333
2026-05-04 09:08:55.115187,0.012702329345649821,535.5049832620653,535.1151872464549
2026-05-04 09:08:55.455911,0.14479940791650656,535.6497826699817,535.4559108997877
2026-05-04 09:08:56.491288,0.24987286583044482,536.7411603925526,536.4912875267222
2026-05-04 09:08:56.625603,0.04134269548542731,536.7825030880381,536.6256032560623
2026-05-04 09:08:56.793134,0.1627978632767088,536.9559316457859,536.7931337825091
2026-05-04 09:08:56.877455,0.020804584330069143,536.976736230116,536.8774553816413
2026-05-04 09:08:57.005381,0.15386460799015586,537.1592458879327,537.0053812799425
2026-05-04 09:08:57.861252,0.4844429652986132,538.3456945487175,537.8612515834188
2026-05-04 09:08:58.072229,0.1441352007084377,538.4898297494259,538.072228689597
2026-05-04 09:08:58.356093,0.10254778731072807,538.5923775367366,538.3560927350936
2026-05-04 09:08:58.391113,0.21823567428754728,538.8106132110242,538.3911130855158
2026-05-04 09:08:58.667726,0.17482703982240144,538.9854402508466,538.6677255331085
2026-05-04 09:08:59.591347,0.012664104483836189,539.6040113710192,539.5913472665353
2026-05-04 09:08:59.785821,0.10036520118577291,539.88618599074,539.7858207895542
2026-05-04 09:09:00.728802,0.285216061393203,541.0140179504933,540.7288018891002
2026-05-04 09:09:00.839170,0.1851628669873168,541.1991808174806,540.8391699559976
2026-05-04 09:09:00.979289,0.301465366191594,541.5006461836722,540.9792885162648
2026-05-04 09:09:01.230703,0.4880613810649577,541.9887075647372,541.2307032438285
2026-05-04 09:09:02.516888,0.0470617910794484,542.5639493800182,542.5168875889387
2026-05-04 09:09:02.526955,0.19156412256229727,542.7555135025806,542.5269554042158
2026-05-04 09:09:02.569704,0.07141974636151383,542.826933248942,542.5697041748579
2026-05-04 09:09:03.496192,0.10654411494214036,543.6027362744395,543.4961921594974
2026-05-04 09:09:03.591099,0.2964778260101429,543.8992141004496,543.5910987804301
2026-05-04 09:09:04.685000,0.022508063763290564,544.7075079225885,544.6849998588252
2026-05-04 09:09:05.105993,0.15486095849281412,545.260854137625,545.1059931791322
2026-05-04 09:09:05.386701,0.030769174540710473,545.417469969949,545.3867007954083
2026-05-04 09:09:05.417804,0.15145927848274363,545.5692637508157,545.4178044723329
2026-05-04 09:09:06.537020,0.2667808734575725,546.8038009624463,546.5370200889887
2026-05-04 09:09:06.714067,0.026488432092370225,546.8302893945387,546.7140665369968
2026-05-04 09:09:07.056496,0.11196009726643251,547.1684560994698,547.0564960022034
2026-05-04 09:09:07.743716,0.12282609604486637,547.8665421366845,547.7437160406397
2026-05-04 09:09:07.872902,0.2542778467234552,548.1271801520387,547.8729023053153
2026-05-04 09:09:07.929160,0.314538723692773,548.4417188757315,547.9291604240692
2026-05-04 09:09:08.467222,0.1355440162611702,548.6027662731576,548.4672222568964
2026-05-04 09:09:08.628707,0.4887839645850567,549.1174908120183,548.6287068474333
2026-05-04 09:09:09.003336,0.3872982743980812,549.5047890864164,549.0033362423687
2026-05-04 09:09:09.400468,0.03497604372652936,549.5397651301429,549.4004683644569
2026-05-04 09:09:10.362949,0.5924736172332169,550.955422329578,550.3629487123449
2026-05-04 09:09:10.379418,0.11519249889497502,551.070614828473,550.3794177078855
2026-05-04 09:09:10.565382,0.042746418368531984,551.1133612468416,550.5653823398345
2026-05-04 09:09:13.452941,0.013973391835568762,553.466913984433,553.4529405925974
2026-05-04 09:09:13.464033,0.1640041844719849,553.6309181689049,553.4640327443839
2026-05-04 09:09:13.815711,0.1267427377214416,553.9424538250116,553.8157110872902
2026-05-04 09:09:14.421624,0.3678842686444055,554.7895082145841,554.4216239459397
2026-05-04 09:09:14.718131,0.01970068825385525,554.8092089028379,554.7181306667596
2026-05-04 09:09:15.018160,0.2823052691653023,555.3004654448691,555.0181601757039
2026-05-04 09:09:15.186019,0.05281013470949302,555.3532755795786,555.1860194062075
2026-05-04 09:09:15.465902,0.6291628917335527,556.0950644045822,555.4659015128486
2026-05-04 09:09:15.649220,0.1608726030869731,556.2559370076692,555.6492197007009
2026-05-04 09:09:16.802952,0.2935647600052445,557.0965169000756,556.8029521400704
2026-05-04 09:09:17.148070,0.08365351732297341,557.2317232751692,557.1480697578462
2026-05-04 09:09:17.328113,0.09824453507014587,557.4263574827709,557.3281129477007
2026-05-04 09:09:17.779902,0.12781924868951436,557.9077208926051,557.7799016439155
2026-05-04 09:09:17.981122,0.42620897191895335,558.407331191301,557.981122219382
2026-05-04 09:09:18.087731,0.2612017444110961,558.668532935712,558.0877306426063
2026-05-04 09:09:18.411346,0.13739109375257816,558.8059240294647,558.4113457109727
2026-05-04 09:09:18.474283,0.10678684370485508,558.9127108731695,558.4742827597161
2026-05-04 09:09:18.479908,0.13383090689678093,559.0465417800664,558.4799084456437
2026-05-04 09:09:18.515629,0.25361813028583946,559.3001599103522,558.515628691495
2026-05-04 09:09:19.002982,0.12002606919742893,559.4201859795497,559.0029818033897
2026-05-04 09:09:19.132940,0.5834454314901032,560.0036314110398,559.1329402576088
2026-05-04 09:09:20.385043,0.00803588060899967,560.3930784773102,560.3850425967012
2026-05-04 09:09:21.808049,0.32138654806053657,562.1294359256108,561.8080493775502
2026-05-04 09:09:22.804253,0.019280493978070707,562.82353337897,562.8042528849919
2026-05-04 09:09:23.111950,0.2352844255845363,563.3472344743116,563.1119500487271
2026-05-04 09:09:23.214427,0.36437650845057684,563.7116109827622,563.2144269158263
2026-05-04 09:09:23.437668,0.0019913842506771723,563.7136023670129,563.437667566402
2026-05-04 09:09:23.638667,2.2822830752267533,565.9958854422396,563.6386669540874
2026-05-04 09:09:23.779929,0.09698712542215554,566.0928725676617,563.7799288130665
2026-05-04 09:09:23.792932,0.15413805187275365,566.2470106195345,563.792931896959
2026-05-04 09:09:24.106687,0.09428055006801103,566.3412911696025,564.1066868380096
2026-05-04 09:09:24.942776,0.08448528788959607,566.4257764574921,564.9427758216173
2026-05-04 09:09:25.226882,0.053971422364239054,566.4797478798564,565.2268816274442
2026-05-04 09:09:25.353069,0.19917639173804516,566.6789242715945,565.3530689080247
2026-05-04 09:09:25.582072,0.08990413931178731,566.7688284109063,565.582071892658
2026-05-04 09:09:25.776372,0.07515266821634443,566.8439810791226,565.7763722427223
2026-05-04 09:09:25.780695,0.10557746035888499,566.9495585394815,565.7806953245722
2026-05-04 09:09:26.595638,0.22538686353066104,567.1749454030121,566.5956375241863
2026-05-04 09:09:26.634584,0.2417430560595356,567.4166884590717,566.634584347195
2026-05-04 09:09:26.942409,0.0006010320459213862,567.4172894911176,566.9424091150205
2026-05-04 09:09:27.138121,0.3046136837228121,567.7219031748403,567.1381209438898
2026-05-04 09:09:27.347236,0.11260441329577615,567.8345075881361,567.3472360380986
2026-05-04 09:09:27.529219,0.0836714325008619,567.918179020637,567.5292191527735
2026-05-04 09:09:27.811560,0.13120228003049222,568.0493813006675,567.81156027372
2026-05-04 09:09:28.051807,0.25228200663690264,568.3040887040639,568.0518066974271
2026-05-04 09:09:28.667948,0.19638982143548273,568.8643374450796,568.6679476236442
2026-05-04 09:09:28.768171,0.08623761087323734,568.9505750559529,568.7681711539326
2026-05-04 09:09:29.320492,0.9065834949012452,570.2270756114431,569.3204921165418
2026-05-04 09:09:29.819642,0.6557151410709339,570.882790752514,569.8196420587324
2026-05-04 09:09:29.924046,0.05454707976606881,570.93733783228,569.9240461404553
2026-05-04 09:09:30.026082,0.2827352758572249,571.2200731081373,570.0260820617888
2026-05-04 09:09:30.319965,0.06476853601770542,571.284841644155,570.3199647234159
2026-05-04 09:09:31.277016,0.0013213010014575062,571.2861629451564,571.277016295081
2026-05-04 09:09:31.377583,0.03688001132715096,571.4144635048934,571.3775834935662
2026-05-04 09:09:31.538900,0.3984851112007244,571.9373850792206,571.5388999680199
2026-05-04 09:09:31.677600,0.09630995271842391,572.033695031939,571.6776003022376
2026-05-04 09:09:31.816370,0.7512210424597185,572.7849160743988,571.8163697193186
2026-05-04 09:09:31.845924,0.43721488442421236,573.222130958823,571.8459237589876
2026-05-04 09:09:32.065218,0.5919736194945265,573.8141045783175,572.0652179969672
2026-05-04 09:09:32.137050,0.32458325006716016,574.1386878283846,572.1370504078977
2026-05-04 09:09:32.300479,0.3092180608347309,574.4479058892193,572.3004789900834
2026-05-04 09:09:32.903420,0.007117706319302249,574.4550235955386,572.9034201048739
2026-05-04 09:09:33.211898,0.046055839541224025,574.5010794350798,573.2118977481656
2026-05-04 09:09:33.218373,0.2871711419789113,574.7882505770586,573.2183727371572
2026-05-04 09:09:33.366795,0.05675646272329885,574.845007039782,573.3667954534714
2026-05-04 09:09:33.378247,0.013399471889084922,574.8584065116711,573.3782467230668
2026-05-04 09:09:33.505032,0.015836259433492983,574.8742427711046,573.5050318715523
2026-05-04 09:09:33.818989,0.34578911584464617,575.2200318869493,573.8189890853189
2026-05-04 09:09:33.838101,0.3008981664579382,575.5209300534073,573.8381007925153
2026-05-04 09:09:34.327847,0.4177911388315094,575.9387211922387,574.3278467692082
2026-05-04 09:09:34.826464,0.18368458110302593,576.1224057733418,574.8264641209115
2026-05-04 09:09:35.121696,0.03308428410291962,576.1554900574447,575.1216956651309
2026-05-04 09:09:35.201768,0.15890348753260283,576.3143935449773,575.2017678231002
2026-05-04 09:09:35.591767,0.040011370199281304,576.3544049151766,575.5917668839039
2026-05-04 09:09:35.956671,0.13716745583645404,576.491572371013,575.956671405
2026-05-04 09:09:36.105969,0.09736251341040825,576.5889348844235,576.1059685920071
2026-05-04 09:09:36.326578,0.2520823849445267,576.841017269368,576.3265778833586
2026-05-04 09:09:36.655838,0.20333535511749973,577.0443526244854,576.6558378151091
2026-05-04 09:09:36.689178,0.0777826598493177,577.1221352843347,576.6891776224786
2026-05-04 09:09:36.847927,0.20468976450336648,577.326825048838,576.847926874862
2026-05-04 09:09:37.389753,0.15257708848360774,577.5423300484591,577.3897529599756
2026-05-04 09:09:37.424187,0.40219984254360147,577.9445298910027,577.4241871722537
2026-05-04 09:09:37.492222,0.05629261215709667,578.0008225031598,577.4922220763207
2026-05-04 09:09:38.739181,0.3122539937517004,579.0514351727377,578.739181178986
2026-05-04 09:09:38.830655,0.38549050833470433,579.4369256810724,578.8306547378127
2026-05-04 09:09:39.862751,0.06543709046821873,579.9281882803123,579.8627511898441
2026-05-04 09:09:40.250756,0.10983826484826405,580.3605941323086,580.2507558674604
2026-05-04 09:09:40.260204,0.13055681972544017,580.4911509520341,580.2602035797328
2026-05-04 09:09:40.344744,0.6001301922286553,581.0912811442628,580.3447444113572
2026-05-04 09:09:40.555895,0.040197606676092124,581.1314787509389,580.5558950966102
2026-05-04 09:09:40.567560,0.9291323537277754,582.0606111046667,580.5675597873989
2026-05-04 09:09:40.916392,0.08880891414906546,582.1494200188157,580.9163918835661
2026-05-04 09:09:41.009277,0.2132315517389102,582.3626515705546,581.0092772710269
2026-05-04 09:09:41.096149,0.09254042199189358,582.4551919925465,581.0961488959028
2026-05-04 09:09:41.201146,0.31011612891366813,582.7653081214602,581.2011461285562
2026-05-04 09:09:41.852135,0.009800226493043396,582.7751083479533,581.8521346591095
2026-05-04 09:09:42.292434,0.26044782936496846,583.0355561773182,582.2924335808796
2026-05-04 09:09:42.336266,0.050412902216424665,583.0859690795346,582.3362655082454
2026-05-04 09:09:43.197815,0.184400771516942,583.3822155177523,583.1978147462354
2026-05-04 09:09:43.256834,0.47644771943596,583.8586632371884,583.256834117131
2026-05-04 09:09:43.410772,0.021687406172781816,583.8803506433611,583.4107716145625
2026-05-04 09:09:43.511587,0.0469168324388287,583.9272674757999,583.5115874032895
2026-05-04 09:09:43.806775,0.036195838242556844,583.9634633140424,583.8067751564504
2026-05-04 09:09:44.045762,0.11171817620577743,584.1574797076721,584.0457615314664
2026-05-04 09:09:44.690026,0.0569623685585292,584.7469887901848,584.6900264216263
2026-05-04 09:09:44.696535,0.20215820362299947,584.9491469938077,584.6965347052778
2026-05-04 09:09:44.929792,0.3710569855838385,585.3202039793916,584.9297918787927
2026-05-04 09:09:45.647996,0.04568635626938955,585.6936820600185,585.6479957037492
2026-05-04 09:09:45.757176,0.05303845376544643,585.8102141832201,585.7571757294546
2026-05-04 09:09:46.033654,0.17874830779170905,586.2124019702479,586.0336536624562
2026-05-04 09:09:46.087663,0.24930988691903866,586.461711857167,586.0876631373707
2026-05-04 09:09:46.126763,0.21217620444333618,586.6738880616103,586.1267634560713
2026-05-04 09:09:46.851269,0.04827885239993726,586.8995478263679,586.851268973968
2026-05-04 09:09:46.946974,0.06871068332805573,587.0156848581338,586.9469741748057
2026-05-04 09:09:48.579700,0.02012341246350085,588.5998238055532,588.5797003930898
2026-05-04 09:09:48.631186,0.5455108666148679,589.176696889,588.6311860223851
2026-05-04 09:09:49.159101,0.061331553614968164,589.238028442615,589.1591008847893
2026-05-04 09:09:49.428850,0.3310450656026298,589.7598951431053,589.4288500775026
2026-05-04 09:09:49.676154,0.13858546868156638,589.8984806117868,589.6761536448951
2026-05-04 09:09:49.761818,0.00031822284199454934,589.8987988346288,589.7618177492776
2026-05-04 09:09:49.945648,0.043945156517187695,589.9895930944947,589.9456479379775
2026-05-04 09:09:50.044537,0.20016778588229667,590.2447045908895,590.0445368050072
2026-05-04 09:09:50.582872,0.16881259456822123,590.7516849574275,590.5828723628593
2026-05-04 09:09:51.169752,0.002060398483545656,591.171812665017,591.1697522665335
2026-05-04 09:09:51.206794,0.06665859595303346,591.2734523176111,591.2067937216581
2026-05-04 09:09:51.434810,0.10856440982509241,591.5433748868729,591.4348104770478
2026-05-04 09:09:52.743200,0.21203874152801588,592.9552391446783,592.7432004031504
2026-05-04 09:09:52.756049,0.085620177229137,593.0408593219074,592.7560490704697
2026-05-04 09:09:52.762936,0.29404205526795235,593.3349013771754,592.7629361385436
2026-05-04 09:09:52.805470,0.4236136503807772,593.7585150275561,592.8054704343627
2026-05-04 09:09:53.660309,0.18332257779916183,593.9418376053552,593.6603092282929
2026-05-04 09:09:54.065595,0.3836221022495798,594.4492174893701,594.0655953871205
2026-05-04 09:09:54.160763,0.47567619741972855,594.9248936867898,594.1607628376838
2026-05-04 09:09:54.193263,0.21448263717790375,595.1393763239677,594.1932629483887
2026-05-04 09:09:54.274827,0.08086755808407137,595.2202438820517,594.2748270199678
2026-05-04 09:09:54.462515,0.15987382666346756,595.3801177087151,594.4625151936065
2026-05-04 09:09:54.548044,0.02541835842118392,595.4055360671364,594.5480444633922
2026-05-04 09:09:54.719882,0.01045164929561638,595.415987716432,594.719882459295
2026-05-04 09:09:55.589009,0.3442072154053876,595.9332166034281,595.5890093880228
2026-05-04 09:09:55.683307,0.2678426996505334,596.2010593030786,595.6833065307785
2026-05-04 09:09:55.869863,0.0832113901870963,596.2842706932657,595.8698630263871
2026-05-04 09:09:56.016890,0.27489278249866983,596.5591634757644,596.0168897627761
2026-05-04 09:09:56.308719,0.32169417265582206,596.8808576484203,596.3087189795953
2026-05-04 09:09:56.556646,0.10710283564858601,596.9879604840688,596.5566463597006
2026-05-04 09:09:57.103076,0.2504978014329429,597.3535742717452,597.1030764703122
2026-05-04 09:09:57.106675,0.3582825185732841,597.7118567903185,597.1066745631255
2026-05-04 09:09:57.587969,0.32720859006527536,598.0390653803838,597.5879687961932
2026-05-04 09:09:58.042320,0.13740980155333235,598.1797298351111,598.0423200335578
2026-05-04 09:09:58.443914,0.16964400716023323,598.6135584691202,598.4439144619599
2026-05-04 09:09:58.857803,0.13735892669989966,598.9951623846688,598.8578034579689
2026-05-04 09:09:58.898236,0.05240266892670144,599.0475650535955,598.8982360321708
2026-05-04 09:09:59.409851,0.17028543157834286,599.5801364016332,599.4098509700549
2026-05-04 09:09:59.482382,0.027434635772351668,599.6075710374056,599.4823819200043
2026-05-04 09:09:59.577272,0.010643463422149538,599.6182145008278,599.5772721650034
2026-05-04 09:10:00.033833,0.3614645048744366,600.3952975166574,600.0338330117829
2026-05-04 09:10:00.620396,0.0009229994760229165,600.6213188343662,600.6203958348901
2026-05-04 09:10:00.871371,0.61578157975455,601.4871527478052,600.8713711680507
2026-05-04 09:10:01.526533,0.06746646751440305,601.593999448572,601.5265329810577
2026-05-04 09:10:01.608729,0.2446300938623018,601.8533593607709,601.6087292669087
2026-05-04 09:10:01.782409,0.05380723021448269,601.9071665909854,601.7824086339464
2026-05-04 09:10:02.658128,0.293414836207733,602.9515430024234,602.6581281662156
2026-05-04 09:10:03.524275,0.12946136014585596,603.6537364236741,603.5242750635282
2026-05-04 09:10:03.538258,0.07581762421074319,603.7295540478849,603.5382575473251
2026-05-04 09:10:04.426492,0.751985172871105,605.1784775553548,604.4264923824837
2026-05-04 09:10:04.642254,0.03436950572955517,605.2128470610843,604.6422535678752
2026-05-04 09:10:04.781761,0.6909128525033735,605.9037599135877,604.7817607361766
2026-05-04 09:10:05.018306,0.1883406286385434,606.0921005422263,605.0183060219308
2026-05-04 09:10:05.355304,0.31071717466371235,606.40281771689,605.3553040382708
2026-05-04 09:10:06.204586,0.5179262586526796,606.9207439755427,606.2045859734046
2026-05-04 09:10:06.408011,0.02886153586113412,606.9496055114038,606.4080114455936
2026-05-04 09:10:06.548260,0.06465989567191538,607.0142654070756,606.5482602348897
2026-05-04 09:10:06.909442,0.13414669354491876,607.1484121006206,606.9094420493559
2026-05-04 09:10:07.754718,0.4153456149027328,608.1700633162749,607.7547177013721
2026-05-04 09:10:08.610802,0.27391846378801915,608.8847200813137,608.6108016175257
2026-05-04 09:10:08.723312,0.12382575265278706,609.0085458339665,608.7233120339176
2026-05-04 09:10:08.785151,0.1588248393016577,609.1673706732682,608.7851510436324
2026-05-04 09:10:08.980858,0.3294612521489524,609.4968319254172,608.980857876179
2026-05-04 09:10:09.131100,0.1582327529644344,609.6550646783816,609.1311003339416
2026-05-04 09:10:09.240493,0.6331735984088454,610.2882382767904,609.2404929043018
2026-05-04 09:10:09.594549,0.06894136895594331,610.3571796457463,609.5945485957121
2026-05-04 09:10:10.151586,0.21536260220319497,610.5725422479495,610.1515860025177
2026-05-04 09:10:10.460131,0.034270243315517014,610.606812491265,610.4601311383076
2026-05-04 09:10:10.594204,0.06212264104199047,610.6689351323071,610.594204471063
2026-05-04 09:10:10.598829,0.19907396134231603,610.8680090936493,610.5988287980633
2026-05-04 09:10:11.448017,0.1930378346453519,611.6410552670552,611.4480174324099
2026-05-04 09:10:11.510292,0.3599345833624495,612.0009898504177,611.5102924973825
2026-05-04 09:10:11.999650,0.48345990095700303,612.4844497513747,611.9996499918391
2026-05-04 09:10:12.119726,0.18133122556595127,612.6657809769406,612.1197261789265
2026-05-04 09:10:12.130141,0.061476989704621135,612.7272579666452,612.1301406972469
2026-05-04 09:10:12.550500,0.08496524074295861,612.8122232073881,612.5505004464704
2026-05-04 09:10:13.072958,0.3402710457023232,613.4132290587762,613.0729580130738
2026-05-04 09:10:13.334185,0.03853533468768583,613.4517643934639,613.33418503711
2026-05-04 09:10:13.498735,0.24314065337543203,613.7418755998576,613.4987349464822
2026-05-04 09:10:13.570303,0.007426075940929227,613.7493016757985,613.5703026202959
2026-05-04 09:10:13.684530,0.11575142619962253,613.8650531019981,613.6845297496209
2026-05-04 09:10:13.961437,0.006448310627128454,613.9678849654704,613.9614366548433
2026-05-04 09:10:14.138357,0.05595645131119478,614.1943129749462,614.138356523635
2026-05-04 09:10:14.449906,0.2807246841361966,614.7306308640538,614.4499061799175
2026-05-04 09:10:15.037952,0.15620777861236154,615.1941600831957,615.0379523045833
2026-05-04 09:10:15.218633,0.0208302209623573,615.2394628310784,615.2186326101161
2026-05-04 09:10:15.448419,0.061781313479801064,615.5102002285793,615.4484189150994
2026-05-04 09:10:15.579342,0.1998333151235612,615.7791757222128,615.5793424070893
2026-05-04 09:10:15.592598,0.5474062965059913,616.3265820187188,615.592598315128
2026-05-04 09:10:16.208524,0.044208269851194394,616.37079028857,616.2085235193076
2026-05-04 09:10:16.635488,0.5435272903867844,617.1790153204555,616.6354880300687
2026-05-04 09:10:16.965960,0.838712419459843,618.0177277399154,616.9659596004127
2026-05-04 09:10:16.972660,0.30416367345761824,618.321891413373,616.9726596703034
2026-05-04 09:10:17.618499,0.05412885956680929,618.3760202729399,617.6184985226021
2026-05-04 09:10:17.690560,0.2719602118664845,618.6479804848063,617.690560298534
2026-05-04 09:10:18.702311,0.3990301889785177,619.1013413911539,618.7023112021755
2026-05-04 09:10:18.870647,0.21023549756332047,619.3115768887172,618.8706474711882
2026-05-04 09:10:19.107057,0.026910798113353864,619.3384876868306,619.1070568456344
2026-05-04 09:10:19.194019,0.012645839043273122,619.3511335258739,619.1940187694762
2026-05-04 09:10:19.217732,0.050993022965452606,619.4021265488394,619.2177323675695
2026-05-04 09:10:19.782332,0.006895980683905745,619.7892282611499,619.782332280466
2026-05-04 09:10:20.296311,0.1169586015218199,620.4132695434814,620.2963109419596
2026-05-04 09:10:21.944526,0.22517978580014805,622.1697057569527,621.9445259711525
2026-05-04 09:10:22.136047,0.29218191758547657,622.4618876745382,622.1360472408005
2026-05-04 09:10:22.244870,0.019861093179779177,622.4817487677179,622.2448701034003
2026-05-04 09:10:22.485407,0.10049622634520712,622.5859037148359,622.4854074884908
2026-05-04 09:10:22.697900,0.03538115434144763,622.7332813871637,622.6979002328223
2026-05-04 09:10:23.130750,0.06969629001220229,623.2004462822314,623.1307499922192
2026-05-04 09:10:23.186357,0.026897586287528093,623.2273438685189,623.186357169814
2026-05-04 09:10:23.465991,0.04155736475501719,623.5075479711378,623.4659906063828
2026-05-04 09:10:23.914056,0.053513227254825525,623.9675690315513,623.9140558042965
2026-05-04 09:10:24.397657,0.10491538916810282,624.502572254634,624.3976568654658
2026-05-04 09:10:24.504284,0.02555572753786982,624.5298394367423,624.5042837092045
2026-05-04 09:10:25.089315,0.19430306229099337,625.2836185608219,625.0893154985309
2026-05-04 09:10:25.290149,0.5248533198425548,625.8150022798757,625.2901489600331
2026-05-04 09:10:25.738849,0.19510726149619825,626.0101095413719,625.7388491530336
2026-05-04 09:10:25.945559,0.2835599202909535,626.2936694616628,625.9455589382479
2026-05-04 09:10:26.001503,0.038069606578327,626.3317390682412,626.0015026670756
2026-05-04 09:10:26.440665,0.029167607076068854,626.4698325032291,626.4406648961531
2026-05-04 09:10:26.684471,0.17610571346140066,626.8605763015082,626.6844705880468
2026-05-04 09:10:26.693504,0.28532138818301905,627.1458976896912,626.693503857956
2026-05-04 09:10:26.866147,0.11246278957844456,627.2583604792696,626.8661470791141
2026-05-04 09:10:27.340709,0.7339260267835985,628.0746351909185,627.3407091641349
2026-05-04 09:10:27.514114,0.051445453152041055,628.1260806440705,627.5141144896297
2026-05-04 09:10:27.721071,0.02185090776593488,628.1479315518365,627.7210711937007
2026-05-04 09:10:27.943468,0.1935162067091174,628.3414477585455,627.9434683748564
2026-05-04 09:10:27.945329,1.1073585716919843,629.4488063302375,627.9453294642807
2026-05-04 09:10:28.747414,0.08680262521382814,629.5356089554514,628.7474137689583
2026-05-04 09:10:28.767456,0.07415508305489606,629.6097640385062,628.7674562997342
2026-05-04 09:10:28.938414,0.9232492782062984,630.5330133167125,628.9384141020039
2026-05-04 09:10:29.782598,0.38265757214749613,630.9156708888601,629.7825980905991
2026-05-04 09:10:30.039951,0.22472295445053514,631.1403938433106,630.0399511212028
2026-05-04 09:10:30.224534,0.0342132253402584,631.1746070686509,630.2245343294076
2026-05-04 09:10:30.284684,0.19019692526538723,631.3648039939162,630.2846837276509
2026-05-04 09:10:30.551536,0.08171151320866185,631.4465155071249,630.5515356527303
2026-05-04 09:10:30.727134,0.10774038961854387,631.5542558967435,630.7271340660371
2026-05-04 09:10:30.749916,0.010024096362570484,631.5642799931061,630.74991590042
2026-05-04 09:10:31.680755,0.14202261254018017,631.8227778116441,631.6807551991039
2026-05-04 09:10:31.924115,0.0715772953588903,631.9956924993711,631.9241152040122
2026-05-04 09:10:32.063950,0.6166276693088335,632.6805775461548,632.063949876846
2026-05-04 09:10:32.437448,0.15034019202824597,632.8309177381831,632.437448484827
2026-05-04 09:10:32.475774,0.31340636859994975,633.1443241067831,632.4757738540156
2026-05-04 09:10:32.797772,0.15374050588530594,633.2980646126683,632.7977719135934
2026-05-04 09:10:32.944056,0.015524593640878671,633.3135892063092,632.9440557332377
2026-05-04 09:10:33.891840,0.08068054378615902,633.9725201859627,633.8918396421766
2026-05-04 09:10:34.247548,0.02285199466179602,634.2703998126326,634.2475478179708
2026-05-04 09:10:35.138707,0.011104051076514153,635.1498113889786,635.1387073379021
2026-05-04 09:10:35.746373,0.009972096325462176,635.7563452603206,635.7463731639951
2026-05-04 09:10:35.757084,0.029810257421977446,635.7868938875924,635.7570836301704
2026-05-04 09:10:36.237408,0.00553592369331827,636.2429439946302,636.2374080709369
2026-05-04 09:10:36.581169,0.46468088075970587,637.0458502519314,636.5811693711717
2026-05-04 09:10:36.776816,0.05417213705241974,637.1000223889838,636.7768155121674
2026-05-04 09:10:36.876391,0.14295327972602498,637.2429756687098,636.8763911889672
2026-05-04 09:10:37.132283,0.36489966488504244,637.6078753335948,637.1322828223041
2026-05-04 09:10:37.150151,0.08171363698479518,637.6895889705796,637.1501512244989
2026-05-04 09:10:37.241173,0.08389166024343452,637.7734806308231,637.2411727966505
2026-05-04 09:10:37.241938,0.3855616401652988,638.1590422709884,637.2419375292484
2026-05-04 09:10:38.646975,0.09456306554814223,638.7415380345902,638.646974969042
2026-05-04 09:10:39.039285,0.009897339344568823,639.0491825902637,639.0392852509192
2026-05-04 09:10:39.170667,0.012397340065572665,639.1830642924328,639.1706669523672
2026-05-04 09:10:39.908019,0.44671406165779226,640.3547334944454,639.9080194327877
2026-05-04 09:10:39.962814,0.07179672988381797,640.4265302243292,639.9628136613082
2026-05-04 09:10:39.972514,0.031918017152374294,640.4584482414816,639.9725144172927
2026-05-04 09:10:40.114969,0.00978187261901186,640.4682301141006,640.1149690739788
2026-05-04 09:10:40.229393,0.17475894919074325,640.6429890632913,640.2293930232947
2026-05-04 09:10:40.579591,0.04400638684432176,640.6869954501357,640.579591085667
2026-05-04 09:10:40.991095,0.06225968726655972,641.0533551849842,640.9910954977177
2026-05-04 09:10:41.015567,0.12959718157089636,641.1829523665551,641.0155674577454
2026-05-04 09:10:41.235845,0.15198702805393546,641.387832207099,641.2358451790451
2026-05-04 09:10:41.511989,0.1378181993030405,641.649807485679,641.511989286376
2026-05-04 09:10:41.879190,0.6045825844977912,642.4837725981556,641.8791900136579
2026-05-04 09:10:42.309697,0.02119566864178623,642.5049682667974,642.3096974773944
2026-05-04 09:10:42.348352,0.03242810826915414,642.5373963750666,642.3483517617242
2026-05-04 09:10:42.605292,0.04626685297709904,642.6515591315747,642.6052922785976
2026-05-04 09:10:42.885079,0.3419726008733985,643.2270516062439,642.8850790053705
2026-05-04 09:10:42.899956,0.037129600491756024,643.2641812067357,642.8999564113319
2026-05-04 09:10:42.963241,0.06267870167364895,643.3268599084093,642.9632406529173
2026-05-04 09:10:43.395473,0.11874641271932794,643.514218968508,643.3954725557886
2026-05-04 09:10:43.656158,0.16015220334369248,643.8163106484892,643.6561584451455
2026-05-04 09:10:43.848144,0.6425518972599087,644.4906956509551,643.8481437536952
2026-05-04 09:10:44.421842,0.005620223262844962,644.496315874218,644.4218418560139
2026-05-04 09:10:44.574507,0.2459155137634469,644.8204222262696,644.5745067125061
2026-05-04 09:10:45.255218,0.09577640448645813,645.3509947265767,645.2552183220902
2026-05-04 09:10:45.546815,0.07382124219260397,645.6206361121677,645.5468148699752
2026-05-04 09:10:45.779935,0.2987483096679672,646.0786831349446,645.7799348252767
2026-05-04 09:10:45.954097,0.13745022750032684,646.216133362445,645.9540974465077
2026-05-04 09:10:46.194528,0.2928523788383469,646.5089857412834,646.1945282605957
2026-05-04 09:10:46.222689,0.02597001431082893,646.5349557555942,646.222688650828
2026-05-04 09:10:46.316372,0.19715631386145072,646.7321120694556,646.3163715382927
2026-05-04 09:10:46.466110,0.22672626717577504,646.9588383366314,646.4661102124461
2026-05-04 09:10:46.490511,0.34668829305007764,647.3055266296815,646.4905105876434
2026-05-04 09:10:46.578468,0.11110523228152965,647.416631861963,646.5784680235748
2026-05-04 09:10:47.696136,0.12513421228611366,647.8212697690367,647.6961355567506
2026-05-04 09:10:47.833756,0.0544306932107759,647.8881869830393,647.8337562898286
2026-05-04 09:10:47.906318,0.08472141541985842,647.9910395744234,647.9063181590036
2026-05-04 09:10:48.075420,0.10821469078465579,648.1836344147717,648.0754197239871
2026-05-04 09:10:48.390207,0.0005219816330348495,648.3907292316264,648.3902072499934
2026-05-04 09:10:48.471879,0.12533377763438355,648.597212868546,648.4718790909116
2026-05-04 09:10:48.484797,0.062010861903742255,648.6592237304498,648.484797435321
2026-05-04 09:10:48.564703,0.21803915972500337,648.8772628901747,648.5647028214175
2026-05-04 09:10:48.692620,0.00236578096514823,648.8796286711399,648.6926198788955
2026-05-04 09:10:49.193554,0.03963807471163586,649.2331921608965,649.1935540861848
2026-05-04 09:10:49.363643,0.04976741312488677,649.4134106491241,649.3636432359992
2026-05-04 09:10:49.890157,0.010125485025335137,649.9002824185914,649.890156933566
2026-05-04 09:10:50.038283,0.6398111314325626,650.6780941868059,650.0382830553733
2026-05-04 09:10:50.100733,0.3770539041608331,651.0551480909667,650.100732631429
2026-05-04 09:10:50.150977,0.05518492190850552,651.1103330128751,650.1509766552083
2026-05-04 09:10:50.203029,0.07001079477382142,651.1803438076489,650.2030293350895
2026-05-04 09:10:50.559788,0.03099945833678234,651.2113432659856,650.5597880175047
2026-05-04 09:10:50.805913,0.0741796492795328,651.2855229152652,650.8059134365856
2026-05-04 09:10:51.002557,0.26057328624333426,651.5460962015086,651.0025565831147
2026-05-04 09:10:51.004590,0.13216920511704966,651.6782654066257,651.0045897009525
2026-05-04 09:10:51.758114,0.17331492747034938,651.9314290087125,651.7581140812422
2026-05-04 09:10:52.355545,0.010399024948222832,652.3659442766856,652.3555452517373
2026-05-04 09:10:52.498536,0.07127846846737673,652.5698140846404,652.498535616173
2026-05-04 09:10:52.590562,0.1341408762108117,652.7247028671152,652.5905619909043
2026-05-04 09:10:52.927653,0.1655884442060107,653.0932413764417,652.9276529322357
2026-05-04 09:10:54.269255,0.13160066229384368,654.4008561307282,654.2692554684344
2026-05-04 09:10:54.804065,0.19135295595716975,654.995418145201,654.8040651892438
2026-05-04 09:10:55.061712,0.015823118873287075,655.0775349001318,655.0617117812585
2026-05-04 09:10:55.186738,0.08432794093575913,655.2710654968035,655.1867375558678
2026-05-04 09:10:55.934253,0.1289776904658476,656.0632310777421,655.9342533872763
2026-05-04 09:10:56.030118,0.17378502432446144,656.2370161020666,656.0301183201693
2026-05-04 09:10:56.298963,0.07448850529351973,656.373451722328,656.2989632170345
2026-05-04 09:10:56.583161,0.2477821693291028,656.830943617738,656.5831614484089
2026-05-04 09:10:57.779225,0.13503055483864143,657.9142558701753,657.7792253153367
2026-05-04 09:10:58.662768,0.3483564759415334,659.0111242135926,658.662767737651
2026-05-04 09:10:58.757923,0.2526471961048012,659.2637714096974,658.7579234212222
2026-05-04 09:10:58.834798,0.18830287576214966,659.4520742854595,658.8347976510473
2026-05-04 09:10:58.888873,0.09394770431858901,659.5460219897781,658.8888731851944
2026-05-04 09:10:59.298870,0.20930915529251806,659.7553311450706,659.2988699568886
2026-05-04 09:10:59.304549,0.08782359821399824,659.8431547432846,659.3045488193874
2026-05-04 09:10:59.527602,0.4097460865394144,660.252900829824,659.5276020344327
2026-05-04 09:10:59.689769,0.0544570188232567,660.3073578486471,659.6897692700455
2026-05-04 09:11:00.401876,0.2561921944787022,660.6580680098787,660.4018758154
2026-05-04 09:11:02.270650,0.5388965458674979,662.8095467882101,662.2706502423426
2026-05-04 09:11:02.708596,0.11937735646500768,662.9289241446751,662.7085963120687
2026-05-04 09:11:03.089924,0.3413839689653056,663.431307734134,663.0899237651687
2026-05-04 09:11:03.376490,0.11013251180616353,663.5414402459401,663.376490246955
2026-05-04 09:11:04.008317,0.054021758178617846,664.0623383651314,664.0083166069528
2026-05-04 09:11:04.215999,0.19384653345641506,664.4098456546155,664.2159991211591
2026-05-04 09:11:05.164163,0.2109702544141543,665.375132840998,665.1641625865839
2026-05-04 09:11:05.232432,0.006232529661664411,665.3813653706598,665.232431867801
2026-05-04 09:11:06.014295,0.1520551882128758,666.1663501045241,666.0142949163112
2026-05-04 09:11:06.438579,0.012236174102673265,666.4508149528111,666.4385787787085
2026-05-04 09:11:07.917734,0.26939661766794215,668.1871307238974,667.9177341062295
2026-05-04 09:11:08.175481,0.06696512188132442,668.2540958457788,668.1754812583334
2026-05-04 09:11:08.505377,0.32384611509276645,668.8292235212685,668.5053774061757
2026-05-04 09:11:09.140746,0.21000527135540628,669.3507511587304,669.140745887375
2026-05-04 09:11:09.353138,0.1652467162832545,669.5183852090628,669.3531384927795
2026-05-04 09:11:09.397881,0.43682448402472684,669.9552096930876,669.397881144931
2026-05-04 09:11:09.633612,0.0686352761327656,670.0238449692204,669.6336123399129
2026-05-04 09:11:09.776064,0.1993214161495077,670.2231663853698,669.7760643384379
2026-05-04 09:11:10.004787,0.012500783965370063,670.2356671693352,670.004786661814
2026-05-04 09:11:10.158240,0.21444749899119736,670.4501146683264,670.1582396680997
2026-05-04 09:11:10.424056,0.02447169300580522,670.4745863613322,670.4240564433801
2026-05-04 09:11:10.771436,0.06067648670200139,670.8321123488914,670.7714358621894
2026-05-04 09:11:10.935463,0.2672352198143989,671.2026984043262,670.9354631845117
2026-05-04 09:11:10.968030,0.2098255110360845,671.4125239153623,670.9680296166241
2026-05-04 09:11:11.574381,0.05336847727495913,671.6277496071087,671.5743811298338
2026-05-04 09:11:12.091518,0.6085992510250765,672.7001171788244,672.0915179277993
2026-05-04 09:11:12.196663,0.29555041525523434,672.9956675940796,672.1966632238408
2026-05-04 09:11:12.344240,0.10569173409522487,673.1013593281748,672.3442397870855
2026-05-04 09:11:12.485400,0.17696043100153871,673.2783197591764,672.4854001131771
2026-05-04 09:11:12.682662,0.05658544381279969,673.3349052029891,672.6826617729572
2026-05-04 09:11:12.686608,0.42201517698954405,673.7569203799787,672.6866075865927
2026-05-04 09:11:12.703988,0.09747806814889937,673.8543984481277,672.7039877007194
2026-05-04 09:11:13.539476,0.477800735418649,674.3321991835463,673.5394763815583
2026-05-04 09:11:13.705274,0.0883387679435992,674.4205379514899,673.7052735447135
2026-05-04 09:11:13.749446,0.028157200411687233,674.4486951519016,673.7494455736417
2026-05-04 09:11:14.195211,0.11395438892933743,674.5626495408309,674.1952114152367
2026-05-04 09:11:14.225516,0.14532066726781212,674.7079702080987,674.2255164425753
2026-05-04 09:11:14.294725,0.09357552136206425,674.8015457294607,674.2947246438624
2026-05-04 09:11:14.495281,0.022524834190896622,674.8240705636516,674.4952813935488
2026-05-04 09:11:14.671096,0.6500511199543239,675.474121683606,674.6710961916075
2026-05-04 09:11:14.786104,0.21370151901732065,675.6878232026233,674.7861040298473
2026-05-04 09:11:15.080937,0.3913877445422104,676.0792109471655,675.080936578801
2026-05-04 09:11:15.938924,0.038305021446889555,676.1175159686125,675.9389243164148
2026-05-04 09:11:16.112920,0.36445692455086726,676.4819728931633,676.112919988411
2026-05-04 09:11:16.434758,0.23920207302652208,676.7211749661898,676.4347581038795
2026-05-04 09:11:16.624636,0.029099260150540342,676.7502742263404,676.6246362504061
2026-05-04 09:11:16.629551,0.6622406136108456,677.4125148399512,676.6295505753617
2026-05-04 09:11:16.656619,0.2363951798052829,677.6489100197565,676.6566186802205
2026-05-04 09:11:16.738418,0.06000751959868858,677.7089175393552,676.7384175636168
2026-05-04 09:11:17.075907,0.2626111510975171,677.9715286904527,677.0759068029018
2026-05-04 09:11:17.972759,0.02762987663711679,678.0003887652006,677.9727588885635
2026-05-04 09:11:18.566050,0.0634236178911213,678.6294740949454,678.5660504770543
2026-05-04 09:11:19.503466,0.23364276342947973,679.7371089499272,679.5034661864978
2026-05-04 09:11:21.458922,0.00042323385669308894,681.459345357764,681.4589221239073
2026-05-04 09:11:21.565903,0.07702468287897653,681.6429271919801,681.5659025091011
2026-05-04 09:11:21.720986,0.06334562270701637,681.7843317253017,681.7209861025947
2026-05-04 09:11:21.986521,0.38342105897605727,682.3699417567616,681.9865206977855
2026-05-04 09:11:22.154616,0.1422182102756033,682.5121599670372,682.1546156456043
2026-05-04 09:11:22.643101,0.15802820280176927,682.8011296892496,682.6431014864478
2026-05-04 09:11:22.686963,0.4920271161456564,683.2931568053953,682.6869632615785
2026-05-04 09:11:23.256782,0.08461205164960073,683.3777688570449,683.2567817524256
2026-05-04 09:11:23.272296,0.5279779351463364,683.9057467921912,683.2722962875838
2026-05-04 09:11:23.388927,0.07110295420198968,683.9768497463931,683.3889271931046
2026-05-04 09:11:23.980503,0.25443243863146936,684.2349351814737,683.9805027428422
2026-05-04 09:11:24.061755,0.019628945588638924,684.2545641270624,684.0617553849917
2026-05-04 09:11:24.342554,0.6761539822667202,685.0187076492839,684.3425536670172
2026-05-04 09:11:24.645803,0.3540927335191297,685.372800382803,684.6458034072851
2026-05-04 09:11:25.221011,0.19066545810992352,685.563465840913,685.221011191095
2026-05-04 09:11:25.709769,0.06428301220372587,685.7740519644576,685.7097689522539
2026-05-04 09:11:26.713146,0.07171212395333504,686.7848581876303,686.713146063677
2026-05-04 09:11:27.141326,0.16322303621724618,687.304548691377,687.1413256551598
2026-05-04 09:11:27.486256,0.2176392522633538,687.7038954966605,687.4862562443972
2026-05-04 09:11:27.655314,0.15420483573545382,687.8581003323959,687.6553135715031
2026-05-04 09:11:27.735758,0.16222790184478442,688.0203282342407,687.7357582319112
2026-05-04 09:11:27.751411,0.09226284189735622,688.112591076138,687.7514108871683
2026-05-04 09:11:27.826803,0.4524524785001358,688.5650435546381,687.8268030673646
2026-05-04 09:11:27.935037,0.03004426192770586,688.5950878165659,687.9350373857607
2026-05-04 09:11:28.247993,0.02596514396695054,688.6210529605328,688.2479926105788
2026-05-04 09:11:28.495457,0.4952164320347717,689.1162693925676,688.4954568492365
2026-05-04 09:11:28.714301,0.0972837404827583,689.2135531330504,688.7143013730932
2026-05-04 09:11:29.021310,0.22328502508397233,689.4368381581344,689.0213102705816
2026-05-04 09:11:29.169052,0.17692330145717194,689.6137614595915,689.169051625426
2026-05-04 09:11:29.226910,0.47862443460326287,690.0923858941948,689.2269095053542
2026-05-04 09:11:29.282499,0.19837514542606416,690.2907610396209,689.2824991894504
2026-05-04 09:11:29.516416,0.0654530280813293,690.3562140677022,689.5164157263046
2026-05-04 09:11:29.895933,0.04109271924600077,690.3973067869482,689.8959330473771
2026-05-04 09:11:29.897891,0.09147605989949809,690.4887828468477,689.8978907684912
2026-05-04 09:11:30.273892,0.27195908956028264,690.760741936408,690.2738924801107
2026-05-04 09:11:30.433720,0.005603445229387318,690.7663453816374,690.4337203661878
2026-05-04 09:11:30.807555,0.18474206085867872,690.9922970876413,690.8075550267827
2026-05-04 09:11:31.102261,0.8676962157262884,691.9699576801283,691.1022614644021
2026-05-04 09:11:31.211057,0.5075238497824581,692.4774815299108,691.2110570943827
2026-05-04 09:11:32.885247,0.023046152060308706,692.9082932627101,692.8852471106499
2026-05-04 09:11:32.997475,0.06671523951727434,693.064189895137,692.9974746556197
2026-05-04 09:11:33.193748,0.03888304631811861,693.2326306657243,693.1937476194062
2026-05-04 09:11:34.150262,0.023504852303877166,694.1737665145057,694.1502616622018
2026-05-04 09:11:35.451194,0.20954462079058384,695.6607384028645,695.4511937820739
2026-05-04 09:11:35.466885,0.09595912939276267,695.7566975322572,695.4668854945102
2026-05-04 09:11:35.689080,0.10507658385727481,695.8617741161145,695.6890800156842
2026-05-04 09:11:35.809561,0.44880898596722285,696.3105831020818,695.809560573182
2026-05-04 09:11:36.455345,0.034597009142255164,696.4899417548098,696.4553447456676
2026-05-04 09:11:36.543754,0.498566275468205,697.0423199735056,696.5437536980374
2026-05-04 09:11:36.891209,0.5462487124871591,697.5885686859928,696.8912090909041
2026-05-04 09:11:36.933800,0.040235841081670415,697.6288045270744,696.9337999642448
2026-05-04 09:11:36.939774,0.1919588124834305,697.8207633395579,696.9397743306295
2026-05-04 09:11:37.264862,0.3052022742179422,698.1259656137757,697.2648624864082
2026-05-04 09:11:37.303779,0.08737183544665848,698.2133374492224,697.3037792912097
2026-05-04 09:11:37.652751,0.03151429010058943,698.244851739323,697.652751280759
2026-05-04 09:11:38.077702,0.8227224069621792,699.0675741462852,698.0777020880801
2026-05-04 09:11:38.244412,0.28345049210850803,699.3510246383937,698.2444115555902
2026-05-04 09:11:39.857035,0.1510508612766052,700.0080861423581,699.8570352810815
2026-05-04 09:11:40.219762,0.3056775159427694,700.5254390676723,700.2197615517296
2026-05-04 09:11:41.016653,0.46925596198942093,701.4859085538459,701.0166525918564
2026-05-04 09:11:41.807273,0.25789962196452143,702.0651722716516,701.8072726496871
2026-05-04 09:11:42.612466,0.037509159255832286,702.6499755969436,702.6124664376878
2026-05-04 09:11:42.670511,0.11741101220337254,702.787922123965,702.6705111117617
2026-05-04 09:11:43.096671,0.04565636218418781,703.1423273336576,703.0966709714734
2026-05-04 09:11:43.250909,0.14658698001262924,703.3974960218557,703.250909041843
2026-05-04 09:11:43.291672,0.29661836831305205,703.6941143901687,703.2916717722543
2026-05-04 09:11:43.680762,0.44272956005042413,704.1368439502191,703.6807622896298
2026-05-04 09:11:43.923707,0.017368031992220742,704.1542119822113,703.9237065945347
2026-05-04 09:11:44.231969,0.07255514613139408,704.3045244944257,704.2319693482942
2026-05-04 09:11:44.393932,0.5929926126209403,704.9869244696328,704.3939318570118
2026-05-04 09:11:44.831863,0.17047238975570997,705.1573968593884,704.8318626592313
2026-05-04 09:11:44.964681,0.00641611350454286,705.163812972893,704.9646808514071
2026-05-04 09:11:45.137761,0.48533376728561256,705.6491467401786,705.1377607716611
2026-05-04 09:11:45.140608,0.03678356556795836,705.6859303057465,705.1406082040762
2026-05-04 09:11:45.411364,0.20279327328532118,705.8887235790319,705.4113639091674
2026-05-04 09:11:45.424534,0.6428377620103248,706.5315613410422,705.4245339070891
2026-05-04 09:11:45.449041,0.17232190610849604,706.7038832471508,705.4490410406361
2026-05-04 09:11:45.662246,0.7272131493926436,707.4310963965435,705.6622457476113
2026-05-04 09:11:46.091278,0.43051618309745204,707.8616125796409,706.0912782088183
2026-05-04 09:11:46.243092,0.8384390696811672,708.7000516493221,706.2430916440702
2026-05-04 09:11:46.536878,0.002324747768668474,708.7023763970907,706.5368776798593
2026-05-04 09:11:47.026561,0.053260659601426966,708.7556370566921,707.0265609154894
2026-05-04 09:11:47.100615,0.11223694361369563,708.8678740003057,707.1006147010902
2026-05-04 09:11:47.470266,1.062462431914416,709.9303364322202,707.4702658335725
2026-05-04 09:11:47.537004,0.06394793488853699,709.9942843671088,707.5370041508958
2026-05-04 09:11:47.819149,0.2077757457326014,710.2020601128414,707.8191488203622
2026-05-04 09:11:47.900762,0.4412994948109075,710.6433596076523,707.9007616721683
2026-05-04 09:11:47.975895,0.03354052187201931,710.6769001295244,707.9758945591484
2026-05-04 09:11:48.385989,0.10128069429299683,710.7781808238174,708.3859894773278
2026-05-04 09:11:48.917688,0.17820202574370836,710.9563828495611,708.9176876766297
2026-05-04 09:11:50.975982,0.1427905060198884,711.1187729814416,710.9759824754217
2026-05-04 09:11:50.990711,0.1054880293854102,711.2242610108269,710.9907111247883
2026-05-04 09:11:51.282730,4.020751047541029e-05,711.2827705475295,711.282730340019
2026-05-04 09:11:51.581901,1.3835875366934471,712.9654889977262,711.5819014610328
2026-05-04 09:11:51.628586,0.003036550608132821,712.9685255483344,711.6285858868795
2026-05-04 09:11:51.748370,0.04986710458039173,713.0183926529147,711.7483700603299
2026-05-04 09:11:51.998950,0.08006942375957068,713.0984620766743,711.9989498486049
2026-05-04 09:11:52.087676,0.31882357051155896,713.4172856471858,712.0876760140563
2026-05-04 09:11:52.120188,0.015530501424188076,713.4328161486101,712.1201883846516
2026-05-04 09:11:53.100510,0.0387513105012475,713.4715674591113,713.1005101669425
2026-05-04 09:11:53.435310,0.015069550439078622,713.4866370095503,713.435309960884
2026-05-04 09:11:53.490956,0.0982389237293193,713.5891948583569,713.4909559346276
2026-05-04 09:11:54.265223,0.033891310230908335,714.2991139803551,714.2652226701241
2026-05-04 09:11:54.446664,0.2379695470313116,714.6846339803544,714.4466644333231
2026-05-04 09:11:54.545264,0.14373478163769043,714.8283687619921,714.5452635720538
2026-05-04 09:11:55.235002,0.026975440416731302,715.2619773778429,715.2350019374261
2026-05-04 09:11:55.318326,0.5101701640069255,715.8284957391867,715.3183255751798
2026-05-04 09:11:55.609407,1.4215591024507381,717.2500548416374,715.6094067126779
2026-05-04 09:11:56.176655,0.025992092591383072,717.2760469342288,716.1766554505464
2026-05-04 09:11:56.196775,0.054538768007436726,717.3305857022362,716.1967749605816
2026-05-04 09:11:56.281383,0.2126105665539565,717.5431962687902,716.2813826708671
2026-05-04 09:11:56.427318,0.07999175938212384,717.6231880281723,716.4273182543277
2026-05-04 09:11:56.503046,0.09906697118630943,717.7222549993586,716.5030463959174
2026-05-04 09:11:56.531559,0.13439089268257157,717.8566458920411,716.5315588033899
2026-05-04 09:11:56.590301,0.02034154439483572,717.8769874364359,716.5903012044324
2026-05-04 09:11:56.852610,0.8713027963826872,718.7482902328186,716.8526098169303
2026-05-04 09:11:57.564368,0.2655708408908928,719.0138610737094,717.5643677234171
2026-05-04 09:11:57.705512,0.34396083443230335,719.3578219081418,717.7055119623398
2026-05-04 09:11:57.805796,0.14033136407112853,719.4981532722129,717.8057962470468
2026-05-04 09:11:59.698504,0.0726681403669951,719.7711720884549,719.6985039480879
2026-05-04 09:12:00.023183,0.06340419010857841,720.0865872015271,720.0231830114185
2026-05-04 09:12:00.253072,0.30311788842444776,720.5561903040551,720.2530724156306
2026-05-04 09:12:00.548099,0.05834452441460584,720.6145348284697,720.5480994348725
2026-05-04 09:12:00.877692,0.08048434118494964,720.9581762922838,720.8776919510989
2026-05-04 09:12:01.219483,0.01344137585803554,721.2329247140054,721.2194833381474
2026-05-04 09:12:01.242361,0.13344172158743303,721.3758023864788,721.2423606648913
2026-05-04 09:12:01.390610,0.3748146503900942,721.7654244272803,721.3906097768902
2026-05-04 09:12:01.509279,0.07788406663570484,721.8433084939161,721.5092785092339
2026-05-04 09:12:01.641961,0.05337078352270802,721.8966792774388,721.6419610716821
2026-05-04 09:12:01.927149,0.060190252936252624,721.9873390153023,721.927148762366
2026-05-04 09:12:02.623243,0.10744842515106548,722.7306916107261,722.623243185575
2026-05-04 09:12:02.643650,0.1664465067155444,722.8971381174416,722.6436501858918
2026-05-04 09:12:04.057101,0.10257146483602363,724.1596726547676,724.0571011899316
2026-05-04 09:12:04.507051,0.15486237262484698,724.6619130640178,724.5070506913929
2026-05-04 09:12:04.874813,0.15136572226158246,725.026179020583,724.8748132983213
2026-05-04 09:12:05.974649,0.16714489879603242,726.1417939815584,725.9746490827624
2026-05-04 09:12:06.250744,0.3010762473970284,726.5518201774676,726.2507439300705
2026-05-04 09:12:06.271224,0.1098282988607876,726.6616484763283,726.2712237153395
2026-05-04 09:12:06.663202,0.5020186079526305,727.1652210395297,726.663202431577
2026-05-04 09:12:07.057856,0.17244530627593335,727.3376663458056,727.0578557842525
2026-05-04 09:12:07.301317,0.4911224287737902,727.8287887745794,727.301316500015
2026-05-04 09:12:07.332931,0.012024091486216072,727.8408128660656,727.3329314076724
2026-05-04 09:12:07.376333,0.03256673088709268,727.8733795969526,727.3763329056752
2026-05-04 09:12:07.920585,0.015204346331744237,727.9357891855938,727.920584839262
2026-05-04 09:12:08.056022,0.03822908784102109,728.094251429974,728.0560223421329
2026-05-04 09:12:08.435778,0.12824312618282308,728.5640215590288,728.435778432846
2026-05-04 09:12:08.659432,0.26485009394278036,728.9242820602914,728.6594319663486
2026-05-04 09:12:08.882669,0.03141634660888045,728.9556984069003,728.8826688137776
2026-05-04 09:12:09.437485,0.24035284701197243,729.6778379151683,729.4374850681563
2026-05-04 09:12:09.578981,0.1426790209527516,729.8205169361211,729.5789808910098
2026-05-04 09:12:10.116625,0.11688897911293915,730.2335137606425,730.1166247815296
2026-05-04 09:12:10.321731,0.038553803548664695,730.3602851198129,730.3217313162643
2026-05-04 09:12:10.419484,0.31954773314117085,730.7390320557922,730.4194843226511
2026-05-04 09:12:10.874106,0.03249715251386003,730.9066029850585,730.8741058325446
2026-05-04 09:12:10.951371,0.016795056928507503,730.9681656897899,730.9513706328614
2026-05-04 09:12:11.011985,0.09242282385073676,731.1044080376149,731.0119852137642
2026-05-04 09:12:11.032841,0.03554821590574867,731.1399562535206,731.0328411511751
2026-05-04 09:12:12.277074,0.03110470969493422,732.3081783248363,732.2770736151414
2026-05-04 09:12:12.733954,0.13812112257079592,732.8720746833379,732.7339535607671
2026-05-04 09:12:13.698172,0.2784810446775817,733.9766527993188,733.6981717546412
2026-05-04 09:12:13.804979,0.09824436543284884,734.0748971647516,733.804978987727
2026-05-04 09:12:13.809862,0.16153093218383588,734.2364280969355,733.8098618432855
2026-05-04 09:12:13.897704,0.45548318413064753,734.6919112810662,733.8977036372513
2026-05-04 09:12:14.345477,0.044887434282722107,734.7367987153489,734.3454771184055
2026-05-04 09:12:14.496491,0.008890447923392357,734.7456891632722,734.4964906749317
2026-05-04 09:12:14.565452,0.010302100764478688,734.7559912640368,734.5654519750764
2026-05-04 09:12:15.070196,0.08967122776204434,735.1598677060166,735.0701964782545
2026-05-04 09:12:15.558705,0.04347223250654349,735.60217769149,735.5587054589835
2026-05-04 09:12:15.749327,0.37688920700670436,736.1262166613566,735.7493274543499
2026-05-04 09:12:16.019705,0.19890792736387122,736.3251245887204,736.0197047480088
2026-05-04 09:12:16.260623,0.06631167278000422,736.3914362615004,736.260622593216
2026-05-04 09:12:16.475186,0.17961350414696375,736.6547991326174,736.4751856284705
2026-05-04 09:12:16.545794,0.02015625300923016,736.6749553856266,736.5457942056761
2026-05-04 09:12:16.675609,0.026658604227004556,736.7022680668381,736.6756094626111
2026-05-04 09:12:16.912868,0.03291621019986025,736.9457842576136,736.9128680474137
2026-05-04 09:12:16.947980,0.12173993561359074,737.0697196429478,736.9479797073342
2026-05-04 09:12:17.135148,0.02046713350713126,737.1556155343299,737.1351484008227
2026-05-04 09:12:17.148771,0.26529064627295623,737.4209061806029,737.1487706018391
2026-05-04 09:12:17.151118,0.7400776111468192,738.1609837917497,737.1511176994566
2026-05-04 09:12:17.175279,0.30932576230768605,738.4703095540574,737.1752792140925
2026-05-04 09:12:17.496156,0.02248007520924851,738.4927896292667,737.4961562875494
2026-05-04 09:12:18.288233,0.220919633506509,738.7137092627731,738.2882328722469
2026-05-04 09:12:18.505443,0.006772881249654108,738.7204821440228,738.505443132802
2026-05-04 09:12:18.605558,0.0966540634361528,738.8171362074589,738.6055583758797
2026-05-04 09:12:18.829122,0.06723822723635535,738.8963602968029,738.8291220695666
2026-05-04 09:12:20.256452,0.09689877571246346,740.3533511240042,740.2564523482918
2026-05-04 09:12:20.674267,0.12154877663052228,740.7958158802791,740.6742671036485
2026-05-04 09:12:20.783623,0.06744026263327944,740.8632561429123,740.783622574708
2026-05-04 09:12:20.852193,0.18927490041631292,741.0525310433286,740.8521934887499
2026-05-04 09:12:20.861907,0.02631380287650766,741.0788448462051,740.8619067186872
2026-05-04 09:12:20.916488,0.09176854081934899,741.1706133870244,740.9164877669336
2026-05-04 09:12:21.004238,0.0574850799503539,741.2280984669748,741.0042381292845
2026-05-04 09:12:21.262406,0.2788004945152792,741.541206896466,741.2624064019507
2026-05-04 09:12:21.946346,0.043346282633718675,741.9896926386906,741.9463463560569
2026-05-04 09:12:22.163683,0.24616439678552898,742.4098478895722,742.1636834927867
2026-05-04 09:12:22.254797,0.12218174608885826,742.532029635661,742.254797093438
2026-05-04 09:12:22.510655,0.008477470136482434,742.5405071057975,742.5106547669363
2026-05-04 09:12:22.540133,0.09983119674493457,742.6403383025424,742.5401334904757
2026-05-04 09:12:22.737103,0.4117475440313205,743.1488504071374,742.7371028631061
2026-05-04 09:12:22.816748,0.5411281319619999,743.6899785390993,742.8167479546328
2026-05-04 09:12:22.840643,0.1788884990295933,743.8688670381289,742.8406425809976
2026-05-04 09:12:22.953650,0.7281697761176189,744.5970368142465,742.9536498176822
2026-05-04 09:12:22.973521,0.15094741084210458,744.7479842250887,742.9735209489213
2026-05-04 09:12:23.461776,0.08455422382248395,744.8325384489111,743.4617755606557
2026-05-04 09:12:24.206529,0.06212887480637772,744.8946673237175,744.2065289466572
2026-05-04 09:12:24.374101,0.023676490381677042,744.9183438140992,744.3741009871742
2026-05-04 09:12:24.435301,0.2917230364188164,745.210066850518,744.4353014588055
2026-05-04 09:12:24.564090,0.0052241865826409516,745.2152910371007,744.5640902888534
2026-05-04 09:12:24.935451,0.12431072908489059,745.3396017661855,744.9354506821212
2026-05-04 09:12:25.277459,0.019443399573721144,745.3590451657592,745.2774587675294
2026-05-04 09:12:26.638561,0.29702682956616394,746.935587372142,746.6385605425759
2026-05-04 09:12:27.477398,0.38168546605612014,747.859083160267,747.4773976942109
2026-05-04 09:12:27.614339,0.11854075961690742,747.977623919884,747.6143394541026
2026-05-04 09:12:27.688412,0.1072261611486206,748.0848500810326,747.6884123970688
2026-05-04 09:12:28.748675,0.5840029674479004,749.33267812025,748.7486751528021
2026-05-04 09:12:29.054293,0.394958865104128,749.7276369853541,749.0542931504682
2026-05-04 09:12:29.407590,0.12911674524991526,749.856753730604,749.4075897512737
2026-05-04 09:12:30.075347,0.2897872401239012,750.3651345866186,750.0753473464947
2026-05-04 09:12:30.910849,0.049743651389474966,750.9605928824344,750.910849231045
2026-05-04 09:12:31.420978,0.12155448495401114,751.5425320382269,751.4209775532729
2026-05-04 09:12:31.445107,0.12140327419041791,751.6639353124174,751.4451072967815
2026-05-04 09:12:31.783136,0.027632429341961945,751.8107683134018,751.7831358840599
2026-05-04 09:12:31.858747,0.15080397115608302,752.0095509984744,751.8587470273184
2026-05-04 09:12:31.964968,0.049139896723016885,752.0586908951974,751.9649680480196
2026-05-04 09:12:32.584337,0.13329891876811448,752.717635819721,752.5843369009528
2026-05-04 09:12:32.856543,1.1827710677307153,754.0393137181997,752.8565426504689
2026-05-04 09:12:33.019190,0.054240240652193364,754.0935539588519,753.0191898186873
2026-05-04 09:12:33.230408,0.06068251487975517,754.1542364737317,753.2304078335789
2026-05-04 09:12:33.967474,0.348955040969064,754.5031915147007,753.9674744890062
2026-05-04 09:12:36.385656,0.055832087049865864,756.4414880026392,756.3856559155893
2026-05-04 09:12:36.555285,0.01637898988242923,756.5716637162384,756.5552847263559
2026-05-04 09:12:36.797502,0.04655001428096349,756.844051653248,756.7975016389671
2026-05-04 09:12:36.900775,0.010783414167440738,756.9115579481982,756.9007745340307
2026-05-04 09:12:36.992535,0.21345786311994083,757.2059925498683,756.9925346867483
2026-05-04 09:12:37.216252,0.38982292529689666,757.6060753172023,757.2162523919054
2026-05-04 09:12:37.550575,0.0027379995604686815,757.6088133167628,757.5505750142269
2026-05-04 09:12:38.187640,0.2757583781608745,758.4633980428154,758.1876396646545
2026-05-04 09:12:38.866410,0.2514669590635354,759.1178773656909,758.8664104066273
2026-05-04 09:12:38.868876,0.23554046314665184,759.3534178288376,758.8688761432267
2026-05-04 09:12:39.022999,0.08116533471348215,759.434583163551,759.0229985839981
2026-05-04 09:12:39.875461,0.1527092549111685,760.0281699762455,759.8754607213343
2026-05-04 09:12:40.258288,0.1285252768499802,760.3868133085068,760.2582880316569
2026-05-04 09:12:40.591689,0.2693974137968718,760.8610862259442,760.5916888121473
2026-05-04 09:12:40.911185,0.6294345996458461,761.5406195459657,760.9111849463198
2026-05-04 09:12:40.979054,0.0928429938508985,761.6334625398166,760.9790544708143
2026-05-04 09:12:41.413261,0.02296441470584008,761.6564269545224,761.4132608651114
2026-05-04 09:12:41.471339,0.01397140728482314,761.6703983618072,761.4713387350633
2026-05-04 09:12:41.622330,0.4930193212887843,762.163417683096,761.6223302695676
2026-05-04 09:12:42.048061,0.09363156445477278,762.2570492475508,762.0480611021744
2026-05-04 09:12:42.642142,0.31653572059774815,762.9586780586307,762.642142338033
2026-05-04 09:12:42.955752,0.08510852620704776,763.0437865848377,762.9557516255244
2026-05-04 09:12:43.171295,0.6014357105767134,763.7727307929213,763.1712950823445
2026-05-04 09:12:43.438268,0.17536040159984262,763.9480911945211,763.4382675029285
2026-05-04 09:12:44.532541,0.3518338042619187,764.8843750062109,764.532541201949
2026-05-04 09:12:44.705213,0.2232252221201783,765.1076002283311,764.7052128061048
2026-05-04 09:12:44.720648,0.03948569900402449,765.1470859273351,764.7206482004549
2026-05-04 09:12:45.016816,0.1576587734264434,765.3047447007615,765.0168163859656
2026-05-04 09:12:45.169402,0.0562407662348738,765.3609854669963,765.1694024571635
2026-05-04 09:12:45.205156,0.0035021505289253895,765.3644876175252,765.2051560196287
2026-05-04 09:12:45.244982,0.5617148189552653,765.9262024364805,765.2449819003281
2026-05-04 09:12:45.276769,0.2708468954851661,766.1970493319657,765.2767688924439
2026-05-04 09:12:45.617361,0.027390086736630615,766.2244394187023,765.6173607069932
2026-05-04 09:12:45.799130,0.22709513768402997,766.4515345563864,765.799130445025
2026-05-04 09:12:45.818739,0.029357907148799402,766.4808924635352,765.8187392435033
2026-05-04 09:12:46.250296,0.39592876325026993,766.8768212267854,766.250295634913
2026-05-04 09:12:46.287840,0.6154849974684514,767.4923062242539,766.2878404708616
2026-05-04 09:12:46.348282,0.13927445091901722,767.6315806751729,766.3482824340375
2026-05-04 09:12:46.928535,0.14972110364886623,767.7813017788218,766.9285346486862
2026-05-04 09:12:47.016020,0.1199980646491205,767.901299843471,767.016019749075
2026-05-04 09:12:47.152872,0.6082230658996455,768.5095229093706,767.152871730103
2026-05-04 09:12:47.404436,0.1413673308422224,768.6508902402128,767.4044364943982
2026-05-04 09:12:48.016120,0.46781860560374017,769.1187088458165,768.0161203126997
2026-05-04 09:12:48.924309,0.16426320576367492,769.2829720515801,768.9243092006317
2026-05-04 09:12:49.469547,0.11257832881460457,769.5821251765755,769.4695468477609
2026-05-04 09:12:49.481662,0.03818672378362932,769.6203119003591,769.4816618685101
2026-05-04 09:12:49.680977,0.7549871086880335,770.4359640446733,769.6809769359852
2026-05-04 09:12:50.180119,0.04956015194626623,770.4855241966195,770.1801194508745
2026-05-04 09:12:50.230235,0.1979075630445944,770.6834317596641,770.2302347761681
2026-05-04 09:12:50.593996,0.29332274877099535,770.9767545084351,770.593996395389
2026-05-04 09:12:50.637345,0.062339844314999004,771.0390943527501,770.6373449056451
2026-05-04 09:12:51.283806,0.5134758078091377,771.797281990465,771.2838061826558
2026-05-04 09:12:51.816023,0.20836902253945527,772.0243917712132,771.8160227486737
2026-05-04 09:12:52.062313,0.30028433850667846,772.3625975262049,772.0623131876982
2026-05-04 09:12:52.347859,0.2528808458731684,772.6154783720781,772.3478591347996
2026-05-04 09:12:52.356530,0.2427521641275029,772.8582305362056,772.356530444816
2026-05-04 09:12:52.516745,0.6211524093003846,773.479382945506,772.5167448352761
2026-05-04 09:12:52.584906,0.26246838005857115,773.7418513255645,772.5849055310492
2026-05-04 09:12:52.921363,0.49882974958009046,774.2406810751446,772.9213634721843
2026-05-04 09:12:52.940448,0.11833970849143566,774.3590207836361,772.9404478422493
2026-05-04 09:12:53.071419,0.04956899439833559,774.4085897780344,773.0714192730107
2026-05-04 09:12:53.643139,0.07610784275925721,774.4846976207937,773.6431385882566
2026-05-04 09:12:53.819183,0.05958137766847478,774.5442789984621,773.8191831204805
2026-05-04 09:12:54.828865,0.3314178674070596,775.1602824892335,774.8288646218265
2026-05-04 09:12:55.133600,0.033073750766127064,775.1933562399996,775.1335996983934
2026-05-04 09:12:56.046306,0.2612018449491775,776.30750822594,776.0463063809908
2026-05-04 09:12:56.278889,0.06936516660713048,776.376873392547,776.2788890989475
2026-05-04 09:12:56.929977,0.3048100172691776,777.2347873057599,776.9299772884907
2026-05-04 09:12:56.940080,0.04610860025888379,777.2808959060188,776.940080052974
2026-05-04 09:12:57.091902,0.0251888741486794,777.3060847801675,777.0919015197301
2026-05-04 09:12:57.496816,0.1743517401437588,777.6711677760369,777.4968160358932
2026-05-04 09:12:58.346903,0.052132855695055026,778.399036153944,778.346903298249
2026-05-04 09:12:58.467129,0.0531613122024495,778.5202908039362,778.4671294917338
2026-05-04 09:12:59.641102,0.21796202138617762,779.8590635934348,779.6411015720487
2026-05-04 09:12:59.767066,0.1636856137998903,780.0227492072347,779.767066450211
2026-05-04 09:12:59.807357,0.12379200218835174,780.146541209423,779.8073571679087
2026-05-04 09:13:00.681159,0.07905160268967655,780.760210552984,780.6811589502943
2026-05-04 09:13:00.784958,0.10735595541784136,780.8923140390147,780.7849580835968
2026-05-04 09:13:00.890652,0.3380447249675783,781.2303587639823,780.8906519195804
2026-05-04 09:13:00.995236,0.20496646551935416,781.4353252295016,780.9952358087421
2026-05-04 09:13:01.212344,0.05434216113869518,781.4896673906403,781.2123436329849
2026-05-04 09:13:01.434333,0.23340438455209964,781.7230717751924,781.434333178444
2026-05-04 09:13:02.388951,0.011525078253570045,782.4004760650549,782.3889509868013
2026-05-04 09:13:02.912221,0.0033954605932669784,782.9156161693086,782.9122207087153
2026-05-04 09:13:03.462062,0.1027104866262234,783.5647726624601,783.4620621758338
2026-05-04 09:13:04.148390,0.03275669277950821,784.1811470923972,784.1483903996177
2026-05-04 09:13:04.486172,0.012030568922947472,784.4982023264854,784.4861717575625
2026-05-04 09:13:04.602063,0.05055069392993025,784.6526138625014,784.6020631685715
2026-05-04 09:13:04.737600,0.33146578084533074,785.069065904796,784.7376001239508
2026-05-04 09:13:05.791939,0.03881887848302806,785.8307581833798,785.7919393048967
2026-05-04 09:13:06.070150,0.07494562924829253,786.1450954756839,786.0701498464356
2026-05-04 09:13:06.384501,0.28298057431081974,786.6674820669091,786.3845014925982
2026-05-04 09:13:06.656814,0.15159458953567026,786.8190766564447,786.6568139080858
2026-05-04 09:13:07.355606,0.09986085279255977,787.4554673439155,787.355606491123
2026-05-04 09:13:07.748448,0.3970630679175042,788.1455114785219,787.7484484106044
2026-05-04 09:13:08.019325,0.12743451929875005,788.2729459978207,788.0193246331922
2026-05-04 09:13:08.520228,0.5262525664610694,789.046480895309,788.5202283288479
2026-05-04 09:13:09.096099,0.31755768213715246,789.4136562524496,789.0960985703125
2026-05-04 09:13:09.880846,0.39615701144463006,790.2770031729407,789.880846161496
2026-05-04 09:13:10.081737,0.07048968381213815,790.3474928567529,790.0817372864615
2026-05-04 09:13:10.875049,0.7349077833004292,791.6099570729356,790.8750492896352
2026-05-04 09:13:10.961391,0.0004213527790294068,791.6103784257147,790.9613910823218
2026-05-04 09:13:11.400237,0.06168540579767641,791.6720638315123,791.400236873763
2026-05-04 09:13:11.541702,0.07439272563971512,791.7464565571521,791.5417016141557
2026-05-04 09:13:11.782063,0.3640936830305834,792.146157070193,791.7820633871625
2026-05-04 09:13:12.251726,0.18777717047547435,792.4395032565513,792.2517260860759
2026-05-04 09:13:12.837133,0.1607453798769488,792.9978780300347,792.8371326501577
2026-05-04 09:13:13.205705,0.15563986023914497,793.3613444792419,793.2057046190027
2026-05-04 09:13:14.259542,1.4261318772574736,795.6856736044327,794.2595417271752
2026-05-04 09:13:14.872883,0.37338001607124915,796.059053620504,794.8728831474042
2026-05-04 09:13:15.112460,0.21532370256032413,796.2743773230643,795.112460372635
2026-05-04 09:13:15.188888,0.10851730969870821,796.382894632763,795.1888875231891
2026-05-04 09:13:15.403600,0.160633515896396,796.5435281486594,795.4036003407473
2026-05-04 09:13:15.755624,0.01300415715017709,796.5565323058096,795.7556240092002
2026-05-04 09:13:16.101230,0.3860867702160913,796.9426190760257,796.1012302230071
2026-05-04 09:13:16.930143,0.2092113508811461,797.1518304269068,796.930142633103
2026-05-04 09:13:17.542204,0.24277842267940644,797.7849824908437,797.5422040681643
2026-05-04 09:13:17.620193,0.18097325220317947,797.965955743047,797.6201925332158
2026-05-04 09:13:17.655456,0.04268476330317847,798.0086405063502,797.6554563119853
2026-05-04 09:13:18.247367,0.18032933552871278,798.4276967036726,798.2473673681438
2026-05-04 09:13:18.359654,0.06677804838731398,798.4944747520599,798.3596536653178
2026-05-04 09:13:18.498888,0.6193046484877951,799.1181928986484,798.4988882501607
2026-05-04 09:13:18.930261,0.010813014909676014,799.1290059135581,798.9302608191722
2026-05-04 09:13:19.571523,0.014036083841231737,799.5855586404865,799.5715225566453
2026-05-04 09:13:19.630509,0.06046764492265995,799.6909766270235,799.6305089821008
2026-05-04 09:13:19.914284,0.1584290770420126,800.072712821299,799.914283744257
2026-05-04 09:13:20.561205,0.0927214284085814,800.6539264028622,800.5612049744536
2026-05-04 09:13:20.981962,0.0659273342089446,801.0478897767009,800.981962442492
2026-05-04 09:13:22.196237,0.27581584029983347,802.4720525367168,802.1962366964169
2026-05-04 09:13:22.251521,0.15955900042421084,802.631611537141,802.2515208081784
2026-05-04 09:13:22.594090,0.17983733754539435,802.8114488746864,802.5940904735454
2026-05-04 09:13:23.096503,0.3351236003535219,803.4316270804256,803.0965034800721
2026-05-04 09:13:23.148392,0.5450080131676652,803.9766350935934,803.1483924550281
2026-05-04 09:13:23.255090,0.18847894282099698,804.1651140364144,803.2550897875118
2026-05-04 09:13:24.382046,0.18513779344961515,804.5671838954077,804.382046101958
2026-05-04 09:13:24.764496,0.02717094082526745,804.7916672309816,804.7644962901563
2026-05-04 09:13:24.777809,0.04275206454682571,804.8344192955284,804.7778092957469
2026-05-04 09:13:25.750322,0.12900944469053535,805.8793309791519,805.7503215344614
2026-05-04 09:13:25.854987,0.010706531168138977,805.89003751032,805.854986698093
2026-05-04 09:13:25.939764,0.04008504604378807,805.9798489851057,805.9397639390619
2026-05-04 09:13:26.000243,0.00809496376077144,806.0083381558724,806.0002431921116
2026-05-04 09:13:26.088427,0.15633110214805473,806.2447582089229,806.0884271067748
2026-05-04 09:13:26.279612,0.2970646403260124,806.5766761919188,806.2796115515928
2026-05-04 09:13:26.632042,0.999467033666263,807.631508676961,806.6320416432947
2026-05-04 09:13:27.020545,0.2088395762591313,807.8403482532201,807.0205452494255
2026-05-04 09:13:27.090942,0.19657069006543915,808.0369189432855,807.0909424035798
2026-05-04 09:13:27.137982,0.5725417407282494,808.6094606840138,807.1379822220357
2026-05-04 09:13:27.352513,0.03970476909374098,808.6491654531076,807.3525125714499
2026-05-04 09:13:27.403684,0.34069737391261135,808.9898628270201,807.4036837855349
2026-05-04 09:13:28.618235,1.6360044429755125,810.6258672699956,808.6182351413844
2026-05-04 09:13:29.099432,0.26549783197862786,810.8913651019743,809.0994324181642
2026-05-04 09:13:29.479809,0.13912198338700857,811.0304870853613,809.4798085996682
2026-05-04 09:13:29.546868,0.033160877133854565,811.0636479624951,809.5468681820441
2026-05-04 09:13:29.905367,0.14314875702936636,811.2067967195245,809.9053673311751
2026-05-04 09:13:30.136323,0.08406827645781606,811.2908649959824,810.1363234332256
2026-05-04 09:13:30.214170,0.029675866384482854,811.3205408623669,810.2141703366666
2026-05-04 09:13:30.996357,0.09525810566568065,811.4157989680326,810.9963572957405
2026-05-04 09:13:31.189762,0.16102865571634642,811.576827623749,811.1897623566858
2026-05-04 09:13:31.280810,0.028698941693284075,811.6055265654422,811.2808102011426
2026-05-04 09:13:32.311674,0.1455538975925917,812.4572280491753,812.3116741515828
2026-05-04 09:13:32.666865,0.0904347530852706,812.757299584562,812.6668648314768
2026-05-04 09:13:32.767083,0.14094274513118052,812.9080254569168,812.7670827117856
2026-05-04 09:13:32.885779,0.5536685136808018,813.4616939705976,812.8857792295457
2026-05-04 09:13:33.812771,0.2041407183516858,814.0169121226197,813.812771404268
2026-05-04 09:13:33.833092,0.29010390959233895,814.307016032212,813.833091952856
2026-05-04 09:13:33.927378,0.16095679585811726,814.4679728280702,813.927378169155
2026-05-04 09:13:34.467696,0.2873985354620278,814.7553713635322,814.467695776702
2026-05-04 09:13:34.515458,0.22029104985707437,814.9756624133893,814.5154582320257
2026-05-04 09:13:34.634965,0.12800506790400087,815.1036674812933,814.6349650937841
2026-05-04 09:13:34.657324,0.0999725018907226,815.2036399831841,814.6573239160256
2026-05-04 09:13:35.326164,0.21801763719955783,815.5441817633146,815.326164126115
2026-05-04 09:13:35.679698,0.1978064185821624,815.8775039928062,815.679697574224
2026-05-04 09:13:35.804021,0.0028033573925816597,815.8803073501988,815.80402050258
2026-05-04 09:13:36.009077,0.03856144663620097,816.047638348155,816.0090769015188
2026-05-04 09:13:36.111925,0.08230455926490116,816.1942298202108,816.1119252609459
2026-05-04 09:13:36.258171,0.2697970459722139,816.5279682701131,816.2581712241408
2026-05-04 09:13:36.465468,0.18592629921931772,816.7138945693324,816.4654682353771
2026-05-04 09:13:37.064381,0.05909641928108566,817.1234772618567,817.0643808425756
2026-05-04 09:13:37.258883,0.08589576490147038,817.3447785192959,817.2588827543944
2026-05-04 09:13:37.528549,0.02910083617163567,817.5576497881098,817.5285489519381
2026-05-04 09:13:37.957042,0.07633812645142185,818.0333801900991,817.9570420636477
2026-05-04 09:13:38.750266,0.05862159406217356,818.8088873534201,818.750265759358
2026-05-04 09:13:39.613232,0.47930598512621425,820.0925378118711,819.6132318267449
2026-05-04 09:13:39.954097,0.1663004113236997,820.2588382231949,819.9540971256328
2026-05-04 09:13:40.108200,0.6291428463764027,820.8879810695713,820.1082002150929
2026-05-04 09:13:40.423766,0.25912638948282674,821.1471074590542,820.4237657228813
2026-05-04 09:13:40.944090,0.22567641872238786,821.3727838777766,820.9440904562578
2026-05-04 09:13:41.235009,0.17177256878962915,821.5445564465662,821.2350085835965
2026-05-04 09:13:41.589451,0.03939795423781849,821.6288486973461,821.5894507431083
2026-05-04 09:13:41.667616,0.045186223699970676,821.7128019203182,821.6676156966182
2026-05-04 09:13:42.266112,0.15069897561709403,822.4168105474147,822.2661115717976
2026-05-04 09:13:43.155088,0.0914720988467741,823.2465599213884,823.1550878225416
2026-05-04 09:13:43.329940,0.08034085129163195,823.4102810630375,823.3299402117458
2026-05-04 09:13:43.458360,0.03242495150107133,823.4907848947154,823.4583599432143
2026-05-04 09:13:43.520537,0.06000430836829698,823.5805409769861,823.5205366686178
2026-05-04 09:13:43.561581,0.23799419479825612,823.8185351717843,823.5615808208927
2026-05-04 09:13:43.576018,0.058816544438999245,823.8773517162233,823.576017972948
2026-05-04 09:13:43.677881,0.17232689864527095,824.0496786148685,823.677880800213
2026-05-04 09:13:44.006997,0.5079239718558053,824.5576025867243,824.0069973102144
2026-05-04 09:13:44.133106,0.12600079973402795,824.6836033864583,824.1331055061942
2026-05-04 09:13:44.414640,0.3785368038320581,825.0621401902904,824.4146401132887
2026-05-04 09:13:44.462332,0.49322066698008,825.5553608572704,824.4623321698464
2026-05-04 09:13:46.339358,0.04095558385728353,826.3803134405834,826.3393578567261
2026-05-04 09:13:46.363756,0.20287314750477292,826.5831865880882,826.3637558851354
2026-05-04 09:13:47.064110,0.3533690844810782,827.4174788375715,827.0641097530904
2026-05-04 09:13:47.399256,0.07065289168152332,827.488131729253,827.3992563559228
2026-05-04 09:13:47.498083,0.10982222879445001,827.6079050548559,827.4980828260615
2026-05-04 09:13:47.590980,0.327122313484701,827.9350273683406,827.5909798327341
2026-05-04 09:13:48.076418,0.33755394541310146,828.4139718005573,828.0764178551442
2026-05-04 09:13:48.277599,0.9433325089740191,829.3573043095313,828.2775986709528
2026-05-04 09:13:48.633183,0.6900246263734919,830.0473289359048,828.6331830922685
2026-05-04 09:13:48.955580,0.43638898743015214,830.483717923335,828.9555797879007
2026-05-04 09:13:49.710687,0.04556747309852841,830.5292853964336,829.7106870031591
2026-05-04 09:13:49.829247,0.4017179342745162,830.9310033307081,829.8292469847471
2026-05-04 09:13:50.223931,0.34152228957402503,831.2725256202822,830.2239305561142
2026-05-04 09:13:50.231816,0.14293533841967132,831.4154609587018,830.2318157263289
2026-05-04 09:13:50.611850,0.11556281281647623,831.5310237715183,830.6118497015632
2026-05-04 09:13:51.232427,0.7086965726949752,832.2397203442133,831.2324265195053
2026-05-04 09:13:51.352897,0.14284096658847645,832.3825613108017,831.3528967056218
2026-05-04 09:13:51.391812,0.9961265465980557,833.3786878573998,831.3918117085663
2026-05-04 09:13:51.640345,0.167334658847099,833.5460225162469,831.6403454925922
2026-05-04 09:13:51.743686,0.11537296275976033,833.6613954790067,831.7436858305832
2026-05-04 09:13:52.226199,0.05511939114167487,833.7165148701484,832.226199466262
2026-05-04 09:13:52.701366,0.05705429547371618,833.7735691656221,832.7013655207447
2026-05-04 09:13:52.963539,0.016734456849559154,833.7903036224717,832.9635388399938
2026-05-04 09:13:52.988713,0.031798801469892723,833.8221024239416,832.9887126758425
2026-05-04 09:13:53.125932,0.1324945922326037,833.9545970161741,833.1259315709216
2026-05-04 09:13:53.546205,0.039701401620833056,833.994298417795,833.5462049311884
2026-05-04 09:13:53.701830,0.06396502998663949,834.0582634477817,833.7018301446319
2026-05-04 09:13:54.125783,0.6486080225564759,834.7743909115612,834.1257828890048
2026-05-04 09:13:54.238825,0.17635957871241212,834.9507504902737,834.2388245374259
2026-05-04 09:13:54.322999,0.4053534654066107,835.3561039556803,834.3229990149629
2026-05-04 09:13:54.384581,0.1404105922504892,835.4965145479308,834.3845807931449
2026-05-04 09:13:54.478027,0.4379660678362509,835.934480615767,834.4780268230517
2026-05-04 09:13:54.586096,0.0684769029960805,836.0029575187631,834.5860963307805
2026-05-04 09:13:54.655081,0.09353123886658549,836.0964887576297,834.6550808644603
2026-05-04 09:13:54.775906,0.042301654665444666,836.1387904122952,834.7759062673676
2026-05-04 09:13:55.223610,0.2132107261949403,836.3520011384901,835.2236097155222
2026-05-04 09:13:55.365277,0.1612798082861344,836.5132809467763,835.3652767156534
2026-05-04 09:13:56.131112,0.13040944318369002,836.6436903899599,836.131111788363
2026-05-04 09:13:57.097134,0.10646419255114636,837.2035980335319,837.0971338409807
2026-05-04 09:13:57.200855,0.09019067398482611,837.2937887075167,837.2008551070193
2026-05-04 09:13:57.272919,0.22406859314189653,837.5178573006585,837.2729185234194
2026-05-04 09:13:57.704130,0.01952533883991598,837.7236553880063,837.7041300491663
2026-05-04 09:13:58.601442,0.16172387461050425,838.7631655838936,838.6014417092831
2026-05-04 09:13:59.183518,0.15238317305498006,839.3359014659002,839.1835182928452
2026-05-04 09:13:59.992712,0.007914874325184024,840.0006269976503,839.9927121233252
2026-05-04 09:14:00.122040,0.10227840517477818,840.2243179644664,840.1220395592917
2026-05-04 09:14:01.147177,0.009055404914676761,841.1562321372057,841.1471767322911
2026-05-04 09:14:02.204455,0.13037477682635912,842.3348299710134,842.2044551941871
2026-05-04 09:14:03.816024,0.07119932469343397,843.8872229657703,843.8160236410769
2026-05-04 09:14:03.898368,0.3235532983515336,844.2219208431691,843.8983675448176
2026-05-04 09:14:04.095667,0.0069543478026876954,844.2288751909717,844.09566691229
2026-05-04 09:14:04.675071,0.06029402508712936,844.7353647908615,844.6750707657743
2026-05-04 09:14:04.732548,0.04699498242735363,844.7823597732888,844.7325478847753
2026-05-04 09:14:05.152581,0.42058487794620475,845.5731656466697,845.1525807687235
2026-05-04 09:14:05.561569,0.12818031317644837,845.7013459598462,845.5615694627226
2026-05-04 09:14:05.723167,0.17488467905206864,845.8980517614689,845.7231670824168
2026-05-04 09:14:05.814635,0.028744596578390593,845.9267963580472,845.8146347161326
2026-05-04 09:14:06.636934,0.138811056624676,846.7757451757068,846.6369341190821
2026-05-04 09:14:06.711505,0.3475775406069131,847.1233227163137,846.7115053052623
2026-05-04 09:14:06.730527,0.19810683625962866,847.3214295525734,846.7305268363046
2026-05-04 09:14:06.985380,0.06045719229509057,847.3818867448684,846.9853801329896
2026-05-04 09:14:07.997953,0.012438645481374796,848.0103912839041,847.9979526384228
2026-05-04 09:14:08.579599,0.7729595597220658,849.35255831115,848.579598751428
2026-05-04 09:14:09.250227,0.5322557852706015,849.8848140964207,849.2502266455416
2026-05-04 09:14:10.023313,0.1167900463419681,850.1401025771987,850.0233125308567
2026-05-04 09:14:10.293894,0.7020663513602278,850.9959605658001,850.2938942144399
2026-05-04 09:14:10.306583,0.29246434250162834,851.2884249083017,850.3065831633203
2026-05-04 09:14:10.400822,0.15619721010077295,851.4446221184025,850.4008219777245
2026-05-04 09:14:11.288298,0.27946905478676165,851.7240911731893,851.2882980958975
2026-05-04 09:14:11.356302,0.5694664068944303,852.2935575800838,851.3563021636988
2026-05-04 09:14:11.983702,0.10316310839629098,852.3967206884801,851.9837023898222
2026-05-04 09:14:12.686910,0.055256360475425294,852.7421665842224,852.6869102237471
2026-05-04 09:14:12.934945,0.2703362340066132,853.2052808433262,852.9349446093196
2026-05-04 09:14:13.337705,0.02582075677585227,853.3635261301739,853.3377053733981
2026-05-04 09:14:13.436438,0.10999773309754993,853.5464359844423,853.4364382513447
2026-05-04 09:14:13.437661,0.04381967331180672,853.590255657754,853.4376612603761
2026-05-04 09:14:13.625419,0.06003085455203351,853.6854496719111,853.6254188173591
2026-05-04 09:14:13.653546,0.48459055883344826,854.1700402307446,853.6535455502129
2026-05-04 09:14:13.757380,0.03813624732336254,854.2081764780679,853.7573798073172
2026-05-04 09:14:13.873084,0.004210627663685726,854.2123871057316,853.8730839956488
2026-05-04 09:14:14.003931,0.0013521138780705345,854.2137392196097,854.003931084836
2026-05-04 09:14:15.071810,0.40558000435904606,855.4773904501238,855.0718104457648
2026-05-04 09:14:15.604896,0.37590619160790023,855.9808026759767,855.6048964843689
2026-05-04 09:14:15.631976,0.24405183446325007,856.22485451044,855.6319756934561
2026-05-04 09:14:16.306222,0.02900870583259718,856.3352307887965,856.3062220829639
2026-05-04 09:14:16.466246,0.13362809008897028,856.5998740611659,856.4662459710769
2026-05-04 09:14:17.092094,0.07768670641928915,857.1697806388947,857.0920939324754
2026-05-04 09:14:17.298226,0.45832293011953784,857.7565488627096,857.2982259325901
2026-05-04 09:14:17.346103,0.171396918365748,857.9279457810753,857.346103367868
2026-05-04 09:14:18.054002,0.13638261432443802,858.1903846130912,858.0540019987667
2026-05-04 09:14:18.207664,0.25295292366964794,858.460616862596,858.2076639389263
2026-05-04 09:14:18.485460,0.0949217224707513,858.5803820724117,858.4854603499409
2026-05-04 09:14:18.501002,0.13362591555351364,858.7140079879651,858.5010023851524
2026-05-04 09:14:18.616496,0.014137851977894854,858.7281458399431,858.6164959895717
2026-05-04 09:14:18.780879,0.08088049478741927,858.8617598516801,858.7808793568927
2026-05-04 09:14:18.983820,0.5741773199187541,859.557996846527,858.9838195266083
2026-05-04 09:14:19.094801,0.10844964894961384,859.6664464954766,859.0948008813124
2026-05-04 09:14:19.178063,0.4337548737371941,860.1002013692138,859.1780627583598
2026-05-04 09:14:19.305317,0.020015510058060994,860.1202168792719,859.3053165934233
2026-05-04 09:14:19.465622,0.22512889450710813,860.345345773779,859.4656222783133
2026-05-04 09:14:19.575781,0.07071393565060516,860.4160597094295,859.5757809847122
2026-05-04 09:14:19.756519,0.07076186174242344,860.486821571172,859.7565191596983
2026-05-04 09:14:20.126552,0.1621796796854999,860.6490012508575,860.1265523714725
2026-05-04 09:14:20.239538,0.3443410372877773,860.9933422881453,860.2395384880051
2026-05-04 09:14:20.489957,0.2795502311504376,861.2728925192957,860.4899571105826
2026-05-04 09:14:20.810446,0.3028781340076416,861.5757706533034,860.8104456292324
2026-05-04 09:14:21.449713,0.1777170078861893,861.7534876611895,861.4497133532667
2026-05-04 09:14:22.283614,0.06392908203550034,862.3475432055561,862.2836141235206
2026-05-04 09:14:22.660367,0.15744555962918272,862.8178120920475,862.6603665324183
2026-05-04 09:14:23.510042,0.2876935762926541,863.7977352321475,863.5100416558548
2026-05-04 09:14:23.824812,0.3044015457491671,864.1292135498721,863.8248120041229
2026-05-04 09:14:23.887321,0.19784497135397,864.3270585212261,863.8873212848982
2026-05-04 09:14:24.151832,0.4020894595190909,864.7291479807452,864.1518316721659
2026-05-04 09:14:24.301554,0.1494388843034365,864.8785868650486,864.3015544106967
2026-05-04 09:14:25.579062,0.14531465782645178,865.7243764360579,865.5790617782314
2026-05-04 09:14:25.602536,0.27647973194439057,866.0008561680023,865.6025361292488
2026-05-04 09:14:25.628099,0.060623677491159704,866.0614798454935,865.6280988307068
2026-05-04 09:14:25.715359,0.09984839849535698,866.1613282439889,865.7153594649366
2026-05-04 09:14:25.743692,0.09788925940352304,866.2592175033924,865.7436915927035
2026-05-04 09:14:26.021086,0.004337714697396116,866.2635552180898,866.0210858573964
2026-05-04 09:14:26.223926,0.1604281324978703,866.4239833505876,866.2239258553827
2026-05-04 09:14:26.669880,0.3455231933288724,867.0154033736677,866.6698801803389
2026-05-04 09:14:26.966156,0.010582435669025836,867.0259858093367,866.9661564558558
2026-05-04 09:14:27.012058,0.28678546796964627,867.3127712773063,867.0120575449528
2026-05-04 09:14:27.418631,0.16829203928588757,867.5869225855316,867.4186305462457
2026-05-04 09:14:27.599156,0.15000814108618488,867.7491642419187,867.5991561008325
2026-05-04 09:14:27.747607,0.3024821522417873,868.0516463941605,867.7476069480613
2026-05-04 09:14:28.050497,0.5697932077361836,868.6214396018967,868.0504972005747
2026-05-04 09:14:28.207462,0.4254637907202824,869.046903392617,868.2074623405279
2026-05-04 09:14:28.338677,0.08013354915915018,869.1270369417762,868.3386765743331
2026-05-04 09:14:28.427208,0.17359398470283305,869.300630926479,868.4272079986545
2026-05-04 09:14:28.871573,0.04608438071613702,869.3467153071952,868.8715726226651
2026-05-04 09:14:29.984821,0.15464328177446052,870.1394640413001,869.9848207595256
2026-05-04 09:14:30.353053,0.0064832592501039375,870.3595366900497,870.3530534307996
2026-05-04 09:14:30.537158,0.010821758705850639,870.5479797314484,870.5371579727425
2026-05-04 09:14:30.767638,0.02271082734910822,870.790349059061,870.7676382317119
2026-05-04 09:14:30.814928,0.14203115730117327,870.9569588534471,870.8149276961459
2026-05-04 09:14:30.894417,0.03874703623594526,870.995705889683,870.8944174580669
2026-05-04 09:14:31.605229,0.3686791821874919,871.9739086084987,871.6052294263112
2026-05-04 09:14:31.719502,0.16311209040331628,872.137020698902,871.7195018327426
2026-05-04 09:14:31.913682,0.008525026060321987,872.1455457249623,871.9136819287129
2026-05-04 09:14:32.673055,0.18457801041254623,872.8576330011227,872.6730549907102
2026-05-04 09:14:33.002586,0.1132239403443013,873.1158104114869,873.0025864711426
2026-05-04 09:14:33.004996,0.1905067682807684,873.3063171797677,873.0049956140914
2026-05-04 09:14:33.235834,0.05106778167446903,873.3573849614421,873.2358337207852
2026-05-04 09:14:33.606211,0.18052350288372354,873.7867346667244,873.6062111638407
2026-05-04 09:14:33.695580,0.38102393999062606,874.1677586067151,873.6955802194277
2026-05-04 09:14:33.971562,0.12052988791625552,874.2882884946314,873.9715618044463
2026-05-04 09:14:34.045574,0.039505958463584505,874.327794453095,874.0455741422596
2026-05-04 09:14:34.803217,0.03944878697494458,874.8426656553555,874.8032168683806
2026-05-04 09:14:35.599573,0.1620536374870515,875.7616269542601,875.5995733167731
2026-05-04 09:14:35.958055,0.1344721723017188,876.0925273911222,875.9580552188205
2026-05-04 09:14:36.444443,0.2244017635379353,876.6688444485883,876.4444426850504
2026-05-04 09:14:36.850880,0.082943213686633,876.9338227177881,876.8508795041015
2026-05-04 09:14:36.997460,0.11594976363309535,877.1134093456121,876.997459581979
2026-05-04 09:14:37.862712,0.22372312918777754,878.0864351218357,877.862711992648
2026-05-04 09:14:38.017444,0.3344110592262573,878.420846181062,878.0174439313668
2026-05-04 09:14:38.603106,0.001935918393680975,878.6050421451372,878.6031062267435
2026-05-04 09:14:39.659426,0.4426566652450795,880.1020827349273,879.6594260696822
2026-05-04 09:14:39.862617,0.2688167227248135,880.3708994576522,879.8626165745509
2026-05-04 09:14:40.515797,0.0660094141997699,880.581806817218,880.5157974030182
2026-05-04 09:14:40.816375,0.1561047897570753,880.9724801159767,880.8163753262197
2026-05-04 09:14:40.911131,0.27217913020162315,881.2446592461783,880.9111311989299
2026-05-04 09:14:41.174462,0.09288104471593844,881.3375402908943,881.1744624080275
2026-05-04 09:14:41.443296,0.1418549456202423,881.5851505960608,881.4432956504405
2026-05-04 09:14:41.617698,0.13628640640706954,881.7539847425411,881.617698336134
2026-05-04 09:14:41.798922,0.12979967103213763,881.9287219660301,881.798922294998
2026-05-04 09:14:42.119876,0.44773234404944584,882.5676082138174,882.119875869768
2026-05-04 09:14:42.132022,0.17205358450288022,882.7396617983203,882.1320223803273
2026-05-04 09:14:42.168622,0.13544584309846117,882.8751076414187,882.1686215821624
2026-05-04 09:14:42.430001,0.20995071327746595,883.0850583546962,882.4300007950809
2026-05-04 09:14:42.576807,0.3665110131715954,883.4515693678678,882.5768070636061
2026-05-04 09:14:43.055554,0.0054563098293843705,883.4570256776972,883.0555538060732
2026-05-04 09:14:44.174065,0.45087537789951365,884.6249405367411,884.1740651588416
2026-05-04 09:14:44.298918,0.1848933621983258,884.8098338989394,884.2989182571067
2026-05-04 09:14:44.603288,0.11235252410593,884.9221864230453,884.603288183332
2026-05-04 09:14:44.710531,0.09304312153273721,885.0152295445781,884.7105305171707
2026-05-04 09:14:44.728875,0.07157645424818636,885.0868059988263,884.7288753663811
2026-05-04 09:14:45.738775,0.12101782172081908,885.8597924760627,885.7387746543419
2026-05-04 09:14:45.917559,0.17860264500667938,886.0961612033249,885.9175585583182
2026-05-04 09:14:46.021498,0.19861518278936025,886.2947763861142,886.0214976292282
2026-05-04 09:14:46.098401,0.05943093283410797,886.3542073189483,886.098401461669
2026-05-04 09:14:46.106619,0.17683025552325182,886.5310375744715,886.106618731698
2026-05-04 09:14:46.991173,0.03219697428104348,887.0233703850248,886.9911734107437
2026-05-04 09:14:47.493879,0.19649888834037088,887.6903781804953,887.4938792921549
2026-05-04 09:14:48.553958,0.22167624476452452,888.7756340173397,888.5539577725751
2026-05-04 09:14:49.065173,0.1159733245092321,889.1811459915951,889.0651726670859
2026-05-04 09:14:49.174905,0.4068808895539263,889.5880268811491,889.1749047649874
2026-05-04 09:14:49.409376,0.15454993085095414,889.742576812,889.4093761750022
2026-05-04 09:14:49.760611,0.5570183386726736,890.317629076478,889.7606107378053
2026-05-04 09:14:49.775426,0.2283768453283754,890.5460059218065,889.7754256247716
2026-05-04 09:14:50.202750,0.03575352438547954,890.5817594461919,890.2027496749772
2026-05-04 09:14:50.625412,0.104144949521896,890.7295573104515,890.6254123609295
2026-05-04 09:14:50.673274,0.03669419927471242,890.7662515097262,890.6732744721766
2026-05-04 09:14:51.409588,0.05184037894649771,891.4614286068959,891.4095882279494
2026-05-04 09:14:51.486724,0.1106202328735594,891.5973438347921,891.4867236019186
2026-05-04 09:14:52.082781,0.25410562694933997,892.336886650198,892.0827810232487
2026-05-04 09:14:52.224572,0.20019072932668994,892.5370773795247,892.2245720226351
2026-05-04 09:14:52.741652,0.1475087555155097,892.8891604095925,892.7416516540769
2026-05-04 09:14:52.783567,0.5282622769618248,893.4174226865543,892.7835665751869
2026-05-04 09:14:52.804930,0.2811575261410575,893.6985802126954,892.8049300756468
2026-05-04 09:14:53.263212,0.28544712592641747,893.9840273386219,893.2632115503687
2026-05-04 09:14:53.326809,0.22726688439423312,894.2112942230161,893.3268085431182
2026-05-04 09:14:53.419173,0.1884880665221091,894.3997822895383,893.4191734098595
2026-05-04 09:14:53.738835,0.06225110024182711,894.4620333897801,893.7388347818911
2026-05-04 09:14:54.462089,0.1091160214377319,894.5712046375734,894.4620886161356
2026-05-04 09:14:54.570558,0.6515082150030131,895.2227128525764,894.5705580959486
2026-05-04 09:14:54.728805,0.1389952674797485,895.3617081200562,894.7288046595297
2026-05-04 09:14:54.745573,0.13743296830966512,895.4991410883658,894.7455729787874
2026-05-04 09:14:54.819570,1.631178774066516,897.1303198624323,894.819569995355
2026-05-04 09:14:55.550024,0.3621113573456848,897.492431219778,895.5500243499554
2026-05-04 09:14:55.693170,0.052345942768028154,897.5447771625461,895.693170360923
2026-05-04 09:14:55.785448,0.10812484339970728,897.6529020059457,895.7854477347313
2026-05-04 09:14:56.836291,0.11080407005280005,897.7637060759986,896.8362907513734
2026-05-04 09:14:57.017560,0.021386374977304612,897.7850924509759,897.0175601954835
2026-05-04 09:14:57.020074,0.6582996887435701,898.4433921397194,897.020074095761
2026-05-04 09:14:57.159760,0.22814999441143702,898.6715421341308,897.159760315004
2026-05-04 09:14:57.581615,0.5664385556243525,899.2379806897552,897.5816151249128
2026-05-04 09:14:57.871613,0.16577126660597868,899.4037519563611,897.8716127566315
2026-05-04 09:14:58.204882,0.16276377752121635,899.5665157338824,898.2048815631944
2026-05-04 09:14:58.246625,0.08378372769706766,899.6502994615795,898.2466250670159
2026-05-04 09:14:58.465742,0.06958485701795379,899.7198843185975,898.4657416230347
2026-05-04 09:14:58.895451,0.052601644944053894,899.7724859635415,898.8954506690729
2026-05-04 09:14:59.333038,0.14625117337809035,899.9187371369196,899.3330376032785
2026-05-04 09:14:59.526374,1.0585190939958085,900.9772562309154,899.5263737163382
2026-05-04 09:14:59.592187,0.23039682783522691,901.2076530587506,899.5921870218625
2026-05-04 09:14:59.655038,0.24836314650099856,901.4560162052516,899.6550384986401
2026-05-04 09:14:59.848065,0.18920633195003106,901.6452225372016,899.8480648012636
2026-05-04 09:15:00.027265,0.3062020344331223,901.9514245716347,900.0272654707579
2026-05-04 09:15:00.310346,0.010971370782550232,901.9623959424172,900.3103456241391
2026-05-04 09:15:00.340141,0.14072493261813093,902.1031208750353,900.3401412234793
2026-05-04 09:15:01.018762,0.19114740432635102,902.2942682793616,901.018761603391
2026-05-04 09:15:01.075776,0.39116460768528105,902.6854328870469,901.0757759234539
2026-05-04 09:15:01.202082,0.38197974349102576,903.0674126305379,901.2020821041805
2026-05-04 09:15:01.228295,0.11807504666300117,903.1854876772009,901.2282947076953
2026-05-04 09:15:01.425485,0.19426838589885465,903.3797560630998,901.4254854046746
2026-05-04 09:15:01.468361,0.04254012660918978,903.422296189709,901.4683612172471
2026-05-04 09:15:01.550370,0.1204781649189241,903.5427743546279,901.5503699421282
2026-05-04 09:15:01.771765,0.022216307231738064,903.5649906618596,901.7717648464143
2026-05-04 09:15:02.134822,0.12742703195365981,903.6924176938132,902.134822112174
2026-05-04 09:15:02.421456,0.033391944570630584,903.7258096383839,902.4214555645459
2026-05-04 09:15:02.608140,0.085604037288694,903.8114136756726,902.6081397103638
2026-05-04 09:15:02.809830,0.028655189283302157,903.8400688649559,902.8098300583453
2026-05-04 09:15:02.896440,0.17404703956334286,904.0141159045193,902.8964400255912
2026-05-04 09:15:03.141814,0.4695987059139996,904.4837146104333,903.1418142503727
2026-05-04 09:15:03.659418,0.07657325739118587,904.5602878678244,903.6594176501502
2026-05-04 09:15:03.670536,0.1969652605200899,904.7572531283445,903.6705362524044
2026-05-04 09:15:04.295147,0.0050857040885238635,904.762338832433,904.2951471799676
2026-05-04 09:15:04.997350,0.05933686687781223,905.0566866063152,904.9973497394374
2026-05-04 09:15:05.931026,0.020806464360142284,905.9518322006024,905.9310257362423
2026-05-04 09:15:05.994318,0.08905104483283317,906.0833690419691,905.9943179971364
2026-05-04 09:15:06.140310,0.08422875592399354,906.2245384271455,906.1403096712215
2026-05-04 09:15:06.245842,0.17243069122476812,906.418272855311,906.2458421640862
2026-05-04 09:15:06.593545,0.6103966907914165,907.2039418896832,906.5935451988918
2026-05-04 09:15:06.645018,0.03857098383904152,907.2425128735222,906.6450183069769
2026-05-04 09:15:06.702517,0.3013318375810583,907.5438447111032,906.7025170336074
2026-05-04 09:15:07.106838,0.0168209412879442,907.5606656523912,907.1068379732862
2026-05-04 09:15:07.748663,0.009074364512407425,907.7577372477651,907.7486628832527
2026-05-04 09:15:08.411584,0.15292592691689494,908.5645102534352,908.4115843265183
2026-05-04 09:15:09.253533,0.12261916291579292,909.3761523470085,909.2535331840927
2026-05-04 09:15:09.277811,0.08209475467742157,909.458247101686,909.2778111916979
2026-05-04 09:15:09.328891,0.08285945177432479,909.5411065534603,909.3288912659044
2026-05-04 09:15:09.805656,0.07925586909771726,909.8849115667289,909.8056556976312
2026-05-04 09:15:09.914522,0.016194200835989183,909.9307159021374,909.9145217013014
2026-05-04 09:15:09.935417,0.15858059466611119,910.0939977078115,909.9354171131454
2026-05-04 09:15:10.344888,0.20080125696324688,910.5456896485475,910.3448883915843
2026-05-04 09:15:10.399756,0.5391402352000129,911.0848298837475,910.3997555026419
2026-05-04 09:15:11.084286,0.1364542795980334,911.2212841633456,911.0842861989241
2026-05-04 09:15:12.533091,0.23436076679081752,912.7674516850524,912.5330909182616
2026-05-04 09:15:12.840686,0.19417001978643253,913.0348564520515,912.8406864322651
2026-05-04 09:15:13.046584,0.6696560456735482,913.7162400934465,913.046584047773
2026-05-04 09:15:13.931884,0.04233360154730126,913.9742173996888,913.9318837981415
2026-05-04 09:15:14.092161,0.14514243606130647,914.2373038404112,914.0921614043499
2026-05-04 09:15:14.537484,0.04021420114928952,914.5776980290775,914.5374838279282
2026-05-04 09:15:15.083581,0.010413689654333265,915.0939948309671,915.0835811413127
2026-05-04 09:15:15.110617,0.1772325051609666,915.2878499443846,915.1106174392236
2026-05-04 09:15:15.621980,0.12204212394647118,915.7440221169132,915.6219799929668
2026-05-04 09:15:16.085926,0.04359949695831547,916.1295250337009,916.0859255367426
2026-05-04 09:15:16.286870,0.2062304581490552,916.4931003454132,916.2868698872641
2026-05-04 09:15:16.896855,0.018295297214297103,916.9151499864229,916.8968546892086
2026-05-04 09:15:17.001389,0.09967992896666587,917.1010684720799,917.0013885431132
2026-05-04 09:15:17.441261,0.07162361131216409,917.5128842129086,917.4412606015965
2026-05-04 09:15:17.534842,0.03550566970742986,917.570347722056,917.5348420523486
2026-05-04 09:15:17.900050,0.2604685407742651,918.1605186780062,917.9000501372319
2026-05-04 09:15:18.189199,0.0750970485737976,918.2642964577508,918.189199409177
2026-05-04 09:15:18.350395,0.656622466671942,919.0070171485139,918.350394681842
2026-05-04 09:15:18.640566,0.07716569308753003,919.0841828416014,918.6405657672535
2026-05-04 09:15:19.279314,0.4309545501132812,919.7102683060226,919.2793137559094
2026-05-04 09:15:19.355075,0.09937272004451875,919.8096410260671,919.3550751087331
2026-05-04 09:15:19.377754,0.04060194467182877,919.8502429707389,919.3777538472123
2026-05-04 09:15:19.423100,0.44315951282346105,920.2934024835624,919.4231001837879
2026-05-04 09:15:20.039126,0.33853982214485273,920.6319423057073,920.039125511332
2026-05-04 09:15:20.541384,0.3288942418935694,920.9608365476008,920.5413840408728
2026-05-04 09:15:20.678892,0.13781213463018976,921.098648682231,920.6788916398572
2026-05-04 09:15:21.030374,0.13185204843408868,921.2305007306651,921.0303741767018
2026-05-04 09:15:21.396898,0.07147886392170047,921.4683772749728,921.3968984110511
2026-05-04 09:15:21.632325,0.33263936751024065,921.9649640083665,921.6323246408562
2026-05-04 09:15:22.998986,0.15616967112214547,923.1551558630749,922.9989861919528
2026-05-04 09:15:23.043684,0.012534543848566263,923.1676904069235,923.0436842353513
2026-05-04 09:15:23.086340,0.008019119888060795,923.1757095268116,923.0863402528958
2026-05-04 09:15:23.298670,0.30111479862265184,923.5997848513881,923.2986700527655
2026-05-04 09:15:23.497131,0.14807008979875566,923.7478549411869,923.4971308961618
2026-05-04 09:15:23.645270,0.015622517466965203,923.7634774586538,923.6452699961087
2026-05-04 09:15:24.060089,0.06737015879955856,924.1274587499645,924.0600885911649
2026-05-04 09:15:25.495191,0.04682708666313061,925.5420185145581,925.495191427895
2026-05-04 09:15:25.514118,0.009976687420304478,925.5519952019783,925.5141178467666
2026-05-04 09:15:25.645073,0.34172158051099816,925.9867946734349,925.6450730929239
2026-05-04 09:15:25.798379,0.07214509305336071,926.0589397664883,925.7983790215065
2026-05-04 09:15:25.887624,0.12633311468846334,926.1852728811767,925.8876239150839
2026-05-04 09:15:25.936537,0.13118972412736582,926.3164626053041,925.9365366926635
2026-05-04 09:15:26.051803,0.012828996080953507,926.3292916013851,926.0518026073189
2026-05-04 09:15:27.129117,0.26467229899508954,927.3937894877163,927.1291171887212
2026-05-04 09:15:27.168417,0.29330860376438744,927.6870980914806,927.1684173847648
2026-05-04 09:15:27.447727,0.24107803350075493,927.9281761249814,927.4477265445577
2026-05-04 09:15:27.904656,0.41114157487226316,928.3393176998537,927.9046560956318
2026-05-04 09:15:28.064746,0.20226715920160535,928.5415848590553,928.0647464657369
2026-05-04 09:15:28.210139,0.17516053722328917,928.7167453962786,928.2101387718444
2026-05-04 09:15:28.555246,0.3644604786408475,929.0812058749194,928.5552455934477
2026-05-04 09:15:28.754575,0.025972074062154245,929.1071779489815,928.7545747644679
2026-05-04 09:15:29.140477,0.20349934359849764,929.3439762609013,929.1404769173027
2026-05-04 09:15:29.352360,0.3605790762986764,929.7129394814492,929.3523604051505
2026-05-04 09:15:29.805199,0.1536976281598764,929.9588965508709,929.805198922711
2026-05-04 09:15:29.984418,0.0420393718529914,930.026457109109,929.984417737256
2026-05-04 09:15:30.440174,0.0014833236035307106,930.4416573933881,930.4401740697846
2026-05-04 09:15:30.480345,0.09844154037964098,930.5787860643067,930.480344523927
2026-05-04 09:15:30.568955,0.07074467751498281,930.6495307418216,930.5689545131974
2026-05-04 09:15:30.814998,0.09540311537457576,930.9104009721923,930.8149978568177
2026-05-04 09:15:31.111670,0.016494995117985942,931.12816517716,931.111670182042
2026-05-04 09:15:31.281263,0.14457850665916733,931.4258414727872,931.281262966128
2026-05-04 09:15:31.440358,0.021479362474739767,931.4618376613497,931.4403582988749
2026-05-04 09:15:31.680453,0.04308896636771598,931.7235416799873,931.6804527136196
2026-05-04 09:15:31.810984,0.13215164858769232,931.9431357219311,931.8109840733434
2026-05-04 09:15:32.451800,0.13855547401736132,932.5903551571272,932.4517996831098
2026-05-04 09:15:32.897468,0.13308846161236196,933.0305567456215,932.8974682840092
2026-05-04 09:15:33.009361,0.116861460143294,933.1474182057648,933.0093610361891
2026-05-04 09:15:33.304864,0.06700289570250594,933.371866604753,933.3048637090504
2026-05-04 09:15:33.578467,0.23137881933796592,933.8098462557829,933.578467436445
2026-05-04 09:15:33.973107,0.03122164282050694,934.0043288543148,933.9731072114944
2026-05-04 09:15:34.020155,0.39090602510491584,934.4110610154934,934.0201549903885
2026-05-04 09:15:34.073485,0.3058706362093624,934.7169316517027,934.0734845759597
2026-05-04 09:15:34.396727,0.034941394290840526,934.7518730459935,934.3967272015569
2026-05-04 09:15:34.570176,0.5224159870074109,935.274289033001,934.570175799449
2026-05-04 09:15:34.804390,0.10800761692665667,935.3822966499276,934.8043898867091
2026-05-04 09:15:35.172751,0.060505537107034636,935.4428021870347,935.1727512660524
2026-05-04 09:15:35.284925,0.10565482355911121,935.5484570105938,935.2849245871694
2026-05-04 09:15:35.543843,0.15312783903853194,935.7015848496324,935.5438430994783
2026-05-04 09:15:35.576019,0.05158147243902838,935.7531663220714,935.5760191757711
2026-05-04 09:15:35.723745,0.15018811623610004,935.9033544383075,935.7237454681717
2026-05-04 09:15:35.873573,0.01308377454412146,935.9164382128516,935.8735726273044
2026-05-04 09:15:36.045731,0.10677641948134527,936.1525072691235,936.0457308496422
2026-05-04 09:15:36.673974,0.20603278801061378,936.8800070646485,936.6739742766379
2026-05-04 09:15:36.684494,0.04951608576228709,936.9295231504108,936.6844937299396
2026-05-04 09:15:37.572403,0.1544151209304934,937.7268184492315,937.572403328301
2026-05-04 09:15:38.011934,0.1986323233072726,938.2105663074017,938.0119339840944
2026-05-04 09:15:38.158801,0.36448233353038373,938.5750486409321,938.1588010992995
2026-05-04 09:15:38.281455,0.0341868413223105,938.6092354822545,938.2814553176794
2026-05-04 09:15:38.577530,0.0319831304262286,938.6412186126807,938.577530443476
2026-05-04 09:15:38.724385,0.019408090659007296,938.7437930493751,938.7243849587161
2026-05-04 09:15:39.166630,0.18282844730791148,939.3494587446991,939.1666302973912
2026-05-04 09:15:39.172870,0.5121218090126572,939.8615805537117,939.1728703299261
2026-05-04 09:15:39.184498,0.22160462785699134,940.0831851815688,939.1844975564409
2026-05-04 09:15:39.593036,0.06977081144282049,940.1529559930116,939.5930363252545
2026-05-04 09:15:39.638830,0.2043698709037937,940.3573258639153,939.6388302141196
2026-05-04 09:15:39.767761,0.03575328258727092,940.3930791465026,939.7677608525681
2026-05-04 09:15:40.147048,0.13021365632204748,940.5232928028247,940.1470482067388
2026-05-04 09:15:41.740218,0.4480766080579457,942.188294434115,941.7402178260571
2026-05-04 09:15:41.967182,0.03982034208756609,942.2281147762026,941.967182204397
2026-05-04 09:15:42.083454,0.0056146330780681136,942.2337294092806,942.0834541582083
2026-05-04 09:15:42.262612,0.09960818003995937,942.3622202416253,942.2626120615854
2026-05-04 09:15:42.683950,0.3112333043598432,942.9951836238772,942.6839503195174
2026-05-04 09:15:42.719200,0.2924148945955007,943.2875985184727,942.7191999810648
2026-05-04 09:15:42.781888,0.14938069053874067,943.4369792090114,942.7818882464554
2026-05-04 09:15:43.197512,0.00174155482091755,943.4387207638323,943.1975124515806
2026-05-04 09:15:43.345224,0.2128021256052397,943.6515228894375,943.3452238677884
2026-05-04 09:15:43.546675,1.021618252755177,944.6731411421927,943.5466752239735
2026-05-04 09:15:44.289775,0.13669436324627393,944.809835505439,944.2897747544845
2026-05-04 09:15:44.543891,0.9729879444634761,945.7828234499025,944.5438905727207
2026-05-04 09:15:44.628513,0.07264239994113995,945.8554658498437,944.6285127895211
2026-05-04 09:15:44.996876,0.18028808729014717,946.0357539371338,944.9968755549692
2026-05-04 09:15:45.077899,0.41375178159606013,946.4495057187298,945.0778988441772
2026-05-04 09:15:45.423883,0.08395889450560058,946.5334646132354,945.423882770195
2026-05-04 09:15:45.725852,0.016679760807628292,946.550144374043,945.7258523792244
2026-05-04 09:15:45.843543,0.022442831013159276,946.5725872050562,945.8435430241908
2026-05-04 09:15:46.740788,0.027839966934793903,946.768627950643,946.7407879837082
2026-05-04 09:15:48.106353,0.010559343112761068,948.116912713675,948.1063533705623
2026-05-04 09:15:48.326944,0.012153290363713952,948.3390972805496,948.3269439901859
2026-05-04 09:15:48.346826,0.05881801211247555,948.4056443096271,948.3468262975146
2026-05-04 09:15:49.065282,0.36921989370284586,949.4345020491606,949.0652821554578
2026-05-04 09:15:49.119439,0.34437517842646215,949.7788772275871,949.1194389161345
2026-05-04 09:15:49.258862,0.32571066623303097,950.1045878938202,949.2588617746688
2026-05-04 09:15:49.776933,0.0030303919011737805,950.1076182857213,949.7769332997119
2026-05-04 09:15:49.883524,0.30182077992230316,950.4094390656436,949.8835238046062
2026-05-04 09:15:50.351413,0.0650870567575199,950.4745261224011,950.3514133875209
2026-05-04 09:15:50.391017,0.04686840164406267,950.5213945240451,950.3910168415827
2026-05-04 09:15:50.391492,0.1379678838801011,950.6593624079253,950.3914922363746
2026-05-04 09:15:50.486859,0.17914496526711135,950.8385073731924,950.4868594613695
2026-05-04 09:15:50.686205,0.2476075952772161,951.0861149684697,950.686204936694
2026-05-04 09:15:50.886303,0.04038491905283751,951.1264998875225,950.8863034976969
2026-05-04 09:15:51.053241,0.21605942725621527,951.3425593147788,951.0532409805861
2026-05-04 09:15:51.207883,0.4290235053001656,951.771582820079,951.2078831802073
2026-05-04 09:15:52.345613,0.3753112327379794,952.720924053656,952.345612820918
2026-05-04 09:15:52.415909,0.09120428624538171,952.8121283399013,952.4159090137778
2026-05-04 09:15:53.031242,0.05066317273033219,953.0819056229058,953.0312424501755
2026-05-04 09:15:53.129993,0.6013705022435708,953.7313634053729,953.1299929031294
2026-05-04 09:15:53.946434,0.007013376834642271,953.953447235638,953.9464338588034
2026-05-04 09:15:54.709829,0.14972858393603178,954.859557605933,954.7098290219969
2026-05-04 09:15:54.890867,0.12062123227197746,955.0114883233157,954.8908670910437
2026-05-04 09:15:55.005217,0.217489213411116,955.2289775367268,955.00521747842
2026-05-04 09:15:55.108847,0.032169346482827814,955.2611468832097,955.1088474188767
2026-05-04 09:15:55.195069,0.41894618857670934,955.6800930717864,955.1950690025823
2026-05-04 09:15:56.848382,0.04486158751791557,956.8932439940133,956.8483824064954
2026-05-04 09:15:57.299337,0.015000346262839673,957.314337197334,957.2993368510712
2026-05-04 09:15:57.354862,0.13943221857958238,957.4942940409477,957.3548618223681
2026-05-04 09:15:57.927804,0.09850867046545521,958.0263126695289,957.9278039990635
2026-05-04 09:15:58.451890,0.017192022658860242,958.4690820505671,958.4518900279082
2026-05-04 09:15:58.647984,0.6149061811709803,959.2628896982324,958.6479835170613
2026-05-04 09:15:59.196381,0.08870766587092277,959.3515973641033,959.1963810642693
2026-05-04 09:15:59.372076,0.37352276864916356,959.7455991411557,959.3720763725065
2026-05-04 09:15:59.910951,0.021257969526859814,959.9322093173313,959.9109513478044
2026-05-04 09:16:00.041217,0.25293301119016637,960.2941503825107,960.0412173713205
2026-05-04 09:16:01.237901,0.3000520525991889,961.537953254565,961.2379012019658
2026-05-04 09:16:01.398608,0.3519942870645121,961.8899475416295,961.3986075045275
2026-05-04 09:16:01.470912,0.02692181315394236,961.9168693547834,961.4709119441841
2026-05-04 09:16:01.649653,0.2507016219212849,962.1675709767047,961.6496528626067
2026-05-04 09:16:01.705455,0.2972468624740219,962.4648178391787,961.7054546773721
2026-05-04 09:16:02.297216,0.11867331531903443,962.5834911544978,962.297216015635
2026-05-04 09:16:02.517736,0.2352316671698076,962.8187228216676,962.5177361458848
2026-05-04 09:16:03.179829,0.44027576982743144,963.6201046049994,963.179828835172
2026-05-04 09:16:03.601196,0.09909545090957701,963.7192000559089,963.6011963613171
2026-05-04 09:16:03.663242,0.22614890648778885,963.9453489623967,963.6632419861611
2026-05-04 09:16:03.742385,0.17354924806510802,964.1188982104618,963.7423847172394
2026-05-04 09:16:04.050772,0.12025938070776476,964.2391575911696,964.0507718733367
2026-05-04 09:16:04.156608,0.011486551431724728,964.2506441426013,964.1566084826095
2026-05-04 09:16:04.717190,0.04649924071227233,964.7636893052542,964.7171900645419
2026-05-04 09:16:04.825021,0.04700259952855441,964.8720234227376,964.825020823209
2026-05-04 09:16:04.959945,0.27333113341014487,965.2332760595325,964.9599449261224
2026-05-04 09:16:05.760758,0.004011853092017774,965.764770160456,965.760758307364
2026-05-04 09:16:06.038793,0.2897685370045149,966.3285611067752,966.0387925697706
2026-05-04 09:16:06.164330,0.011973507717390091,966.3405346144925,966.1643295439183
2026-05-04 09:16:06.247023,0.18824216960404483,966.5287767840965,966.2470232390956
2026-05-04 09:16:06.420230,0.20164570346630564,966.7304224875628,966.4202303670987
2026-05-04 09:16:06.946150,0.31448903566941144,967.2606394537978,966.9461504181284
2026-05-04 09:16:07.716077,0.010540678108557605,967.7266174254223,967.7160767473138
2026-05-04 09:16:08.052858,0.030146141529902543,968.0830040013437,968.0528578598138
2026-05-04 09:16:08.082208,0.19639222123942657,968.2793962225832,968.0822077056157
2026-05-04 09:16:08.417500,0.22789156880171246,968.6453913198294,968.4174997510277
2026-05-04 09:16:09.787483,0.01187113442688382,969.7993544698934,969.7874833354665
2026-05-04 09:16:10.598450,0.053713559831232785,970.6521639451399,970.5984503853088
2026-05-04 09:16:11.401668,0.04565317981581965,971.4473213352027,971.4016681553868
2026-05-04 09:16:11.735602,0.12248897051291699,971.8580912417511,971.7356022712382
2026-05-04 09:16:12.804236,0.06048228935733679,972.8647180553596,972.8042357660023
2026-05-04 09:16:12.819585,0.05107640033532823,972.9157944556949,972.8195849418546
2026-05-04 09:16:12.992843,0.5752514006044025,973.5680944140565,972.9928430134521
2026-05-04 09:16:13.076295,0.15397950923857262,973.722073923295,973.0762947451825
2026-05-04 09:16:13.186626,0.07664877023178789,973.7987226935269,973.186626013228
2026-05-04 09:16:13.668703,0.12488195233544784,973.9236046458624,973.6687034503691
2026-05-04 09:16:13.834041,0.13830608669681277,974.0619107325592,973.8340410043537
2026-05-04 09:16:13.858382,0.07860044062332505,974.1405111731825,973.858382476723
2026-05-04 09:16:14.813314,0.1877204567723993,975.0010348376046,974.8133143808323
2026-05-04 09:16:15.629749,0.035771765159529734,975.6655209783642,975.6297492132046
2026-05-04 09:16:15.677422,0.07053673268057195,975.7479586455768,975.6774219128962
2026-05-04 09:16:15.926703,0.09694886112226969,976.0236523256839,975.9267034645616
2026-05-04 09:16:16.077796,0.10227901201241069,976.1800749812147,976.0777959692023
2026-05-04 09:16:16.398495,0.008173691287601707,976.4066689282284,976.3984952369408
2026-05-04 09:16:16.667359,0.3433221304398315,977.0106807716732,976.6673586412334
2026-05-04 09:16:16.698184,0.013111527882043365,977.0237922995552,976.6981836591249
2026-05-04 09:16:16.786603,0.030880751823806514,977.054673051379,976.7866032797134
2026-05-04 09:16:17.042199,0.06464327272384089,977.1193163241029,977.0421989865337
2026-05-04 09:16:17.183276,0.10293862340460158,977.2862148071341,977.1832761837295
2026-05-04 09:16:17.208838,0.1510489404917738,977.4372637476259,977.2088383756522
2026-05-04 09:16:17.474739,0.021629433398330664,977.4963685148406,977.4747390814423
2026-05-04 09:16:17.487744,0.05313248050730626,977.5495009953479,977.487743642023
2026-05-04 09:16:17.581830,0.12742201049569815,977.7092521927822,977.5818301822865
2026-05-04 09:16:18.431803,0.04946714161203098,978.4812697406743,978.4318025990623
2026-05-04 09:16:18.681247,0.007128534971096514,978.6883758126356,978.6812472776645
2026-05-04 09:16:19.237177,0.10879145804333996,979.3459682136287,979.2371767555853
2026-05-04 09:16:19.339992,0.09885995838640661,979.444828172015,979.339991715996
2026-05-04 09:16:19.925248,0.20207680226206876,980.1273245754572,979.9252477731952
2026-05-04 09:16:19.977009,0.030192404696787578,980.157516980154,979.9770090678259
2026-05-04 09:16:20.302743,0.07157528873996881,980.374318139669,980.302742850929
2026-05-04 09:16:20.440520,0.7180990740295259,981.1586190111263,980.4405199370968
2026-05-04 09:16:20.673703,0.10269985093810115,981.2613188620644,980.6737026330206
2026-05-04 09:16:20.828173,0.312196436054051,981.5735152981184,980.8281725858217
2026-05-04 09:16:20.954241,0.46025902068761415,982.0337743188061,980.9542413957328
2026-05-04 09:16:21.313924,0.005361700809535647,982.0391360196156,981.313923681948
2026-05-04 09:16:21.346387,0.36232369831018224,982.4014597179258,981.346387244757
2026-05-04 09:16:22.141977,0.19262460096086784,982.5940843188866,982.1419767341112
2026-05-04 09:16:22.309426,0.28829355722317196,982.8823778761098,982.3094259184828
2026-05-04 09:16:22.480648,0.3128013887112497,983.195179264821,982.4806477394828
2026-05-04 09:16:22.828791,0.176960849792166,983.3721401146132,982.8287907828992
2026-05-04 09:16:23.036742,0.40903967650740714,983.7811797911206,983.036741539256
2026-05-04 09:16:24.205622,0.18219939805735458,984.3878210402672,984.2056216422098
2026-05-04 09:16:24.207338,0.08208343536318208,984.4699044756304,984.2073379823507
2026-05-04 09:16:24.391898,0.06698357851657336,984.536888054147,984.3918977421627
2026-05-04 09:16:24.950201,0.08215283354731945,985.03235346931,984.9502006357627
2026-05-04 09:16:25.065123,0.2884548696375207,985.3535781584143,985.0651232887767
2026-05-04 09:16:25.306883,0.2960307835122546,985.6496089419265,985.3068834895688
2026-05-04 09:16:25.739148,0.16656433161058215,985.9057122836889,985.7391479520783
2026-05-04 09:16:27.465069,0.1593443517344065,987.6244129328927,987.4650685811583
2026-05-04 09:16:27.679679,0.06800991426598273,987.7476886737473,987.6796787594814
2026-05-04 09:16:27.857838,0.10263627717842115,987.9604742296196,987.8578379524412
2026-05-04 09:16:28.275473,0.3315018444682689,988.606974566103,988.2754727216347
2026-05-04 09:16:28.354471,0.01687137186121948,988.6238459379642,988.3544705522787
2026-05-04 09:16:28.585426,0.0977731470965994,988.7216190850609,988.5854255436235
2026-05-04 09:16:29.101542,0.3728007575856637,989.4743423614551,989.1015416038695
2026-05-04 09:16:29.224988,0.2621584348950376,989.7365007963501,989.2249883452363
2026-05-04 09:16:29.956337,0.011842762403613045,989.9681799823621,989.9563372199585
2026-05-04 09:16:30.484963,0.07040007770464822,990.5553632648717,990.4849631871671
2026-05-04 09:16:30.864661,0.02001595380352812,990.884676893041,990.8646609392375
2026-05-04 09:16:30.940597,0.3858543465507982,991.3264514654769,990.9405971189261
2026-05-04 09:16:31.965668,0.08821755721666716,992.0538852070922,991.9656676498755
2026-05-04 09:16:32.116950,0.840435261927937,992.9573852048259,992.1169499428979
2026-05-04 09:16:32.191639,0.06149318593279512,993.0188783907587,992.1916387224054
2026-05-04 09:16:32.536878,0.1122035485710704,993.1310819393298,992.5368776661836
2026-05-04 09:16:33.315270,0.4025930472288627,993.7178629542564,993.3152699070275
2026-05-04 09:16:33.512160,0.077232672504079,993.7950956267605,993.5121603760475
2026-05-04 09:16:33.514860,0.10765681801335908,993.9027524447738,993.5148595225651
2026-05-04 09:16:33.787757,0.03814452516110901,993.9408969699349,993.7877567390669
2026-05-04 09:16:33.922564,0.12563646196016082,994.0665334318951,993.9225642899373
2026-05-04 09:16:34.377502,0.567801516688164,994.9453034021767,994.3775018854885
2026-05-04 09:16:35.162184,0.029647530150748475,995.1918316555518,995.162184125401
2026-05-04 09:16:35.345654,0.03705585336644345,995.382710150825,995.3456542974585
2026-05-04 09:16:35.461754,0.2816914894355775,995.7434457157259,995.4617542262903
2026-05-04 09:16:35.695549,0.04577492164181624,995.7892206373677,995.6955488943807
2026-05-04 09:16:35.696770,0.25627931976760077,996.0454999571353,995.6967701516792
2026-05-04 09:16:36.247752,0.019215341901796468,996.2669671888435,996.2477518469417
2026-05-04 09:16:36.381625,0.056726230188769156,996.4383512393451,996.3816250091563
2026-05-04 09:16:36.388996,0.17754341660996859,996.6158946559551,996.3889956381727
2026-05-04 09:16:37.076821,0.50955170580852,997.5863728751696,997.076821169361
2026-05-04 09:16:37.192133,0.616827652363583,998.2032005275331,997.1921328399042
2026-05-04 09:16:37.701080,0.3870125456446112,998.5902130731778,997.7010802477271
2026-05-04 09:16:38.394341,0.0983845539543104,998.6885976271321,998.3943413340797
2026-05-04 09:16:38.424105,0.11825399296904604,998.8068516201012,998.4241054806066
2026-05-04 09:16:38.440973,0.4783110527205306,999.2851626728217,998.4409729257192
2026-05-04 09:16:38.904328,0.10844409015226822,999.393606762974,998.9043278248719
2026-05-04 09:16:39.035202,0.1256625164196664,999.5192692793936,999.0352022161022
2026-05-04 09:16:39.220379,0.362334606490446,999.881603885884,999.2203785330242
2026-05-04 09:16:39.245878,0.06624289479847971,999.9478467806825,999.2458778678354
2026-05-04 09:16:39.742443,0.055584825386411,1000.003431606069,999.7424434736173
2026-05-04 09:16:40.215420,0.4272173476591828,1000.6426369961008,1000.2154196484416
2026-05-04 09:16:40.541314,0.05276059245494742,1000.6953975885558,1000.5413140558735
2026-05-04 09:16:40.776216,0.057010670731991855,1000.833227107257,1000.776216436525
2026-05-04 09:16:41.153361,0.07254464686345713,1001.2259059168407,1001.1533612699773
2026-05-04 09:16:41.323438,0.07085098522953796,1001.3942889312724,1001.3234379460429
2026-05-04 09:16:41.350710,0.6008484830078076,1001.9951374142802,1001.3507103076952
2026-05-04 09:16:41.445053,0.10186115722136468,1002.0969985715016,1001.4450526447595
2026-05-04 09:16:41.891897,0.575499253564647,1002.6724978250662,1001.8918973072039
2026-05-04 09:16:41.892622,0.10034857818513221,1002.7728464032514,1001.8926220315919
2026-05-04 09:16:42.589560,0.00507980662108418,1002.7779262098725,1002.5895604316719
2026-05-04 09:16:42.714163,0.21287848635323417,1002.9908046962257,1002.7141626671448
2026-05-04 09:16:43.693433,0.1636570606337404,1003.8570898496342,1003.6934327890004
2026-05-04 09:16:43.719688,0.12353534519466328,1003.9806251948289,1003.7196884667613
2026-05-04 09:16:43.918010,0.01586078205704307,1003.996485976886,1003.9180099923929
2026-05-04 09:16:43.996585,0.07612347116526583,1004.0727085204009,1003.9965850492356
2026-05-04 09:16:44.029450,0.061331035024748896,1004.1340395554256,1004.0294500667594
2026-05-04 09:16:44.431383,0.1792016241049642,1004.6105846075689,1004.4313829834639
2026-05-04 09:16:44.591797,0.11615231725428879,1004.7267369248232,1004.5917971599876
2026-05-04 09:16:44.827626,0.22473023341231163,1005.0523565995959,1004.8276263661836
2026-05-04 09:16:45.452158,0.016413646003551666,1005.4685714794658,1005.4521578334623
2026-05-04 09:16:45.750648,0.13634665224283346,1005.8869949105335,1005.7506482582907
2026-05-04 09:16:46.586859,0.034079631910178675,1006.6209387614977,1006.5868591295874
2026-05-04 09:16:47.018587,0.2480822814847683,1007.2666694977408,1007.018587216256
2026-05-04 09:16:47.058018,0.2677143262764893,1007.5343838240174,1007.0580178947812
2026-05-04 09:16:47.338284,0.015083064556574769,1007.549466888574,1007.3382835406833
2026-05-04 09:16:48.379732,0.02243998159981185,1008.4021721894909,1008.379732207891
2026-05-04 09:16:48.993125,0.22227314962135922,1009.2153981998196,1008.9931250501982
2026-05-04 09:16:49.188201,0.05944494644151419,1009.2748431462611,1009.1882006230363
2026-05-04 09:16:49.228269,0.08032022683925241,1009.3551633731004,1009.2282686036742
2026-05-04 09:16:49.744774,0.11705695886004785,1009.861830758235,1009.7447737993749
2026-05-04 09:16:49.938106,0.5203867834713554,1010.4584931511623,1009.9381063676909
2026-05-04 09:16:50.158181,0.18624039709304774,1010.6447335482553,1010.1581806275678
2026-05-04 09:16:50.667520,0.5537114089575293,1011.2212310670022,1010.6675196580447
2026-05-04 09:16:50.708276,0.27466577693967625,1011.4958968439419,1010.7082759555682
2026-05-04 09:16:50.872378,0.333894158160867,1011.8297910021028,1010.8723776939426
2026-05-04 09:16:50.960217,0.2517894657007195,1012.0815804678035,1010.9602170505334
2026-05-04 09:16:51.663267,0.07605328880252916,1012.1576337566061,1011.6632671244882
2026-05-04 09:16:51.940722,0.21053501026960195,1012.3681687668757,1011.940722077956
2026-05-04 09:16:52.109475,0.36177821165347246,1012.7299469785291,1012.1094748152738
2026-05-04 09:16:52.708451,0.006151672300943971,1012.7360986508301,1012.7084505756483
2026-05-04 09:16:53.549447,0.04634365751090408,1013.595790979282,1013.5494473217711
2026-05-04 09:16:53.584587,0.19871297090458095,1013.7945039501866,1013.5845873127269
2026-05-04 09:16:53.782553,0.23748816691504634,1014.0319921171016,1013.7825525696181
2026-05-04 09:16:54.331419,0.10511485124566107,1014.4365336703387,1014.3314188190931
2026-05-04 09:16:54.608434,0.13006765047355792,1014.7385011920688,1014.6084335415953
2026-05-04 09:16:54.825144,0.3532463344963271,1015.1783899319119,1014.8251435974155
2026-05-04 09:16:54.877321,0.4804036548327747,1015.6587935867447,1014.8773214284979
2026-05-04 09:16:55.272692,0.1784893460128992,1015.8372829327576,1015.272692406721
2026-05-04 09:16:55.830395,0.09944958335657339,1015.9367325161141,1015.8303953712433
2026-05-04 09:16:56.175967,0.015260758204253239,1016.1912273485764,1016.1759665903721
2026-05-04 09:16:56.550264,0.39120500790940116,1016.9414688624845,1016.5502638545751
2026-05-04 09:16:56.689536,0.29527351068216884,1017.2367423731666,1016.6895359224447
2026-05-04 09:16:57.386544,0.16925358061247492,1017.5557971759858,1017.3865435953734
2026-05-04 09:16:57.470659,0.04495363065531395,1017.6007508066411,1017.4706585562539
2026-05-04 09:16:57.573779,0.12645578905835037,1017.7272065956995,1017.5737793265372
2026-05-04 09:16:57.772874,0.02363763398450023,1017.7965118553234,1017.7728742213388
2026-05-04 09:16:57.954626,0.08407916877785476,1018.0387049390674,1017.9546257702896
2026-05-04 09:16:58.414008,0.08271923763718034,1018.4967277122796,1018.4140084746424
2026-05-04 09:16:58.420586,0.1962006037563412,1018.6929283160359,1018.4205857687917
2026-05-04 09:16:59.097355,0.6929359272755795,1019.7902907463535,1019.097354819078
2026-05-04 09:16:59.840569,0.11770664199112027,1019.9582755335489,1019.8405688915577
2026-05-04 09:16:59.894689,0.055750578831400624,1020.0140261123803,1019.8946889422147
2026-05-04 09:17:00.530223,0.13917982162910647,1020.6694032297066,1020.5302234080775
2026-05-04 09:17:00.810095,0.13901429349670266,1020.9491093684628,1020.8100950749661
2026-05-04 09:17:00.936952,0.10809403438787944,1021.0572034028507,1020.9369520717414
2026-05-04 09:17:01.297998,0.12182489220228057,1021.4198230688161,1021.2979981766138
2026-05-04 09:17:01.346378,0.08127387486010694,1021.5010969436762,1021.3463777188723
2026-05-04 09:17:02.024456,0.037901987504693625,1022.0623581572206,1022.0244561697159
2026-05-04 09:17:02.096082,0.2841617279865644,1022.3802432573615,1022.0960815293749
2026-05-04 09:17:02.422008,0.0988660218063388,1022.5208742099956,1022.4220081881892
2026-05-04 09:17:02.428785,0.04270172956651604,1022.563575939562,1022.4287852046431
2026-05-04 09:17:02.965880,0.04059042499242278,1023.006470528801,1022.9658801038086
2026-05-04 09:17:02.999118,0.14641955078719357,1023.1528900795881,1022.9991175263045
2026-05-04 09:17:03.823356,0.0768699880163557,1023.9002259254935,1023.8233559374771
2026-05-04 09:17:04.184868,0.09200642844133472,1024.2768742512835,1024.184867822842
2026-05-04 09:17:04.807907,0.41870340648195353,1025.226610848327,1024.8079074418451
2026-05-04 09:17:05.040011,0.1588450529643545,1025.3854559012914,1025.040010796404
2026-05-04 09:17:05.242507,0.07557869464181728,1025.4610345959331,1025.2425066857884
2026-05-04 09:17:05.665274,0.3788121896055112,1026.0440858729082,1025.6652736833028
2026-05-04 09:17:06.181745,0.18362339810905381,1026.3653688354404,1026.1817454373313
2026-05-04 09:17:06.813389,0.3002773185224127,1027.1136658984776,1026.8133885799552
2026-05-04 09:17:07.055346,0.0778503544549964,1027.1915162529326,1027.055345969513
2026-05-04 09:17:07.535470,0.5377072342189988,1028.073176758898,1027.535469524679
2026-05-04 09:17:07.601101,0.18683886626464763,1028.2600156251626,1027.6011013307123
2026-05-04 09:17:08.384135,0.06029702818005164,1028.4444322609515,1028.3841352327715
2026-05-04 09:17:08.879618,0.03438163122324159,1028.913999946666,1028.879618315443
2026-05-04 09:17:08.932273,0.01799976583105096,1028.950272904487,1028.932273138656
2026-05-04 09:17:09.260976,0.08517022814399115,1029.3461465676332,1029.2609763394892
2026-05-04 09:17:09.292934,0.06954605634598485,1029.4156926239793,1029.2929336075993
2026-05-04 09:17:09.327963,0.1645602998230775,1029.5802529238024,1029.3279632579224
2026-05-04 09:17:09.803232,0.38152400877099546,1030.1847557709123,1029.8032317621412
2026-05-04 09:17:09.849332,0.3151514148897387,1030.499907185802,1029.8493315981086
2026-05-04 09:17:10.205525,0.008674556585381908,1030.5085817423874,1030.205525217506
2026-05-04 09:17:10.260409,0.006662900317068381,1030.5152446427044,1030.2604092173997
2026-05-04 09:17:10.502283,0.0113903255711316,1030.5266349682754,1030.5022827240857
2026-05-04 09:17:10.550400,0.16264622287034794,1030.71304616048,1030.5503999376097
2026-05-04 09:17:10.582011,0.14558723468010623,1030.85863339516,1030.582010709331
2026-05-04 09:17:11.162688,0.1582508064101764,1031.3209392023923,1031.162688395982
2026-05-04 09:17:11.653099,0.5259661534501767,1032.1790655392506,1031.6530993858005
2026-05-04 09:17:11.801735,0.43395072042849514,1032.6130162596792,1031.80173522721
2026-05-04 09:17:12.278562,0.22238405099797204,1032.8354003106772,1032.2785622506374
2026-05-04 09:17:12.663649,0.2149574701445851,1033.0503577808217,1032.6636489924
2026-05-04 09:17:12.750277,0.07658121968410261,1033.126939000506,1032.7502768135564
2026-05-04 09:17:12.844782,0.22289781608690615,1033.3498368165929,1032.8447819627193
2026-05-04 09:17:13.413097,0.018674255260094693,1033.4317708188644,1033.4130965636043
2026-05-04 09:17:13.843955,0.1916991412738804,1034.035654042285,1033.843954901011
2026-05-04 09:17:13.945029,0.007405681641138632,1034.043059723926,1033.9450287743584
2026-05-04 09:17:16.837223,0.055306766888433535,1036.8925298115146,1036.8372230446262
2026-05-04 09:17:16.993045,1.1715386318670086e-05,1036.9930570854149,1036.9930453700285
2026-05-04 09:17:17.065567,0.18735426842148548,1037.252921348863,1037.0655670804415
2026-05-04 09:17:17.605456,0.04704267083332883,1037.6524983736101,1037.6054557027767
2026-05-04 09:17:18.029030,0.3177475104676357,1038.3467778336146,1038.029030323147
2026-05-04 09:17:18.159823,0.22453712028068687,1038.5713149538954,1038.1598226802844
2026-05-04 09:17:18.244516,0.12489973027405038,1038.6962146841695,1038.2445161892426
2026-05-04 09:17:19.091696,0.14282600023340478,1039.234521579498,1039.0916955792648
2026-05-04 09:17:20.078269,0.1828867060908379,1040.261155522484,1040.0782688163931
2026-05-04 09:17:20.289142,0.007817583145764506,1040.2969594130998,1040.2891418299541
2026-05-04 09:17:20.890945,0.6125900304307281,1041.5035345849442,1040.8909445545135
2026-05-04 09:17:21.638964,0.3211567466716919,1041.9601205973586,1041.6389638506869
2026-05-04 09:17:22.285766,0.27145618942015565,1042.5572223777654,1042.2857661883452
2026-05-04 09:17:22.616168,0.5725965485213211,1043.1887648809768,1042.6161683324556
2026-05-04 09:17:22.705934,0.31012585189111946,1043.498890732868,1042.70593372234
2026-05-04 09:17:22.722268,0.0997513836706615,1043.5986421165387,1042.7222676197568
2026-05-04 09:17:22.759112,0.11027921384319857,1043.7089213303818,1042.7591118612904
2026-05-04 09:17:23.023479,0.01303257773958074,1043.7219539081213,1043.0234786673618
2026-05-04 09:17:24.332542,0.2052174685656553,1044.5377597675335,1044.3325422989678
2026-05-04 09:17:24.573195,0.2587275854992396,1044.8319226027854,1044.5731950172863
2026-05-04 09:17:24.673316,0.17454618614627884,1045.0064687889317,1044.6733162603973
2026-05-04 09:17:24.895924,0.09851544529695322,1045.1049842342286,1044.8959243865831
2026-05-04 09:17:25.586001,0.05393493625394598,1045.639936004471,1045.5860010682172
2026-05-04 09:17:25.617334,0.07290026253826268,1045.7128362670094,1045.6173343988862
2026-05-04 09:17:25.691519,0.0026751330558559775,1045.7155114000652,1045.69151864169
2026-05-04 09:17:26.119246,0.4406131261902131,1046.5598594986152,1046.119246372425
2026-05-04 09:17:26.178850,0.04512871840487861,1046.60498821702,1046.1788503311677
2026-05-04 09:17:26.288407,0.012568261310160962,1046.6175564783302,1046.2884068297928
2026-05-04 09:17:26.525553,0.09807289050181037,1046.715629368832,1046.5255529068918
2026-05-04 09:17:27.026188,0.07697204009061456,1047.1031597298083,1047.0261876897177
2026-05-04 09:17:27.514399,0.34625329148646256,1047.860651849779,1047.5143985582927
2026-05-04 09:17:27.581467,0.10691818425835886,1047.9675700340374,1047.5814674844344
2026-05-04 09:17:27.707904,0.038938556875367625,1048.0065085909127,1047.7079041917023
2026-05-04 09:17:27.768006,0.036783031936911105,1048.0432916228497,1047.7680064802032
2026-05-04 09:17:28.238737,0.06473730570864283,1048.3034744553033,1048.2387371495947
2026-05-04 09:17:29.108021,0.4519574455428229,1049.5599782158167,1049.108020770274
2026-05-04 09:17:29.382819,0.2715904513559852,1049.8315686671726,1049.3828192014546
2026-05-04 09:17:29.385386,0.49553190921924034,1050.3271005763918,1049.385385550152
2026-05-04 09:17:29.525076,0.038347137685233096,1050.365447714077,1049.5250761110824
2026-05-04 09:17:29.619418,0.10606987823794595,1050.471517592315,1049.6194180412997
2026-05-04 09:17:29.706181,0.22832953659513186,1050.69984712891,1049.7061812763163
2026-05-04 09:17:29.878650,0.0014615355549084084,1050.701308664465,1049.8786499978705
2026-05-04 09:17:30.453715,0.09956878328979042,1050.8008774477548,1050.453715068023
2026-05-04 09:17:30.907172,0.03470963934180127,1050.9418813335203,1050.9071716941785
2026-05-04 09:17:31.461501,0.034318956517099035,1051.4958201332636,1051.4615011767464
2026-05-04 09:17:31.700067,0.1329145597326249,1051.8329813689052,1051.7000668091725
2026-05-04 09:17:32.240835,0.7403453931420743,1052.9811807194524,1052.2408353263104
2026-05-04 09:17:32.448225,0.10973675822745195,1053.0909174776798,1052.4482254042043
2026-05-04 09:17:32.475509,0.04136273502959256,1053.1322802127095,1052.47550917841
2026-05-04 09:17:32.615746,0.2975566923133954,1053.429836905023,1052.6157463053344
2026-05-04 09:17:32.962470,0.0256464415371019,1053.45548334656,1052.9624703592935
2026-05-04 09:17:33.189638,0.24185898205257686,1053.6973423286126,1053.189638380709
2026-05-04 09:17:34.518428,0.4863646694806115,1055.0047927234523,1054.5184280539718
2026-05-04 09:17:34.674818,0.23069063132809187,1055.2354833547804,1054.67481843709
2026-05-04 09:17:35.143003,0.13797682904401998,1055.3734601838244,1055.143003011844
2026-05-04 09:17:35.398930,0.015228987990478629,1055.4141587959652,1055.3989298079748
2026-05-04 09:17:35.451801,0.04664547449532157,1055.4984459890525,1055.4518005145571
2026-05-04 09:17:36.206328,0.0773893657445081,1056.2837171661524,1056.206327800408
2026-05-04 09:17:36.532497,0.3077292786392626,1056.8402266373412,1056.532497358702
2026-05-04 09:17:36.985644,0.1890339876111508,1057.1746779619773,1056.9856439743662
2026-05-04 09:17:37.038973,0.006240175791023595,1057.1809181377682,1057.0389729113895
2026-05-04 09:17:37.418335,0.34809188039447553,1057.7664265271385,1057.418334646744
2026-05-04 09:17:37.757231,0.05295291038762026,1057.819379437526,1057.7572305202602
2026-05-04 09:17:37.836139,0.09151483471704888,1057.9276539057264,1057.8361390710093
2026-05-04 09:17:37.901902,0.12114542657324208,1058.0487993322997,1057.901902457461
2026-05-04 09:17:37.926387,0.5466853934898664,1058.5954847257897,1057.9263874022047
2026-05-04 09:17:38.096938,0.17108833264513035,1058.766573058435,1058.0969377771269
2026-05-04 09:17:38.451771,0.20635157881491942,1058.97292463725,1058.4517713562643
2026-05-04 09:17:38.476062,0.8509068086575458,1059.8238314459074,1058.4760615324615
2026-05-04 09:17:39.776405,0.01820051148468263,1059.8420319573922,1059.776405070814
2026-05-04 09:17:40.663056,0.19559728114512587,1060.8586528822482,1060.663055601103
2026-05-04 09:17:40.850707,0.3735171938783283,1061.2321700761265,1060.8507071422316
2026-05-04 09:17:41.234044,0.006291469006045843,1061.240335516481,1061.234044047475
2026-05-04 09:17:41.278063,0.32528260390276315,1061.603345658827,1061.2780630549244
2026-05-04 09:17:41.397312,0.2560054715331785,1061.8593511303602,1061.3973124412457
2026-05-04 09:17:42.318378,0.20101938702424285,1062.519397641427,1062.318378254403
2026-05-04 09:17:42.368536,0.1457014804285372,1062.6650991218555,1062.3685359029557
2026-05-04 09:17:42.985642,0.08145914304554566,1063.0671014359966,1062.985642292951
2026-05-04 09:17:43.547147,0.1851195906593756,1063.7322664288456,1063.5471468381863
2026-05-04 09:17:43.822861,0.0714300812706943,1063.894291451338,1063.8228613700674
2026-05-04 09:17:44.037831,0.3125953536925665,1064.3504263039044,1064.0378309502119
2026-05-04 09:17:44.779805,0.2606497449501228,1065.0404548074453,1064.7798050624951
2026-05-04 09:17:45.106977,0.1101306675428464,1065.2171079376826,1065.1069772701399
2026-05-04 09:17:45.155357,0.1869820580148413,1065.4040899956974,1065.1553567942276
2026-05-04 09:17:45.602638,0.06603128133188367,1065.6686692597757,1065.602637978444
2026-05-04 09:17:45.615612,0.16608972659962865,1065.8347589863754,1065.6156119479883
2026-05-04 09:17:45.704094,0.24237399923846717,1066.0771329856138,1065.7040940169852
2026-05-04 09:17:45.821272,0.030885447648222444,1066.108018433262,1065.8212722929784
2026-05-04 09:17:45.829504,0.09267933520195032,1066.200697768464,1065.829503684693
2026-05-04 09:17:46.088362,0.0781237789420007,1066.2788215474059,1066.0883623213058
2026-05-04 09:17:46.106286,0.009876911422518942,1066.2886984588283,1066.1062860598397
2026-05-04 09:17:46.383232,0.015338712049500129,1066.3985702380494,1066.383231526
2026-05-04 09:17:46.502966,0.019497680038961303,1066.5224637799124,1066.5029660998734
2026-05-04 09:17:47.189950,0.06986209228894191,1067.2598125874254,1067.1899504951364
2026-05-04 09:17:47.394081,0.273492945751533,1067.6675742522177,1067.3940813064662
2026-05-04 09:17:47.437493,0.32250783741677513,1067.9900820896346,1067.4374930841827
2026-05-04 09:17:47.519991,0.02061978282378045,1068.0107018724584,1067.519991472498
2026-05-04 09:17:47.786000,0.4773990705679862,1068.4881009430264,1067.7859997488142
2026-05-04 09:17:48.272148,0.13886964239046481,1068.626970585417,1068.2721482735083
2026-05-04 09:17:49.442666,0.8643611139079659,1070.3070275224575,1069.4426664085495
2026-05-04 09:17:49.563230,0.15464307276850428,1070.461670595226,1069.563230027797
2026-05-04 09:17:49.593569,0.023322508861150372,1070.4849931040872,1069.5935690730792
2026-05-04 09:17:49.761689,0.025211965263751773,1070.5102050693508,1069.7616893873317
2026-05-04 09:17:50.460819,0.0356826353080942,1070.545887704659,1070.4608189791722
2026-05-04 09:17:50.691016,0.12671168035314284,1070.8177275463283,1070.6910158659753
2026-05-04 09:17:50.917124,0.22675115168658422,1071.143874848389,1070.9171236967024
2026-05-04 09:17:51.055441,0.28918571086958117,1071.4330605592586,1071.0554406914991
2026-05-04 09:17:51.842807,0.05031735096501244,1071.8931242275348,1071.8428068765697
2026-05-04 09:17:52.267952,0.09262533321049017,1072.360576916285,1072.2679515830746
2026-05-04 09:17:52.805423,0.005336560082816682,1072.8107595019999,1072.805422941917
2026-05-04 09:17:53.501759,0.0578121331403165,1073.559571127411,1073.5017589942706
2026-05-04 09:17:53.992361,0.2621338679273519,1074.2544952758924,1073.992361407965
2026-05-04 09:17:54.169166,0.3393674079746401,1074.593862683867,1074.1691660176396
2026-05-04 09:17:54.258316,0.19093505398121902,1074.7847977378483,1074.2583157660538
2026-05-04 09:17:54.671321,0.26688624764496577,1075.0516839854934,1074.6713210111513
2026-05-04 09:17:54.912464,0.19000895073847313,1075.2416929362319,1074.9124642068195
2026-05-04 09:17:55.067169,0.286916429882723,1075.5286093661146,1075.0671687411138
2026-05-04 09:17:56.174400,0.058217135692785964,1076.232617127117,1076.1743999914243
2026-05-04 09:17:56.486277,0.6516066436690773,1077.137883360335,1076.486276716666
2026-05-04 09:17:56.724150,0.43937166308594194,1077.577255023421,1076.7241503455145
2026-05-04 09:17:56.981040,0.46523053447722823,1078.0424855578983,1076.9810398096047
2026-05-04 09:17:57.179151,0.5944817788408849,1078.6369673367392,1077.1791507950365
2026-05-04 09:17:57.212504,0.06849618213299011,1078.7054635188722,1077.2125041888835
2026-05-04 09:17:57.280821,0.053629808946344094,1078.7590933278186,1077.2808214044683
2026-05-04 09:17:57.595549,0.3833146460655132,1079.142407973884,1077.5955485613977
2026-05-04 09:17:57.774021,0.1116100222212896,1079.2540179961054,1077.7740206213548
2026-05-04 09:17:57.790305,0.04476305512755247,1079.298781051233,1077.7903050312289
2026-05-04 09:17:58.627004,0.11174434611597246,1079.410525397349,1078.6270036948101
2026-05-04 09:17:58.863153,0.29250650723665633,1079.7030319045855,1078.863152663339
2026-05-04 09:17:59.104372,0.9824392841533354,1080.6854711887388,1079.104372251931
2026-05-04 09:17:59.181011,0.04329467451193842,1080.7287658632508,1079.181011205079
2026-05-04 09:17:59.314985,0.10878210080959445,1080.8375479640604,1079.3149846354847
2026-05-04 09:17:59.763999,0.1530098158802001,1080.9905577799407,1079.763998719609
2026-05-04 09:17:59.938998,0.1118143407321589,1081.1023721206727,1079.9389983440326
2026-05-04 09:18:00.023745,0.0788019791591229,1081.1811740998319,1080.023745106198
2026-05-04 09:18:00.411535,0.2609074202369694,1081.4420815200688,1080.411535060826
2026-05-04 09:18:01.185123,0.010784772082462004,1081.4528662921512,1081.1851234103974
2026-05-04 09:18:01.317122,0.02903743416281639,1081.481903726314,1081.3171220150862
2026-05-04 09:18:01.501817,0.16590366527218403,1081.6677209546256,1081.5018172893533
2026-05-04 09:18:01.616409,0.06743592356448876,1081.73515687819,1081.6164092253834
2026-05-04 09:18:02.076766,0.5362678000287885,1082.613033302614,1082.0767655025852
2026-05-04 09:18:02.623586,0.03305240867596299,1082.6566380761562,1082.6235856674803
2026-05-04 09:18:02.651299,1.5393321418774892,1084.1959702180338,1082.6512988014
2026-05-04 09:18:02.693170,0.371905805873502,1084.5678760239073,1082.6931704366614
2026-05-04 09:18:03.166930,0.07312449357348012,1084.6410005174807,1083.1669300257151
2026-05-04 09:18:03.197929,0.1280731567858146,1084.7690736742666,1083.1979286403018
2026-05-04 09:18:03.526726,0.1827876683327887,1084.9518613425994,1083.5267255954618
2026-05-04 09:18:04.083280,0.0870581109348485,1085.0389194535342,1084.0832804020483
2026-05-04 09:18:04.119811,0.051113051358611716,1085.0900325048929,1084.119810958955
2026-05-04 09:18:04.201660,0.07484665815841429,1085.1648791630512,1084.2016604567273
2026-05-04 09:18:04.927292,0.11415375700499447,1085.2790329200561,1084.9272915609567
2026-05-04 09:18:04.995314,0.2322240317265194,1085.5112569517826,1084.9953142598333
2026-05-04 09:18:05.387203,0.04860045976446468,1085.559857411547,1085.387202693888
2026-05-04 09:18:05.544950,0.0904874986910385,1085.6503449102381,1085.544949529062
2026-05-04 09:18:05.746345,0.41270649026492184,1086.1590512743335,1085.7463447840685
2026-05-04 09:18:06.317121,0.01962667149870152,1086.33674754864,1086.3171208771414
2026-05-04 09:18:06.377001,0.1573078528353666,1086.5343084163403,1086.377000563505
2026-05-04 09:18:06.785987,0.025238697939319245,1086.8112255782576,1086.7859868803182
2026-05-04 09:18:06.964174,0.7126114596488226,1087.6767852877804,1086.9641738281316
2026-05-04 09:18:07.713316,0.5745077155009611,1088.2878235530964,1087.7133158375955
2026-05-04 09:18:07.885035,0.010941540931983395,1088.2987650940283,1087.885035437629
2026-05-04 09:18:08.142421,0.1786535361815661,1088.47741863021,1088.1424209310942
2026-05-04 09:18:09.355779,0.5241336458842341,1089.8799127358916,1089.3557790900074
2026-05-04 09:18:09.588550,0.23605525326734741,1090.115967989159,1089.5885500343231
2026-05-04 09:18:10.133417,0.170669121122208,1090.3040861718473,1090.133417050725
2026-05-04 09:18:10.219192,0.7907984375950341,1091.0948846094423,1090.219192128072
2026-05-04 09:18:10.707608,0.17105907972762857,1091.26594368917,1090.7076075199743
2026-05-04 09:18:11.096947,0.08910213912179704,1091.3550458282918,1091.0969474549959
2026-05-04 09:18:11.514638,0.027365858632841678,1091.542003681043,1091.5146378224101
2026-05-04 09:18:11.597378,0.027356940591806517,1091.6247347340875,1091.5973777934958
2026-05-04 09:18:12.086747,0.22498456897264252,1092.3117318922946,1092.086747323322
2026-05-04 09:18:12.316221,0.026764252462022683,1092.342985044448,1092.3162207919859
2026-05-04 09:18:12.696485,0.18931600821620037,1092.8858013807142,1092.696485372498
2026-05-04 09:18:13.012437,0.3679852140292741,1093.3804219904016,1093.0124367763724
2026-05-04 09:18:13.855442,0.20738871111487236,1094.062830518706,1093.8554418075912
2026-05-04 09:18:14.156115,0.32200539441770254,1094.4781201256908,1094.1561147312732
2026-05-04 09:18:14.635052,0.25807727674681274,1094.8931290967544,1094.6350518200074
2026-05-04 09:18:14.708480,0.0038377682814542467,1094.896966865036,1094.7084798078977
2026-05-04 09:18:14.760080,0.07345682986870337,1094.9704236949046,1094.7600795680326
2026-05-04 09:18:15.443245,0.12663930360816553,1095.5698847117922,1095.4432454081839
2026-05-04 09:18:15.616186,0.06830802324477633,1095.6844942538848,1095.61618623064
2026-05-04 09:18:15.725527,0.03680521920477768,1095.762332140771,1095.7255269215661
2026-05-04 09:18:17.049295,0.06833933358119902,1097.1176340080572,1097.049294674476
2026-05-04 09:18:17.893593,0.22997435816551737,1098.123567832792,1097.8935934746266
2026-05-04 09:18:18.195713,0.14601830830210163,1098.3417315007846,1098.1957131924826
2026-05-04 09:18:18.268935,0.015179209810039992,1098.3569107105945,1098.2689354000156
2026-05-04 09:18:18.280220,0.12389109642095275,1098.4808018070155,1098.2802199393316
2026-05-04 09:18:18.804104,0.2161586858119142,1099.0202628342445,1098.8041041484325
2026-05-04 09:18:19.171050,0.02924118191798261,1099.2002908379488,1099.1710496560308
2026-05-04 09:18:19.438486,0.18881566065728395,1099.6273014179867,1099.4384857573293
2026-05-04 09:18:19.945513,1.0189472165693034,1100.9644600091756,1099.9455127926062
2026-05-04 09:18:20.018593,0.19137020151340578,1101.155830210689,1100.0185927040525
2026-05-04 09:18:20.207711,0.037869692861397075,1101.1936999035504,1100.2077106704799
2026-05-04 09:18:20.231164,0.236791534206894,1101.4304914377574,1100.231164313679
2026-05-04 09:18:20.256120,0.037417774700904655,1101.4679092124584,1100.2561200858615
2026-05-04 09:18:20.283633,0.16704621754187232,1101.6349554300002,1100.2836331534677
2026-05-04 09:18:20.564577,0.09489370854882226,1101.729849138549,1100.564577047072
2026-05-04 09:18:20.621903,0.0008286762496505398,1101.7306778147988,1100.6219034046896
2026-05-04 09:18:21.015386,0.004973200389178845,1101.735651015188,1101.015385550756
2026-05-04 09:18:21.114656,0.1581425077528916,1101.893793522941,1101.1146563445454
2026-05-04 09:18:21.189431,0.09894799437570208,1101.9927415173167,1101.189430613502
2026-05-04 09:18:21.546956,0.570121009830184,1102.562862527147,1101.5469561210227
2026-05-04 09:18:21.591092,0.17430683796936453,1102.7371693651164,1101.5910922584076
2026-05-04 09:18:22.091615,0.33429634498633054,1103.0714657101028,1102.0916150371827
2026-05-04 09:18:22.268419,0.12225413475021951,1103.193719844853,1102.2684187186326
2026-05-04 09:18:22.356170,0.01738773968065196,1103.2111075845335,1102.3561696804504
2026-05-04 09:18:22.782635,0.07959083093486977,1103.2906984154683,1102.7826352896464
2026-05-04 09:18:23.031159,0.08237690780707226,1103.3730753232753,1103.0311594881387
2026-05-04 09:18:23.037259,0.5083876291631158,1103.8814629524384,1103.0372586856759
2026-05-04 09:18:23.184025,0.31248546259465937,1104.193948415033,1103.184025282283
2026-05-04 09:18:23.298377,0.050883410738477824,1104.2448318257714,1103.2983765068523
2026-05-04 09:18:23.307403,0.10394340459116308,1104.3487752303624,1103.3074026674863
2026-05-04 09:18:23.433830,0.22576757060231026,1104.5745428009648,1103.4338296501166
2026-05-04 09:18:23.698604,0.03616256742040073,1104.6107053683852,1103.6986036698338
2026-05-04 09:18:24.609370,0.16566043580197648,1104.7763658041872,1104.609369610167
2026-05-04 09:18:24.914897,0.2949830022033961,1105.209880428829,1104.9148974266254
2026-05-04 09:18:25.111361,0.33297003607180037,1105.5428504649008,1105.1113606000004
2026-05-04 09:18:25.835278,0.33282786405748305,1106.168106072679,1105.8352782086215
2026-05-04 09:18:26.070033,0.23141125660212547,1106.399517329281,1106.0700334505084
2026-05-04 09:18:26.160208,0.0540290211646045,1106.4535463504455,1106.1602083071352
2026-05-04 09:18:26.496624,0.11377903492099523,1106.610402748666,1106.496623713745
2026-05-04 09:18:26.579269,0.18806751576792508,1106.798470264434,1106.5792690981264
2026-05-04 09:18:26.606782,0.1297598825364777,1106.9282301469705,1106.6067824367528
2026-05-04 09:18:27.321280,0.1989357145254328,1107.5202157326917,1107.3212800181661
2026-05-04 09:18:27.915210,0.019468140954721005,1107.9346780358471,1107.9152098948923
2026-05-04 09:18:28.570374,0.09600326497099237,1108.6663770919715,1108.5703738270006
2026-05-04 09:18:28.686498,0.01485611864151753,1108.7013541746267,1108.686498055985
2026-05-04 09:18:28.760774,0.18374134447201385,1108.944515596143,1108.760774251671
2026-05-04 09:18:28.971213,0.8565389792571505,1109.8277522483447,1108.9712132690877
2026-05-04 09:18:29.114704,0.15778334663261986,1109.9855355949774,1109.1147042630555
2026-05-04 09:18:29.148028,0.2985501987579631,1110.2840857937354,1109.1480277659093
2026-05-04 09:18:29.201552,0.48242075894733694,1110.7665065526826,1109.2015519361446
2026-05-04 09:18:29.231877,0.08985567367834862,1110.856362226361,1109.2318770727693
2026-05-04 09:18:29.303735,0.9660221908792375,1111.82238441724,1109.3037352747137
2026-05-04 09:18:29.430802,0.009522591777579621,1111.8319070090176,1109.430802365605
2026-05-04 09:18:30.185602,0.20040848520079588,1112.0323154942184,1110.1856017947255
2026-05-04 09:18:30.309154,0.24767512137095987,1112.2799906155894,1110.3091539120294
2026-05-04 09:18:30.627396,0.4391261336345405,1112.719116749224,1110.6273961195175
2026-05-04 09:18:30.789743,0.2550379297906476,1112.9741546790146,1110.7897427754174
2026-05-04 09:18:31.113858,0.3663242553883728,1113.340478934403,1111.1138578952955
2026-05-04 09:18:31.895329,0.16215477232358078,1113.5026337067268,1111.8953285820144
2026-05-04 09:18:32.324432,0.09817442019015911,1113.600808126917,1112.3244324122284
2026-05-04 09:18:32.394610,0.21229137859011235,1113.8130995055071,1112.3946100749438
2026-05-04 09:18:33.310348,0.15170332692337352,1113.9648028324305,1113.3103477548889
2026-05-04 09:18:33.483210,0.2572922911098341,1114.2220951235404,1113.4832102478667
2026-05-04 09:18:33.984177,0.15107070464645758,1114.3731658281868,1113.9841765905924
2026-05-04 09:18:34.359146,0.16289902940417478,1114.5360648575909,1114.3591459825975
2026-05-04 09:18:34.370538,0.418319734014005,1114.9543845916048,1114.3705378751372
2026-05-04 09:18:34.510911,0.3038547548434558,1115.2582393464484,1114.5109114902466
2026-05-04 09:18:34.691062,0.11939034595075065,1115.377629692399,1114.6910622790429
2026-05-04 09:18:36.592259,1.1632122175506276,1117.755471245781,1116.5922590282305
2026-05-04 09:18:36.714569,0.06704270633804592,1117.8225139521192,1116.714569441568
2026-05-04 09:18:36.733055,0.21684722658453684,1118.0393611787038,1116.7330554260411
2026-05-04 09:18:37.121872,0.06425526602635917,1118.10361644473,1117.1218723388463
2026-05-04 09:18:37.735347,0.2033658568088936,1118.306982301539,1117.7353471132221
2026-05-04 09:18:38.800120,0.0013492719180005876,1118.8014688712597,1118.8001195993418
2026-05-04 09:18:39.289261,0.09022197888408308,1119.379483268984,1119.2892612900998
2026-05-04 09:18:39.525709,0.1609608007733557,1119.686670102733,1119.5257093019595
2026-05-04 09:18:39.574775,0.6249927850356163,1120.3116628877685,1119.574774690436
2026-05-04 09:18:40.549120,0.2495026875986505,1120.798622924588,1120.5491202369894
2026-05-04 09:18:40.578063,0.11015758187500622,1120.908780506463,1120.578062784944
2026-05-04 09:18:40.590420,0.08185218669603228,1120.9906326931591,1120.5904195167316
2026-05-04 09:18:41.038515,0.1377950919832098,1121.1763105636046,1121.0385154716214
2026-05-04 09:18:41.118520,0.18227108536288053,1121.3585816489674,1121.1185200787509
2026-05-04 09:18:41.573506,0.07132025773904052,1121.644826207999,1121.57350595026
2026-05-04 09:18:41.646393,0.0466278718999886,1121.6930204886005,1121.6463926167005
2026-05-04 09:18:41.906679,0.2418691028361214,1122.1485480525878,1121.9066789497517
2026-05-04 09:18:42.073217,0.32953360975640217,1122.4780816623443,1122.0732170644294
2026-05-04 09:18:42.161206,0.1295387618770343,1122.6076204242213,1122.161205539718
2026-05-04 09:18:42.345427,0.3129516451008723,1122.9205720693221,1122.3454266378508
2026-05-04 09:18:43.051008,0.11180546573141699,1123.1628138207939,1123.0510083550625
2026-05-04 09:18:43.089708,0.21812708191771032,1123.3809409027115,1123.0897075546077
2026-05-04 09:18:43.126251,0.5813382480298576,1123.9622791507413,1123.1262506599185
2026-05-04 09:18:43.463614,0.39329149317576273,1124.3555706439172,1123.4636136972433
2026-05-04 09:18:43.573501,0.004045672585625541,1124.3596163165028,1123.573500743272
2026-05-04 09:18:43.590399,0.05614192433753602,1124.4157582408402,1123.590398705353
2026-05-04 09:18:43.655667,0.16966242376794297,1124.5854206646081,1123.6556666219776
2026-05-04 09:18:44.218499,0.31090506478036345,1124.8963257293885,1124.2184988583106
2026-05-04 09:18:44.379282,0.4113090040800196,1125.3076347334686,1124.3792819859311
2026-05-04 09:18:44.424884,0.10751162068842522,1125.415146354157,1124.4248838032313
2026-05-04 09:18:44.709481,0.06321925896906837,1125.478365613126,1124.7094806844032
2026-05-04 09:18:44.894380,0.09837156095538942,1125.5767371740815,1124.8943797213778
2026-05-04 09:18:44.996987,0.19127556142816945,1125.7680127355097,1124.9969865609457
2026-05-04 09:18:45.021605,0.3713638983030218,1126.1393766338128,1125.0216053048377
2026-05-04 09:18:45.046377,0.20517264576204158,1126.344549279575,1125.046376734239
2026-05-04 09:18:45.171097,0.07989710636560768,1126.4244463859407,1125.1710970537388
2026-05-04 09:18:45.563443,0.402724388695145,1126.8271707746358,1125.5634425563214
2026-05-04 09:18:45.574197,0.1987680353097454,1127.0259388099455,1125.5741971884177
2026-05-04 09:18:45.700421,0.5969427987737579,1127.6228816087194,1125.7004210877524
2026-05-04 09:18:45.982568,0.19683170692052762,1127.8197133156398,1125.9825680101271
2026-05-04 09:18:46.046323,0.142479884780595,1127.9621932004204,1126.046322658371
2026-05-04 09:18:46.137957,0.15181803572113775,1128.1140112361416,1126.1379569985745
2026-05-04 09:18:46.313648,0.2185486628601564,1128.3325598990018,1126.3136476488794
2026-05-04 09:18:46.393624,0.19271636679285176,1128.5252762657947,1126.3936241772192
2026-05-04 09:18:46.673673,0.018745630297173965,1128.5440218960919,1126.6736728124527
2026-05-04 09:18:47.142024,0.21749650903162943,1128.7615184051235,1127.1420244228632
2026-05-04 09:18:47.156243,0.0933414949013396,1128.8548599000248,1127.1562425247737
2026-05-04 09:18:47.425967,0.13531314009273274,1128.9901730401175,1127.425966838676
2026-05-04 09:18:48.732869,0.021371437783220468,1129.0115444779008,1128.732868615806
2026-05-04 09:18:49.655113,0.1206731712661628,1129.7757865556416,1129.6551133843755
2026-05-04 09:18:49.944145,0.002786423054542775,1129.9469314934981,1129.9441450704437
2026-05-04 09:18:50.091402,0.05823680245180779,1130.1496391960864,1130.0914023936346
2026-05-04 09:18:51.170107,0.032512612029476876,1131.202620020585,1131.1701074085556
2026-05-04 09:18:51.818249,0.04251155887633915,1131.8607609653668,1131.8182494064904
2026-05-04 09:18:51.927068,0.13437013153983793,1132.0614381134421,1131.9270679819024
2026-05-04 09:18:52.129931,0.0748359067835569,1132.2047666598642,1132.1299307530805
2026-05-04 09:18:52.346130,0.12289318200536908,1132.469023361648,1132.3461301796426
2026-05-04 09:18:52.649409,0.08360145629539163,1132.73300995648,1132.6494085001846
2026-05-04 09:18:52.660350,0.6469157064679041,1133.379925662948,1132.6603497997996
2026-05-04 09:18:52.992299,0.10853482546644665,1133.4884604884144,1132.992298534978
2026-05-04 09:18:53.553151,0.3634410356600927,1133.9165922267844,1133.5531511911242
2026-05-04 09:18:54.239012,0.04405505394591146,1134.283066765518,1134.2390117115722
2026-05-04 09:18:54.385509,0.04361861215014842,1134.429127301438,1134.385508689288
2026-05-04 09:18:54.713800,0.13311324250746415,1134.8469135997175,1134.71380035721
2026-05-04 09:18:55.232298,0.07486197794446951,1135.3071600405895,1135.232298062645
2026-05-04 09:18:55.361392,0.05443084180618899,1135.4158225373426,1135.3613916955364
2026-05-04 09:18:55.795451,0.3224727465434592,1136.1179237086092,1135.7954509620656
2026-05-04 09:18:56.386599,0.2376583116684921,1136.624257685786,1136.3865993741176
2026-05-04 09:18:56.635741,0.053270806300892086,1136.6890114463079,1136.635740640007
2026-05-04 09:18:56.710160,0.02078958624363793,1136.7309500284368,1136.7101604421932
2026-05-04 09:18:56.873709,0.3642827167341127,1137.2379916570417,1136.8737089403076
2026-05-04 09:18:56.944234,0.02177196793562401,1137.2597636249773,1136.9442340402047
2026-05-04 09:18:57.066150,0.17409204773099207,1137.4338556727082,1137.0661498142242
2026-05-04 09:18:57.223062,0.23196279360521588,1137.6658184663133,1137.2230623986516
2026-05-04 09:18:58.131189,0.041084513136342565,1138.1722735422254,1138.131189029089
2026-05-04 09:18:58.809299,0.17457172419476433,1138.9838704683632,1138.8092987441685
2026-05-04 09:18:59.258829,0.20549045971902988,1139.4643190263275,1139.2588285666086
2026-05-04 09:18:59.370208,0.18705375777860345,1139.6513727841061,1139.3702078582921
2026-05-04 09:18:59.590668,0.017333287310899583,1139.668706071417,1139.5906680178591
2026-05-04 09:19:00.100042,0.07828920364198916,1140.1783312317602,1140.1000420281182
2026-05-04 09:19:00.293521,0.2926538275112557,1140.5861745341624,1140.2935207066512
2026-05-04 09:19:01.071955,0.03713557854085126,1141.1090904705368,1141.071954891996
2026-05-04 09:19:01.404125,0.20516813248249652,1141.6092935061547,1141.4041253736723
2026-05-04 09:19:01.708319,0.07248948195365841,1141.780808795645,1141.7083193136914
2026-05-04 09:19:01.817286,0.6660169953749729,1142.4833028118414,1141.8172858164664
2026-05-04 09:19:02.025343,0.0873288473281893,1142.5706316591695,1142.0253425992191
2026-05-04 09:19:02.914399,0.05655858313485845,1142.9709575514814,1142.9143989683466
2026-05-04 09:19:03.029262,0.18779707095308268,1143.2170591897768,1143.0292621188237
2026-05-04 09:19:03.312978,0.002187844463309142,1143.3151653725185,1143.3129775280552
2026-05-04 09:19:03.392484,0.14381249097873675,1143.5362967648089,1143.3924842738302
2026-05-04 09:19:04.104666,0.04414950590776218,1144.1488152373722,1144.1046657314644
2026-05-04 09:19:04.176235,0.10311835622317687,1144.2793528786392,1144.176234522416
2026-05-04 09:19:04.664391,0.18357127007457139,1144.8479618714052,1144.6643906013308
2026-05-04 09:19:05.388316,0.16630087675193395,1145.5546171009019,1145.38831622415
2026-05-04 09:19:05.717274,0.6606590519110194,1146.377933438462,1145.7172743865508
2026-05-04 09:19:05.919793,0.11827322934371734,1146.4962066678056,1145.9197927153825
2026-05-04 09:19:05.940206,0.008101735075458033,1146.5043084028812,1145.9402055506164
2026-05-04 09:19:06.534213,0.07170404566324033,1146.6059171301235,1146.5342130844604
2026-05-04 09:19:06.815485,0.2807223836868161,1147.096207609539,1146.8154852258522
2026-05-04 09:19:07.303601,0.007401687140538105,1147.3110023406769,1147.3036006535363
2026-05-04 09:19:07.308762,0.01904707096607265,1147.330049411643,1147.3087618316665
2026-05-04 09:19:07.435826,0.27998135860266904,1147.7158074231304,1147.4358260645276
2026-05-04 09:19:08.271822,0.34764935339748887,1148.6194718387435,1148.271822485346
2026-05-04 09:19:08.286366,0.2655797849491764,1148.8850516236926,1148.2863664456288
2026-05-04 09:19:08.531626,0.1629729358800853,1149.0480245595727,1148.531626108176
2026-05-04 09:19:08.894932,0.020017950576744353,1149.0680425101496,1148.894931840209
2026-05-04 09:19:09.537241,0.04368663435619639,1149.5809277445976,1149.5372411102414
2026-05-04 09:19:09.924910,0.11889993318038133,1150.043810144184,1149.9249102110036
2026-05-04 09:19:09.997077,0.17952927129086954,1150.2233394154748,1149.9970771420824
2026-05-04 09:19:10.503677,0.027586755344392446,1150.5312633354474,1150.503676580103
2026-05-04 09:19:10.566786,0.1027019395149821,1150.6694882672064,1150.5667863276915
2026-05-04 09:19:11.311602,0.07654405097795997,1151.3881464144652,1151.3116023634873
2026-05-04 09:19:11.568926,0.10207305554020013,1151.6709993139455,1151.5689262584053
2026-05-04 09:19:12.637744,0.3926734610913788,1153.0304173011107,1152.6377438400193
2026-05-04 09:19:12.878213,0.052724687628139505,1153.0831419887388,1152.878212736737
2026-05-04 09:19:13.150254,0.0465909968936502,1153.1968450053655,1153.1502540084718
2026-05-04 09:19:13.255358,0.08302947864126049,1153.3383875632337,1153.2553580845924
2026-05-04 09:19:13.845532,0.5874269114710884,1154.4329589512558,1153.8455320397848
2026-05-04 09:19:13.871816,0.27861577882887695,1154.7115747300847,1153.871815817934
2026-05-04 09:19:14.000271,0.18718756689614946,1154.898762296981,1154.0002708958032
2026-05-04 09:19:14.986034,0.14681103237558427,1155.1328451698298,1154.9860341374542
2026-05-04 09:19:15.088039,0.0704516838359892,1155.2032968536657,1155.0880393279103
2026-05-04 09:19:16.404848,0.0828492431460339,1156.4876977048232,1156.4048484616771
2026-05-04 09:19:16.478711,1.0946651490748731,1157.582362853898,1156.4787107765956
2026-05-04 09:19:16.580353,0.7153144422424824,1158.2976772961406,1156.5803529464404
2026-05-04 09:19:16.821283,0.011852740580423037,1158.309530036721,1156.821283080214
2026-05-04 09:19:17.650836,0.07185475115289217,1158.381384787874,1157.6508362830284
2026-05-04 09:19:18.046462,0.11832985504741773,1158.4997146429214,1158.04646178514
2026-05-04 09:19:18.216954,0.036194380326756294,1158.5359090232482,1158.216953797456
2026-05-04 09:19:18.550691,0.028378473400059043,1158.5790692770217,1158.5506908036216
2026-05-04 09:19:18.727290,0.7314048730304455,1159.4586948151602,1158.7272899421298
2026-05-04 09:19:18.878836,0.28197698923918796,1159.7406718043994,1158.8788359519272
2026-05-04 09:19:18.921945,0.06482244966620972,1159.8054942540657,1158.9219448085205
2026-05-04 09:19:19.259555,0.045412736214298706,1159.85090699028,1159.2595546716898
2026-05-04 09:19:19.599525,0.16307749268148253,1160.0139844829614,1159.5995251621368
2026-05-04 09:19:19.631823,0.033179195770169444,1160.0471636787315,1159.6318234750565
2026-05-04 09:19:20.167540,0.13005509668689583,1160.2975946724441,1160.1675395757572
2026-05-04 09:19:20.265917,0.19056869885674324,1160.488163371301,1160.2659174470343
2026-05-04 09:19:20.311565,0.026759403998183558,1160.514922775299,1160.3115652092258
2026-05-04 09:19:20.959794,0.2616927730247429,1161.2214868752642,1160.9597941022394
2026-05-04 09:19:20.988559,0.2884542973845358,1161.5099411726487,1160.988559381382
2026-05-04 09:19:21.276470,0.05114221388969447,1161.5610833865385,1161.276469650959
2026-05-04 09:19:21.880353,0.09055572120936073,1161.9709085689326,1161.8803528477233
2026-05-04 09:19:22.142969,0.03383003341884793,1162.1767985447268,1162.142968511308
2026-05-04 09:19:22.939715,0.10940527588957281,1163.049120132285,1162.9397148563953
2026-05-04 09:19:23.235543,0.1683402470455137,1163.4038834312428,1163.2355431841972
2026-05-04 09:19:23.650202,0.09771573159647855,1163.747918029286,1163.6502022976895
2026-05-04 09:19:23.688445,0.08960410377474962,1163.8375221330607,1163.6884448316391
2026-05-04 09:19:23.970809,0.40219731976273726,1164.3730063089724,1163.9708089892097
2026-05-04 09:19:24.333492,0.1333519584493391,1164.5063582674218,1164.3334919814342
2026-05-04 09:19:24.437631,0.032782186570379866,1164.539140453992,1164.4376305710964
2026-05-04 09:19:24.602769,0.42219034716475506,1165.0249592866307,1164.602768939466
2026-05-04 09:19:24.650586,0.0610611621669962,1165.0860204487979,1164.6505857491152
2026-05-04 09:19:24.686452,0.33085407452729027,1165.416874523325,1164.686451559375
2026-05-04 09:19:25.524811,0.053036985941043086,1165.5778479991739,1165.524811013233
2026-05-04 09:19:25.867886,0.5841352957536555,1166.4520217665656,1165.867886470812
2026-05-04 09:19:25.915995,0.041607767420137505,1166.4936295339858,1165.9159948957324
2026-05-04 09:19:26.413437,0.03394095156365328,1166.5275704855494,1166.4134373284824
2026-05-04 09:19:26.771235,0.49804664526132403,1167.2692819463946,1166.7712353011332
2026-05-04 09:19:26.827689,0.06200630774759006,1167.3312882541422,1166.8276893018951
2026-05-04 09:19:27.271995,0.48796638476259857,1167.8192546389048,1167.2719948330912
2026-05-04 09:19:27.986382,0.12023722398840364,1168.1066187776628,1167.9863815536744
2026-05-04 09:19:28.164768,0.10749824272219277,1168.2722665366587,1168.1647682939365
2026-05-04 09:19:28.973299,0.015078059378432122,1168.9883772346911,1168.9732991753126
2026-05-04 09:19:29.057902,0.053971208320730615,1169.1118732255557,1169.057902017235
2026-05-04 09:19:29.161042,0.0919093540463819,1169.252951817825,1169.1610424637786
2026-05-04 09:19:29.263886,0.26851736476181653,1169.5324029407934,1169.2638855760315
2026-05-04 09:19:29.432570,0.08273467974046216,1169.615137620534,1169.4325699909016
2026-05-04 09:19:29.560406,0.5698706036478248,1170.1850082241817,1169.5604062019506
2026-05-04 09:19:29.927315,0.13503692029120032,1170.320045144473,1169.9273151612329
2026-05-04 09:19:29.970022,0.14314613485493424,1170.463191279328,1169.9700219863432
2026-05-04 09:19:30.163290,0.21399680896529738,1170.6771880882932,1170.1632895064765
2026-05-04 09:19:30.309723,0.31118884731203394,1170.9883769356052,1170.309723291425
2026-05-04 09:19:31.443265,0.010021761378044171,1171.453287003151,1171.443265241773
2026-05-04 09:19:32.107191,0.05177533103138841,1172.1589660044629,1172.1071906734314
2026-05-04 09:19:32.150080,0.004521392439559155,1172.1634873969024,1172.1500796300595
2026-05-04 09:19:32.727689,0.8119721040094208,1173.5396609990307,1172.7276888950214
2026-05-04 09:19:32.747020,0.02307381913639456,1173.5627348181672,1172.747020443494
2026-05-04 09:19:33.302271,0.02503440105686232,1173.5877692192241,1173.3022710257794
2026-05-04 09:19:33.362130,0.0649369129668411,1173.652706132191,1173.3621303653879
2026-05-04 09:19:34.570751,0.24929420803293165,1174.820045399531,1174.570751191498
2026-05-04 09:19:34.594015,0.2702642686047087,1175.0903096681357,1174.5940149963023
2026-05-04 09:19:34.851675,0.06527725187126814,1175.155586920007,1174.8516754902216
2026-05-04 09:19:36.086767,0.2778803266747599,1176.3646477905747,1176.0867674639
2026-05-04 09:19:36.585890,0.43829272409214365,1177.0241825067583,1176.585889782666
2026-05-04 09:19:37.434868,0.037226250873004844,1177.4720941751875,1177.4348679243144
2026-05-04 09:19:38.026278,0.017456389814277395,1178.0437347760133,1178.026278386199
2026-05-04 09:19:38.962583,0.03276658052865169,1178.9953494766735,1178.9625828961448
2026-05-04 09:19:39.141373,0.1311851176178652,1179.2725576527505,1179.1413725351326
2026-05-04 09:19:39.171810,0.3148377440820682,1179.5873953968326,1179.1718099797165
2026-05-04 09:19:39.449954,0.14427464551244235,1179.731670042345,1179.4499537564682
2026-05-04 09:19:39.759240,0.023062295935676626,1179.7823024407487,1179.759240144813
2026-05-04 09:19:40.034177,0.07311309991495316,1180.1072902062806,1180.0341771063656
2026-05-04 09:19:40.096854,0.187873503288474,1180.2951637095691,1180.0968538702214
2026-05-04 09:19:41.348045,0.15469084074884565,1181.5027359620983,1181.3480451213495
2026-05-04 09:19:41.582515,0.09731518259971174,1181.6798298532467,1181.582514670647
2026-05-04 09:19:41.585647,0.13378169515000554,1181.8136115483967,1181.5856468998802
2026-05-04 09:19:41.603876,0.13226718243653104,1181.9458787308333,1181.603875530916
2026-05-04 09:19:41.866535,0.018741915161852186,1181.9646206459952,1181.8665348987183
2026-05-04 09:19:41.972338,0.5293657986006963,1182.5017039288211,1181.9723381302204
2026-05-04 09:19:42.200577,0.0664432854185049,1182.5681472142396,1182.2005774691024
2026-05-04 09:19:42.226594,0.03239940276046715,1182.6005466170002,1182.2265941440585
2026-05-04 09:19:42.310970,0.0032641112100937454,1182.6038107282102,1182.3109695447113
2026-05-04 09:19:42.405365,0.006079439002514164,1182.6098901672126,1182.4053645225638
2026-05-04 09:19:42.494262,0.40890866777435897,1183.018798834987,1182.4942620961053
2026-05-04 09:19:42.713103,0.1607287424203978,1183.1795275774073,1182.713102614438
2026-05-04 09:19:43.302302,0.04616695770272736,1183.3484692870063,1183.3023023293035
2026-05-04 09:19:43.469826,0.021573309421846803,1183.4913995766324,1183.4698262672105
2026-05-04 09:19:43.479944,0.14296226423114394,1183.6343618408634,1183.479944176627
2026-05-04 09:19:43.821098,0.2690181920117198,1184.0901165073985,1183.8210983153867
2026-05-04 09:19:45.162671,0.0019890262623434825,1185.164660312266,1185.1626712860036
2026-05-04 09:19:45.283627,0.008551525830761226,1185.292178968372,1185.283627442541
2026-05-04 09:19:46.257062,0.2887932060823108,1186.5458548808904,1186.257061674808
2026-05-04 09:19:46.366232,0.016481539215610963,1186.562336420106,1186.3662317262786
2026-05-04 09:19:47.145104,0.3583749178152103,1187.5034790006298,1187.1451040828147
2026-05-04 09:19:47.238747,0.3356458919703402,1187.8391248926002,1187.2387472993846
2026-05-04 09:19:47.516664,0.2607077173600551,1188.0998326099602,1187.516663867301
2026-05-04 09:19:47.701204,0.046224843095602305,1188.1460574530558,1187.7012035923608
2026-05-04 09:19:47.950145,0.11379559969516084,1188.259853052751,1187.9501446891006
2026-05-04 09:19:48.483220,0.3310317454444957,1188.8142512823704,1188.4832195369258
2026-05-04 09:19:48.959670,0.0496727193040731,1189.0093426150538,1188.9596698957498
2026-05-04 09:19:49.424131,0.10779164835302901,1189.5319230484433,1189.4241314000903
2026-05-04 09:19:49.711208,0.053287445717038376,1189.764495922329,1189.711208476612
2026-05-04 09:19:49.892855,0.46455111715581276,1190.3574057921744,1189.8928546750185
2026-05-04 09:19:50.021198,0.18033631459132093,1190.5377421067658,1190.0211977094202
2026-05-04 09:19:50.319139,0.11655703106721212,1190.654299137833,1190.319139409791
2026-05-04 09:19:50.499705,0.08659496390702442,1190.74089410174,1190.4997047360248
2026-05-04 09:19:50.716204,0.576013182896023,1191.316907284636,1190.7162040938424
2026-05-04 09:19:51.795691,0.44603932931306733,1192.2417304341786,1191.7956911048655
2026-05-04 09:19:51.841825,0.5613384850663196,1192.8030689192449,1191.8418247340512
2026-05-04 09:19:52.034492,0.06011592335209466,1192.8631848425969,1192.034491687087
2026-05-04 09:19:52.035263,1.1470804106981383,1194.010265253295,1192.03526256816
2026-05-04 09:19:52.066805,0.06172143253441209,1194.0719866858294,1192.0668050426705
2026-05-04 09:19:52.089111,0.003842089651744228,1194.075828775481,1192.0891105034327
2026-05-04 09:19:52.089737,0.074942975646822,1194.1507717511279,1192.089737375217
2026-05-04 09:19:52.313130,0.32545395834479973,1194.4762257094726,1192.3131296134275
2026-05-04 09:19:52.330168,0.0011744222250760637,1194.4774001316978,1192.3301676261642
2026-05-04 09:19:52.723150,0.2090260558545897,1194.6864261875523,1192.723149595312
2026-05-04 09:19:52.918315,0.015488982122266829,1194.7019151696745,1192.9183149425303
2026-05-04 09:19:53.781273,0.11554989876848994,1194.817465068443,1193.7812729383381
2026-05-04 09:19:54.238590,0.08167845757243086,1194.8991435260155,1194.2385895996217
2026-05-04 09:19:54.807790,0.2015922201744302,1195.10073574619,1194.8077897511578
2026-05-04 09:19:55.198096,0.05000082988594441,1195.2480969293126,1195.1980960994267
2026-05-04 09:19:56.253727,0.045060638573995254,1196.298787805635,1196.253727167061
2026-05-04 09:19:56.987567,0.11918489628601484,1197.1067516038383,1196.9875667075523
2026-05-04 09:19:57.324522,0.4337689417828117,1197.7582909739594,1197.3245220321767
2026-05-04 09:19:57.635612,0.2330024617763006,1197.9912934357358,1197.6356120502128
2026-05-04 09:19:57.974984,0.07332227587904681,1198.0646157116148,1197.9749842710182
2026-05-04 09:19:58.030967,0.03796354216811577,1198.102579253783,1198.0309666000462
2026-05-04 09:19:58.350415,0.11054178076546704,1198.4609563350257,1198.3504145542602
2026-05-04 09:19:58.385908,0.3016602231129637,1198.7626165581387,1198.3859077592963
2026-05-04 09:19:58.421813,0.17767547619758103,1198.9402920343364,1198.4218134007383
2026-05-04 09:19:58.528080,0.31901295608998603,1199.2593049904265,1198.5280798576878
2026-05-04 09:19:58.978979,0.29148114262006114,1199.5507861330466,1198.978978776261
2026-05-04 09:19:59.078558,0.4487690252705724,1199.9995551583172,1199.0785575876923
2026-05-04 09:19:59.918348,0.08653274329869048,1200.0860879016159,1199.918348025581
2026-05-04 09:20:00.930953,0.1334755582472643,1201.064428305298,1200.9309527470507
2026-05-04 09:20:01.052555,0.11442805900902374,1201.178856364307,1201.0525547332252
2026-05-04 09:20:01.207449,0.29406088998202645,1201.50150948732,1201.2074485973378
2026-05-04 09:20:02.167805,0.12761429788775544,1202.2954195864233,1202.1678052885356
2026-05-04 09:20:02.590653,0.032761708412894504,1202.6234144839157,1202.5906527755028
2026-05-04 09:20:02.675515,0.17019963587603532,1202.8457144464596,1202.6755148105835
2026-05-04 09:20:02.749793,0.060154789005927134,1202.9058692354656,1202.749792953302
2026-05-04 09:20:03.054743,0.05139887812219365,1203.1061423317856,1203.0547434536634
2026-05-04 09:20:03.718727,7.221575884678146e-05,1203.7187992784754,1203.7187270627167
2026-05-04 09:20:03.963278,0.06264605654346166,1204.025924027914,1203.9632779713706
2026-05-04 09:20:04.343459,0.20119556847321662,1204.5446548978807,1204.3434593294076
2026-05-04 09:20:04.579569,0.06064635010858538,1204.6402155703952,1204.5795692202867
2026-05-04 09:20:04.843208,0.35677639584740356,1205.1999846773817,1204.8432082815343
2026-05-04 09:20:05.343555,0.1534312859828645,1205.4969865396754,1205.3435552536926
2026-05-04 09:20:05.762570,0.760816511276887,1206.5233865133766,1205.7625700020997
2026-05-04 09:20:05.881160,0.1521254433691286,1206.6755119567458,1205.8811595730685
2026-05-04 09:20:06.060068,0.06885820845268813,1206.7443701651985,1206.06006771501
2026-05-04 09:20:06.417456,0.12798312247878355,1206.8723532876772,1206.4174558063028
2026-05-04 09:20:07.322857,0.09549254007597208,1207.4183495279262,1207.3228569878502
2026-05-04 09:20:07.685635,0.3442650516119403,1208.029899740256,1207.685634688644
2026-05-04 09:20:08.376454,0.2212026121435963,1208.5976564248183,1208.3764538126748
2026-05-04 09:20:08.557354,0.022500111408567183,1208.620156536227,1208.557354182352
2026-05-04 09:20:09.637567,0.06552691317611822,1209.703093978467,1209.6375670652908
2026-05-04 09:20:09.668017,0.07587264920952863,1209.7789666276765,1209.6680174875569
2026-05-04 09:20:10.158942,0.10443629485498343,1210.2633784116263,1210.1589421167712
2026-05-04 09:20:10.395396,0.17710897903465594,1210.5725045285672,1210.3953955495324
2026-05-04 09:20:10.672999,0.5625014718020801,1211.2355005887603,1210.6729991169582
2026-05-04 09:20:11.815797,0.07828128901210639,1211.894078372549,1211.815797083537
2026-05-04 09:20:12.240924,0.6935763620453503,1212.9345000352414,1212.240923673196
2026-05-04 09:20:12.793705,0.10397745841985073,1213.0384774936613,1212.7937048015704
2026-05-04 09:20:12.847178,0.44853469506357185,1213.4870121887247,1212.8471775275605
2026-05-04 09:20:12.960705,0.01682234283128971,1213.503834531556,1212.9607052643069
2026-05-04 09:20:13.363673,0.41618707260984933,1213.9200216041659,1213.3636733851824
2026-05-04 09:20:14.503501,0.07678065471529204,1214.5802813738694,1214.503500719154
2026-05-04 09:20:14.596880,0.22513591564888175,1214.8220163670314,1214.5968804513825
2026-05-04 09:20:14.796935,0.1455062329767005,1214.9675226000081,1214.7969351931338
2026-05-04 09:20:15.038109,0.03908856957539931,1215.0771976638723,1215.038109094297
2026-05-04 09:20:15.840970,0.7578721898182029,1216.5988417041117,1215.8409695142934
2026-05-04 09:20:15.953909,0.05646346512476086,1216.6553051692365,1215.9539085200518
2026-05-04 09:20:17.141769,0.020715078660564712,1217.162484204681,1217.1417691260206
2026-05-04 09:20:17.274633,0.10501481160971567,1217.379647831839,1217.2746330202294
2026-05-04 09:20:18.000710,0.4030412553526539,1218.4037507634416,1218.000709508089
2026-05-04 09:20:18.578941,0.23851593634984228,1218.8174570179258,1218.578941081576
2026-05-04 09:20:18.929205,0.22878399073076464,1219.1579886402446,1218.9292046495138
2026-05-04 09:20:19.201627,0.11878687336974368,1219.3204138214269,1219.201626948057
2026-05-04 09:20:19.274612,0.14647543187041012,1219.4668892532973,1219.2746116990338
2026-05-04 09:20:19.526016,0.047294542261707734,1219.5733103912153,1219.5260158489536
2026-05-04 09:20:19.648695,0.1317706171583756,1219.7804651401254,1219.6486945229672
2026-05-04 09:20:19.730785,0.02945857637728379,1219.8099237165027,1219.730784997546
2026-05-04 09:20:20.698044,0.022924563223787317,1220.720968809592,1220.6980442463682
2026-05-04 09:20:21.202587,0.21330640166133275,1221.4158933936044,1221.202586991943
2026-05-04 09:20:21.979538,0.09433809389589429,1222.0738759242372,1221.9795378303413
2026-05-04 09:20:22.148761,0.32440235716752375,1222.4731630235362,1222.1487606663686
2026-05-04 09:20:22.346641,0.2913551987806295,1222.7645182223168,1222.3466407028066
2026-05-04 09:20:22.443932,0.2906801633620252,1223.0551983856788,1222.4439317564593
2026-05-04 09:20:22.599508,0.21146010562868814,1223.2666584913075,1222.5995082658521
2026-05-04 09:20:22.627421,0.29129324452000693,1223.5579517358274,1222.6274206412265
2026-05-04 09:20:22.836439,0.09563406616924355,1223.6535858019965,1222.83643911337
2026-05-04 09:20:23.312117,0.04224651284605651,1223.6958323148426,1223.312117251826
2026-05-04 09:20:24.370128,0.14362668788421337,1224.5137551029036,1224.3701284150193
2026-05-04 09:20:24.883433,0.13403725848171308,1225.0174707132264,1224.8834334547448
2026-05-04 09:20:25.017768,0.550542399734061,1225.5683102403484,1225.0177678406144
2026-05-04 09:20:25.045282,0.07759574416735987,1225.6459059845158,1225.0452817486184
2026-05-04 09:20:25.075752,0.5967464337142904,1226.2426524182301,1225.0757515565515
2026-05-04 09:20:25.267800,0.04410152581110367,1226.2867539440413,1225.267799900069
2026-05-04 09:20:26.050289,0.18359086582479942,1226.470344809866,1226.0502894944937
2026-05-04 09:20:26.524340,0.08901763797611122,1226.6133571418034,1226.5243395038272
2026-05-04 09:20:26.670742,0.0865383064726056,1226.7572799799348,1226.670741673462
2026-05-04 09:20:27.176850,0.026231845099508863,1227.2030820802074,1227.1768502351078
2026-05-04 09:20:27.403560,0.9260691373613403,1228.329628918337,1227.4035597809757
2026-05-04 09:20:29.638532,0.1250685886132645,1229.7636003080822,1229.638531719469
2026-05-04 09:20:30.070196,0.10709331600210699,1230.1772893891905,1230.0701960731883
2026-05-04 09:20:31.494434,0.17020768812962117,1231.6646420010811,1231.4944343129514
2026-05-04 09:20:31.603207,0.27712819702115116,1231.9417701981022,1231.603207246644
2026-05-04 09:20:32.100811,0.2849115099780281,1232.3857220681707,1232.1008105581927
2026-05-04 09:20:32.185050,0.1639594766536566,1232.5496815448244,1232.1850503352878
2026-05-04 09:20:32.303934,0.6175843547139324,1233.1672658995383,1232.3039342304676
2026-05-04 09:20:32.320008,0.2724739992313891,1233.4397398987696,1232.3200080564059
2026-05-04 09:20:33.313202,0.06078994812546035,1233.500529846895,1233.3132023312035
2026-05-04 09:20:33.777401,0.2331941938258154,1234.0105954803964,1233.7774012865707
2026-05-04 09:20:34.071348,0.46781404962283113,1234.539161730276,1234.0713476806532
2026-05-04 09:20:34.091834,0.42735488227134993,1234.9665166125474,1234.0918338761303
2026-05-04 09:20:34.301378,0.05943131002383013,1235.0259479225713,1234.3013778007494
2026-05-04 09:20:34.593252,0.10304982388258295,1235.128997746454,1234.5932521675363
2026-05-04 09:20:34.672633,1.013092621310748,1236.1420903677647,1234.6726328816876
2026-05-04 09:20:34.888285,0.35453098918037024,1236.496621356945,1234.8882845818373
2026-05-04 09:20:35.258830,0.49225156817817173,1236.9888729251231,1235.2588298414198
2026-05-04 09:20:35.502112,0.01736178670016523,1237.0062347118233,1235.5021119132048
2026-05-04 09:20:35.616129,0.08482221339693902,1237.0910569252203,1235.616129132014
2026-05-04 09:20:35.757290,0.15240150251954443,1237.2434584277398,1235.7572904460944
2026-05-04 09:20:35.913894,0.06030602767466003,1237.3037644554145,1235.9138942231468
2026-05-04 09:20:35.986181,0.13600133658935723,1237.4397657920038,1235.98618104707
2026-05-04 09:20:36.204674,0.005363582973480764,1237.4451293749773,1236.2046741982906
2026-05-04 09:20:36.230017,0.3309662851628679,1237.7760956601403,1236.230017073635
2026-05-04 09:20:36.581913,0.032750245697563664,1237.8088459058379,1236.5819126520673
2026-05-04 09:20:36.966043,0.242872273723051,1238.051718179561,1236.96604294442
2026-05-04 09:20:37.034248,0.06160655626469587,1238.1133247358257,1237.0342477400457
2026-05-04 09:20:37.531844,0.1766464496356579,1238.2899711854614,1237.531843710778
2026-05-04 09:20:37.714614,0.017582200354471566,1238.307553385816,1237.7146141108094
2026-05-04 09:20:38.157891,0.05868655564392107,1238.3662399414598,1238.1578910644234
2026-05-04 09:20:38.603866,0.32677071190273266,1238.9306372033093,1238.6038664914065
2026-05-04 09:20:38.661139,0.01858627103217733,1238.9492234743416,1238.6611390919713
2026-05-04 09:20:38.749126,0.7510218162957951,1239.7002452906374,1238.749125712882
2026-05-04 09:20:38.789017,0.005001159832975304,1239.7052464504704,1238.7890167445225
2026-05-04 09:20:39.100435,0.22822105774930812,1239.9334675082198,1239.1004353620253
2026-05-04 09:20:39.888434,0.02340813390277847,1239.9568756421227,1239.8884344010912
2026-05-04 09:20:40.016890,0.24284259837231315,1240.259732398328,1240.0168897999556
2026-05-04 09:20:40.790240,0.0769702240248783,1240.8672101083393,1240.7902398843144
2026-05-04 09:20:40.888799,0.5671311942765617,1241.4559298758938,1240.8887986816173
2026-05-04 09:20:41.726363,0.17342038229280457,1241.8997835451173,1241.7263631628246
2026-05-04 09:20:41.927006,0.3092303288873379,1242.236236774927,1241.9270064460397
2026-05-04 09:20:43.500599,0.3206759996127786,1243.821275056148,1243.500599056535
2026-05-04 09:20:43.517038,0.301340302781823,1244.1226153589298,1243.5170380031454
2026-05-04 09:20:43.579523,0.2167249075463801,1244.3393402664763,1243.5795229133773
2026-05-04 09:20:43.982225,0.09513226214374493,1244.43447252862,1243.9822246859844
2026-05-04 09:20:44.266640,0.47562696982213826,1244.9100994984422,1244.2666402087243
2026-05-04 09:20:44.277733,0.13757691426719515,1245.0476764127093,1244.277732979139
2026-05-04 09:20:44.508336,0.16167212119147845,1245.2093485339008,1244.508336263209
2026-05-04 09:20:44.831069,0.04334279474446304,1245.2526913286451,1244.831069155518
2026-05-04 09:20:44.859893,0.6006848387804953,1245.8533761674257,1244.85989324963
2026-05-04 09:20:44.979844,0.06926805125387511,1245.9226442186796,1244.9798437389572
2026-05-04 09:20:45.177785,0.0884181467231567,1246.0110623654027,1245.1777848897273
2026-05-04 09:20:45.830981,0.23449974735856857,1246.2455621127613,1245.8309808542087
2026-05-04 09:20:46.274526,0.08245551626281923,1246.356981608376,1246.274526092113
2026-05-04 09:20:46.513518,0.07572598478909714,1246.5892441654253,1246.513518180636
2026-05-04 09:20:46.821575,0.029959279247266296,1246.8515345274611,1246.8215752482138
2026-05-04 09:20:47.526272,0.04226611086449293,1247.5685380720874,1247.5262719612228
2026-05-04 09:20:47.616841,0.6657267243685727,1248.2825680788264,1247.6168413544578
2026-05-04 09:20:48.026737,0.5736970917577433,1248.8562651705843,1248.0267370530228
2026-05-04 09:20:48.056488,0.2812626704414976,1249.1375278410258,1248.0564882707122
2026-05-04 09:20:48.166534,0.48920620485310695,1249.626734045879,1248.1665344694136
2026-05-04 09:20:48.170556,0.04875764925444003,1249.6754916951334,1248.1705561309236
2026-05-04 09:20:48.278542,0.7347699043237826,1250.410261599457,1248.278541746614
2026-05-04 09:20:48.376879,0.008491545803515342,1250.4187531452606,1248.3768790573695
2026-05-04 09:20:48.454917,0.36427398710216297,1250.7830271323628,1248.4549171521924
2026-05-04 09:20:48.476763,0.07085017259279418,1250.8538773049556,1248.476762956412
2026-05-04 09:20:48.569791,0.15081543799409242,1251.0046927429498,1248.569791382907
2026-05-04 09:20:48.594687,0.22005859773731193,1251.2247513406871,1248.594687398625
2026-05-04 09:20:49.251989,0.13125326374080135,1251.3560046044279,1249.251989318594
2026-05-04 09:20:49.317812,0.1847828229966886,1251.5407874274247,1249.3178118582953
2026-05-04 09:20:49.664657,0.12620499112401493,1251.6669924185487,1249.6646568170183
2026-05-04 09:20:50.253871,0.010140243896608087,1251.6771326624453,1250.2538712544017
2026-05-04 09:20:50.257799,0.2045816176677276,1251.881714280113,1250.257799047747
2026-05-04 09:20:50.676444,0.05120370116579107,1251.932917981279,1250.6764439933463
2026-05-04 09:20:51.025411,0.0160091532314446,1251.9489271345103,1251.0254110418618
2026-05-04 09:20:52.153041,0.0648764871662011,1252.2179176889995,1252.1530412018333
2026-05-04 09:20:53.173394,0.12031132307510711,1253.2937055724503,1253.1733942493752
2026-05-04 09:20:53.304356,0.003442169530067671,1253.3077984426627,1253.3043562731327
2026-05-04 09:20:53.530902,0.2521079025844326,1253.7830095350832,1253.5309016324989
2026-05-04 09:20:53.928947,0.3534986530502544,1254.2824454407055,1253.9289467876551
2026-05-04 09:20:54.036066,0.038848707448344094,1254.3212941481538,1254.0360655721297
2026-05-04 09:20:54.302041,0.1391327686226653,1254.4604269167764,1254.3020406746514
2026-05-04 09:20:54.514614,0.41589469823529246,1254.930508302055,1254.5146136038197
2026-05-04 09:20:56.188974,0.15793240768698458,1256.3469068223922,1256.1889744147052
2026-05-04 09:20:56.281912,0.2969199164197123,1256.6438267388119,1256.2819120546997
2026-05-04 09:20:56.315698,0.013475027143058683,1256.657301765955,1256.3156980153135
2026-05-04 09:20:56.447325,0.4114428910636515,1257.0687446570187,1256.4473253380406
2026-05-04 09:20:56.744190,0.05888527221100457,1257.1276299292297,1256.7441895212298
2026-05-04 09:20:56.838759,0.2106213366162465,1257.3382512658459,1256.8387590595855
2026-05-04 09:20:57.077622,0.14941612008791208,1257.4876673859337,1257.0776222978532
2026-05-04 09:20:57.504481,0.13959130981705406,1257.6440723536568,1257.5044810438399
2026-05-04 09:20:58.351363,0.056021556162542833,1258.4073842282737,1258.3513626721112
2026-05-04 09:20:59.244447,0.058094172267809545,1259.302541044373,1259.244446872105
2026-05-04 09:20:59.302971,0.1286031988097051,1259.4315739861493,1259.3029707873395
2026-05-04 09:20:59.667752,0.1057863121987716,1259.7735386100228,1259.667752297824
2026-05-04 09:20:59.674761,0.022562531070697934,1259.7961011410935,1259.6747606997124
2026-05-04 09:21:00.137199,0.017686747970635526,1260.154885829661,1260.1371990816904
2026-05-04 09:21:00.310836,0.013104159457343577,1260.3239399694999,1260.3108358100426
2026-05-04 09:21:00.559129,0.3256053391135998,1260.884734076614,1260.5591287375005
2026-05-04 09:21:00.921734,0.14111204429528854,1261.0628463388157,1260.9217342945203
2026-05-04 09:21:00.929794,0.5048982203576841,1261.5677445591734,1260.9297936059972
2026-05-04 09:21:01.915050,0.04024984128621195,1261.9552996525863,1261.9150498113002
2026-05-04 09:21:02.281827,0.12294377348715912,1262.404770391604,1262.2818266181168
2026-05-04 09:21:02.330444,0.03229256202334399,1262.4370629536272,1262.3304439299216
2026-05-04 09:21:03.089599,0.14595352087344612,1263.2355523441486,1263.089598823275
2026-05-04 09:21:03.279964,0.1478830537873863,1263.4278472842602,1263.2799642304728
2026-05-04 09:21:03.421800,0.4677632676095754,1263.8956105518698,1263.421799928129
2026-05-04 09:21:04.149564,0.5315351586098864,1264.6810994349776,1264.1495642763678
2026-05-04 09:21:04.204946,0.1463872744669558,1264.8274867094444,1264.2049462932491
2026-05-04 09:21:04.968703,0.3879754792044823,1265.3566783147116,1264.9687028355072
2026-05-04 09:21:05.397355,0.4584225517689672,1265.8557778494508,1265.3973552976818
2026-05-04 09:21:05.420285,0.6479030158986013,1266.5036808653495,1265.4202852132614
2026-05-04 09:21:05.741471,0.3731599439830769,1266.8768408093326,1265.7414710928779
2026-05-04 09:21:05.908367,0.27582634725065475,1267.1526671565832,1265.9083671340265
2026-05-04 09:21:06.720612,0.3646500920476291,1267.517317248631,1266.720611670394
2026-05-04 09:21:07.192597,0.20871178601055657,1267.7260290346414,1267.1925970323437
2026-05-04 09:21:07.451145,0.02717537222026622,1267.7532044068616,1267.4511452233937
2026-05-04 09:21:07.505461,0.18431303733942817,1267.9375174442011,1267.5054613514437
2026-05-04 09:21:07.739276,0.7125976921016901,1268.650115136303,1267.7392759775125
2026-05-04 09:21:07.867179,1.0321988766924333,1269.6823140129954,1267.8671790115877
2026-05-04 09:21:07.964041,0.11397224947557692,1269.796286262471,1267.9640407194286
2026-05-04 09:21:09.535144,0.20532901365908232,1270.0016152761302,1269.5351436686788
2026-05-04 09:21:09.894025,0.5591640677950084,1270.5607793439253,1269.894024666292
2026-05-04 09:21:10.005909,0.05872702359205052,1270.6195063675175,1270.0059090867346
2026-05-04 09:21:10.283685,0.18374811826776627,1270.8032544857851,1270.2836852504208
2026-05-04 09:21:10.728705,0.100506798047847,1270.903761283833,1270.728705436926
2026-05-04 09:21:10.816443,0.25861517336455975,1271.1623764571978,1270.816442508243
2026-05-04 09:21:10.942200,0.23681381565527718,1271.399190272853,1270.9421995224318
2026-05-04 09:21:11.008793,0.0592402833012958,1271.4584305561543,1271.0087932530166
2026-05-04 09:21:11.719799,0.035637830900580474,1271.7554364470245,1271.7197986161239
2026-05-04 09:21:11.764849,0.10588165583823082,1271.8707303038857,1271.7648486480475
2026-05-04 09:21:12.448161,0.4264578516479673,1272.8746192605201,1272.4481614088722
2026-05-04 09:21:12.594186,0.4099353772844622,1273.2845546378046,1272.5941864874956
2026-05-04 09:21:12.951701,0.5683363563964366,1273.852890994201,1272.951700898978
2026-05-04 09:21:13.063434,0.3460199733553217,1274.1989109675565,1273.063433859749
2026-05-04 09:21:13.461559,0.37727718655099585,1274.5761881541075,1273.4615590550836
2026-05-04 09:21:13.496462,0.1391046957002708,1274.7152928498078,1273.496462032822
2026-05-04 09:21:13.723161,0.13788598975544597,1274.8531788395633,1273.7231611726434
2026-05-04 09:21:13.847532,0.04076340252592567,1274.8939422420892,1273.8475324544545
2026-05-04 09:21:14.160322,0.0861605801248603,1274.9801028222141,1274.160322356347
2026-05-04 09:21:15.283089,0.023897344111515978,1275.306986732278,1275.2830893881664
2026-05-04 09:21:15.833716,0.36548003713102645,1276.19919565657,1275.833715619439
2026-05-04 09:21:15.892929,0.1598930687127221,1276.3590887252828,1275.8929285646918
2026-05-04 09:21:16.064627,0.1698926903973832,1276.5289814156802,1276.0646273417922
2026-05-04 09:21:16.106334,0.08121135740987769,1276.6101927730901,1276.1063336687341
2026-05-04 09:21:16.223797,0.3672315740211695,1276.9774243471113,1276.223796542089
2026-05-04 09:21:16.233548,0.020496265256029426,1276.9979206123674,1276.2335478697446
2026-05-04 09:21:16.251172,0.6850772922388106,1277.682997904606,1276.2511715005405
2026-05-04 09:21:16.323216,0.019111221858483816,1277.7021091264646,1276.323216156954
2026-05-04 09:21:16.720466,0.7945901629862022,1278.4966992894508,1276.720465662721
2026-05-04 09:21:17.008571,0.01928989541274649,1278.5159891848637,1277.0085711309266
2026-05-04 09:21:17.484284,0.37272786339407604,1278.8887170482578,1277.484283933516
2026-05-04 09:21:19.140868,0.1773977323007625,1279.3182661824883,1279.1408684501876
2026-05-04 09:21:19.807601,0.06500447384479859,1279.8726058367063,1279.8076013628615
2026-05-04 09:21:19.875799,0.12141149839402579,1279.9972108946283,1279.8757993962342
2026-05-04 09:21:20.067982,0.12502005155319992,1280.1930023016628,1280.0679822501095
2026-05-04 09:21:20.713914,0.14127903834057184,1280.8551925499341,1280.7139135115935
2026-05-04 09:21:20.716407,0.20084894005823642,1281.0560414899924,1280.7164069816088
2026-05-04 09:21:20.847991,0.03776053914963373,1281.093802029142,1280.8479913414262
2026-05-04 09:21:21.048757,0.03143334032595229,1281.1252353694679,1281.0487565444648
2026-05-04 09:21:21.074042,0.0986974742811908,1281.223932843749,1281.0740417767533
2026-05-04 09:21:21.144549,0.48435853319756134,1281.7082913769466,1281.1445488620445
2026-05-04 09:21:21.293727,0.004987082351379228,1281.713278459298,1281.29372700392
2026-05-04 09:21:21.326349,0.07128301227982389,1281.7845614715777,1281.3263490542236
2026-05-04 09:21:21.914521,0.23380161916044495,1282.1483228520144,1281.914521232854
2026-05-04 09:21:22.788343,0.007304451168638833,1282.7956472112314,1282.7883427600627
2026-05-04 09:21:23.483487,0.046194201761815476,1283.5296808444232,1283.4834866426613
2026-05-04 09:21:23.956607,0.1845774562870414,1284.1411844241773,1283.9566069678901
2026-05-04 09:21:24.283391,0.05874111485559385,1284.3421322606778,1284.2833911458222
2026-05-04 09:21:25.122004,0.16566276131827865,1285.2876672553166,1285.1220044939982
2026-05-04 09:21:25.248831,0.2250123595163546,1285.512679614833,1285.2488306304797
2026-05-04 09:21:25.260598,0.2944353948054956,1285.8071150096384,1285.260598252235
2026-05-04 09:21:25.341023,0.33890797023968994,1286.1460229798781,1285.341023182672
2026-05-04 09:21:25.914331,0.16671664281962484,1286.3127396226978,1285.9143314323903
2026-05-04 09:21:26.014850,0.2351176298730267,1286.5478572525708,1286.0148498562876
2026-05-04 09:21:26.399256,0.15472377219963132,1286.7025810247703,1286.3992558676123
2026-05-04 09:21:26.857007,0.17923153617497684,1287.0362389947145,1286.8570074585396
2026-05-04 09:21:27.356197,0.13302548824553048,1287.4892220996014,1287.356196611356
2026-05-04 09:21:27.502308,0.2983779333817752,1287.8006855401795,1287.5023076067978
2026-05-04 09:21:27.939939,0.5602526968208393,1288.5001917469124,1287.9399390500917
2026-05-04 09:21:28.010614,0.04116169166195675,1288.5413534385743,1288.0106135777196
2026-05-04 09:21:28.732891,0.06932628929863076,1288.802216832877,1288.7328905435784
2026-05-04 09:21:28.747641,0.011051925630507036,1288.8132687585075,1288.7476406060753
2026-05-04 09:21:28.793800,0.2678757446889319,1289.0811445031966,1288.793800076258
2026-05-04 09:21:29.732167,0.04952363501428098,1289.781690300211,1289.7321666651967
2026-05-04 09:21:29.948388,0.2978526737653329,1290.246240928625,1289.9483882548595
2026-05-04 09:21:30.137432,0.3801810486134266,1290.6264219772384,1290.1374320802786
2026-05-04 09:21:30.796533,0.07682769544085197,1290.8733603257274,1290.7965326302865
2026-05-04 09:21:31.061100,0.08015441321856301,1291.141254704439,1291.0611002912206
2026-05-04 09:21:31.343470,0.30805815639331546,1291.6515285951555,1291.343470438762
2026-05-04 09:21:31.494916,0.05736366334384353,1291.7088922584994,1291.494916431584
2026-05-04 09:21:31.828199,0.28242302789548335,1292.110621793554,1291.8281987656585
2026-05-04 09:21:32.749615,0.07033829499376112,1292.8199534090477,1292.749615114054
2026-05-04 09:21:32.996714,0.7101380870093172,1293.70685240835,1292.9967143213407
2026-05-04 09:21:33.229133,0.20138368310396326,1293.908236091454,1293.2291330339049
2026-05-04 09:21:33.445522,0.5414680236647691,1294.4497041151187,1293.4455222825761
2026-05-04 09:21:33.506350,0.40269541124192765,1294.8523995263606,1293.5063500600197
2026-05-04 09:21:34.603616,0.12365480509231022,1294.9760543314528,1294.6036164851869
2026-05-04 09:21:34.958183,0.5399774433406525,1295.5160317747934,1294.9581831531534
2026-05-04 09:21:35.886661,0.04798127831492169,1295.9346423393638,1295.886661061049
2026-05-04 09:21:36.082401,0.00016089044946501264,1296.0825618894528,1296.0824009990033
2026-05-04 09:21:36.225771,0.10948874671711946,1296.335260178192,1296.2257714314749
2026-05-04 09:21:36.390303,0.4232577507185636,1296.8135609029282,1296.3903031522095
2026-05-04 09:21:36.420264,0.06714050954003757,1296.8807014124682,1296.420264482186
2026-05-04 09:21:36.602724,0.06322579036176654,1296.9439272028299,1296.602724457875
2026-05-04 09:21:36.898563,0.325169107363086,1297.269096310193,1296.8985630389286
2026-05-04 09:21:37.692284,0.3570068606845823,1298.0492912000514,1297.6922843393668
2026-05-04 09:21:37.856469,0.015304774238379138,1298.0645959742897,1297.8564692392754
2026-05-04 09:21:37.998942,0.24732785211703956,1298.3119238264067,1297.9989424604055
2026-05-04 09:21:38.201889,0.08140309995228107,1298.393326926359,1298.2018891579876
2026-05-04 09:21:38.243421,0.14933215544009795,1298.542659081799,1298.2434213462197
2026-05-04 09:21:38.611984,0.16085741393065675,1298.7728411626713,1298.6119837487406
2026-05-04 09:21:39.195442,0.23207159841978608,1299.427513933061,1299.1954423346413
2026-05-04 09:21:39.269446,0.06985545577732165,1299.4973693888383,1299.2694462258148
2026-05-04 09:21:39.893120,0.014738364335333107,1299.9078584530043,1299.893120088669
2026-05-04 09:21:39.899660,0.22287994120019194,1300.1307383942046,1299.8996595625322
2026-05-04 09:21:40.275049,0.008919106725314744,1300.283967755472,1300.2750486487469
2026-05-04 09:21:40.689906,0.07905645003531538,1300.768962738254,1300.6899062882187
2026-05-04 09:21:40.703338,0.04519547194240542,1300.8141582101964,1300.7033382318536
2026-05-04 09:21:41.296381,0.09087963687641257,1301.387260717139,1301.2963810802626
2026-05-04 09:21:41.347829,0.4185268530858077,1301.8057875702248,1301.3478286061736
2026-05-04 09:21:41.525864,0.20900839220754555,1302.0147959624323,1301.5258639541464
2026-05-04 09:21:41.546365,0.0009574505080032612,1302.0157534129403,1301.5463648624084
2026-05-04 09:21:41.867039,0.15810931134101647,1302.1738627242812,1301.8670393733446
2026-05-04 09:21:42.546743,0.008651077440633571,1302.5553936885028,1302.5467426110622
2026-05-04 09:21:42.644167,0.015655432037257888,1302.659822774393,1302.6441673423558
2026-05-04 09:21:43.576730,0.1880366080051572,1303.7647669882074,1303.5767303802022
2026-05-04 09:21:44.000550,0.15665205859458256,1304.1572016549399,1304.0005495963453
2026-05-04 09:21:44.495780,0.023295728616984587,1304.5190755787607,1304.4957798501437
2026-05-04 09:21:44.554022,0.37114040451062397,1304.9251623085386,1304.5540219040279
2026-05-04 09:21:45.163946,0.9753143534854858,1306.1392605246242,1305.1639461711388
2026-05-04 09:21:45.560954,0.5394968592773318,1306.6787573839015,1305.560954410853
2026-05-04 09:21:47.328366,0.046180040050945684,1307.374546047608,1307.328366007557
2026-05-04 09:21:47.434429,0.18919325306287116,1307.6236222071714,1307.4344289541084
2026-05-04 09:21:47.593232,0.1643959064222307,1307.7880181135936,1307.593232092636
2026-05-04 09:21:47.759087,0.03754444625053893,1307.8255625598442,1307.7590870683712
2026-05-04 09:21:48.465260,0.6184766993677617,1309.0837371063058,1308.465260406938
2026-05-04 09:21:48.581514,0.33955617442441327,1309.4232932807301,1308.5815137737134
2026-05-04 09:21:49.041973,0.2492961714639832,1309.6725894521942,1309.0419728555946
2026-05-04 09:21:49.417754,0.009851457994621546,1309.682440910189,1309.417754024966
2026-05-04 09:21:49.933360,0.27253692829019616,1310.2058973187916,1309.9333603905013
2026-05-04 09:21:50.056789,0.15271528417449298,1310.358612602966,1310.056788893498
2026-05-04 09:21:50.679868,0.2385162819432979,1310.918383881807,1310.6798675998637
2026-05-04 09:21:51.868125,0.0011777410706310244,1311.869302654676,1311.8681249136052
2026-05-04 09:21:51.972408,0.2993612762870695,1312.2717688733721,1311.972407597085
2026-05-04 09:21:53.488443,0.06441155306840053,1313.5528542137538,1313.4884426606855
2026-05-04 09:21:53.793060,0.2071701305508011,1314.0002304504835,1313.7930603199327
2026-05-04 09:21:53.856611,0.09759457897127784,1314.0978250294547,1313.8566114364621
2026-05-04 09:21:54.009464,0.21104801388710082,1314.308873043342,1314.0094635301914
2026-05-04 09:21:54.381668,0.05610825513048165,1314.437776393465,1314.3816681383344
2026-05-04 09:21:54.438599,0.17536604567178238,1314.6139650224768,1314.438598976805
2026-05-04 09:21:54.608546,0.023928171247697312,1314.6378931937245,1314.6085458826901
2026-05-04 09:21:54.741338,0.11629058458197256,1314.8576285766437,1314.7413379920617
2026-05-04 09:21:54.775372,0.041501397668202405,1314.899129974312,1314.7753722866473
2026-05-04 09:21:54.801903,0.4639191079820494,1315.363049082294,1314.801903490397
2026-05-04 09:21:55.369920,0.005852250087803561,1315.3757722301925,1315.3699199801047
2026-05-04 09:21:56.120428,0.14150525597403635,1316.2619329633137,1316.1204277073398
2026-05-04 09:21:56.222147,0.18591549565012488,1316.4478484589638,1316.2221471243429
2026-05-04 09:21:56.646156,0.1561183686379092,1316.8022738837724,1316.6461555151345
2026-05-04 09:21:56.666006,0.12511007460117735,1316.9273839583736,1316.6660064465948
2026-05-04 09:21:57.217630,0.7821812511940367,1317.9998109666478,1317.2176297154538
2026-05-04 09:21:57.461261,0.04820595319991545,1318.0480169198477,1317.4612614663306
2026-05-04 09:21:58.026819,0.11170044942686848,1318.1597173692746,1318.0268186035655
2026-05-04 09:21:58.773435,0.008274211995890289,1318.7817093575418,1318.7734351455458
2026-05-04 09:21:58.910608,0.1964993376625736,1319.1071075470013,1318.9106082093388
2026-05-04 09:21:59.294401,0.059563061494867356,1319.353963599382,1319.2944005378872
2026-05-04 09:21:59.718961,0.11116374738539266,1319.8301250566349,1319.7189613092494
2026-05-04 09:22:00.199737,0.10106194653969508,1320.30079869323,1320.1997367466904
2026-05-04 09:22:00.363758,0.10447261489055551,1320.4682304077498,1320.3637577928594
2026-05-04 09:22:00.764876,0.10306956099362655,1320.8679458019535,1320.76487624096
2026-05-04 09:22:00.873783,0.039414950959429665,1320.9131982368467,1320.8737832858874
2026-05-04 09:22:01.374007,0.08285007504190256,1321.4568572987087,1321.3740072236667
2026-05-04 09:22:02.138571,0.06159599500908558,1322.200166791709,1322.1385707967
2026-05-04 09:22:02.473480,0.8667393458033095,1323.3402191843518,1322.4734798385484
2026-05-04 09:22:02.697212,0.0880284806271775,1323.428247664979,1322.6972118119384
2026-05-04 09:22:03.411537,0.27124073252655706,1323.6994883975055,1323.4115367343734
2026-05-04 09:22:03.592658,0.4160195149402264,1324.1155079124458,1323.5926575309575
2026-05-04 09:22:04.089891,0.06291152019794825,1324.1784194326438,1324.0898907853723
2026-05-04 09:22:05.356212,0.5750081379051464,1325.931219926614,1325.3562117887088
2026-05-04 09:22:05.539840,0.2701253453930767,1326.201345272007,1325.5398396653957
2026-05-04 09:22:05.976659,0.16855211289825642,1326.3698973849052,1325.97665946601
2026-05-04 09:22:07.345123,0.13952862569772634,1327.4846515941995,1327.3451229685018
2026-05-04 09:22:07.588339,0.05047371716786984,1327.638812291796,1327.588338574628
2026-05-04 09:22:09.027252,0.2323420775342199,1329.259594267986,1329.0272521904517
2026-05-04 09:22:09.329826,0.46901878342412306,1329.798844665459,1329.3298258820348
2026-05-04 09:22:10.239449,0.07820577984254537,1330.3176543629659,1330.2394485831232
2026-05-04 09:22:10.504156,0.1235831137523703,1330.627738739189,1330.5041556254366
2026-05-04 09:22:11.106495,0.025780858327162922,1331.1322757375922,1331.106494879265
2026-05-04 09:22:11.164980,0.47219822487473356,1331.6371783616228,1331.164980136748
2026-05-04 09:22:11.439786,0.47795203450515217,1332.1151303961278,1331.4397863664044
2026-05-04 09:22:11.794271,0.37403170996756424,1332.4891621060954,1331.7942709404585
2026-05-04 09:22:11.864542,0.054110767349611094,1332.543272873445,1331.8645417551415
2026-05-04 09:22:11.871936,0.10248563255391473,1332.6457585059989,1331.871935679879
2026-05-04 09:22:12.082114,0.007913343322791103,1332.6536718493217,1332.0821143128514
2026-05-04 09:22:12.870312,0.1526447887308017,1333.022956700804,1332.870311912073
2026-05-04 09:22:13.111876,0.02418405536643098,1333.1360598453011,1333.1118757899346
2026-05-04 09:22:13.243132,0.2460102766600547,1333.4891426114418,1333.2431323347819
2026-05-04 09:22:13.279476,0.06592945142215721,1333.555072062864,1333.2794761547311
2026-05-04 09:22:13.461340,0.03033262100787883,1333.5854046838717,1333.4613396610387
2026-05-04 09:22:14.147357,0.06991521113595321,1334.217272317562,1334.147357106426
2026-05-04 09:22:15.414834,0.0741667601259213,1335.4890009149935,1335.4148341548675
2026-05-04 09:22:15.998145,0.13029556078746327,1336.128441054658,1335.9981454938704
2026-05-04 09:22:17.099612,0.4078983942851667,1337.5075107161565,1337.0996123218713
2026-05-04 09:22:17.705075,0.07080569330486813,1337.775880848444,1337.7050751551392
2026-05-04 09:22:18.209771,0.02037088449089279,1338.2301422856528,1338.209771401162
2026-05-04 09:22:19.293692,0.3632743773590829,1339.656966291987,1339.2936919146277
2026-05-04 09:22:19.346700,0.31783285305037323,1339.9747991450372,1339.346700456079
2026-05-04 09:22:19.568128,0.09056059988754143,1340.0653597449248,1339.5681277829724
2026-05-04 09:22:20.518163,0.007585599836597308,1340.5257489478902,1340.5181633480536
2026-05-04 09:22:21.114188,0.6086304739872388,1341.7228180173993,1341.114187543412
2026-05-04 09:22:21.174485,0.3995598789842316,1342.1223778963836,1341.1744853799712
2026-05-04 09:22:21.309034,0.020667861041624987,1342.1430457574252,1341.3090340848858
2026-05-04 09:22:21.653702,0.18873846983046083,1342.3317842272556,1341.6537023883272
2026-05-04 09:22:22.099577,0.45350018994822305,1342.785284417204,1342.0995768185091
2026-05-04 09:22:22.586368,0.01469763875946629,1342.7999820559635,1342.5863679963763
2026-05-04 09:22:23.212858,0.006485736377337315,1343.2193435358479,1343.2128577994706
2026-05-04 09:22:23.846762,0.24016212638469653,1344.0869243193226,1343.8467621929378
2026-05-04 09:22:23.894756,0.5145017262230686,1344.6014260455456,1343.8947557949743
2026-05-04 09:22:24.253951,0.43241427184442627,1345.03384031739,1344.253950855295
2026-05-04 09:22:24.374954,0.0727262196945515,1345.1065665370845,1344.374954253585
2026-05-04 09:22:24.697440,0.07272367109664317,1345.179290208181,1344.6974395013485
2026-05-04 09:22:25.038801,0.06039199216574222,1345.2396822003468,1345.0388009680967
2026-05-04 09:22:25.178709,0.032015200805989644,1345.2716974011528,1345.1787090614423
2026-05-04 09:22:25.411979,0.25297985356553426,1345.6649591469406,1345.4119792933752
2026-05-04 09:22:25.535567,0.25761051231319015,1345.922569659254,1345.5355674715404
2026-05-04 09:22:25.628622,0.008528830359386036,1345.9310984896133,1345.6286224786209
2026-05-04 09:22:25.653068,0.36407435093424767,1346.2951728405476,1345.653068091349
2026-05-04 09:22:25.771658,0.047996396385368165,1346.343169236933,1345.7716579404882
2026-05-04 09:22:26.376562,0.026111580588075833,1346.4026736725125,1346.3765620919244
2026-05-04 09:22:26.476002,0.11194579908763438,1346.5879478922902,1346.4760020932026
2026-05-04 09:22:27.225563,0.014998995119831507,1347.2405624337157,1347.2255634385958
2026-05-04 09:22:27.579694,0.033669389881779206,1347.6133637500627,1347.5796943601808
2026-05-04 09:22:27.945399,0.02513809403881545,1347.9705367817937,1347.945398687755
2026-05-04 09:22:28.219549,0.33037910615983457,1348.5499282059486,1348.2195490997888
2026-05-04 09:22:28.238101,0.1219551859366332,1348.6718833918853,1348.2381005582884
2026-05-04 09:22:28.708420,0.3197116968377368,1349.0281319704945,1348.7084202736569
2026-05-04 09:22:28.737926,0.10499167913565083,1349.13312364963,1348.737926156348
2026-05-04 09:22:29.109563,0.1866913378099495,1349.31981498744,1349.109562553103
2026-05-04 09:22:29.286930,0.5195677270267083,1349.8393827144666,1349.2869303273023
2026-05-04 09:22:29.397196,0.23347158745788474,1350.0728543019245,1349.397196482062
2026-05-04 09:22:29.593873,0.04455524575202929,1350.1174095476765,1349.5938732962816
2026-05-04 09:22:29.622437,0.2805764345832276,1350.3979859822598,1349.6224373021957
2026-05-04 09:22:29.655628,0.3381386075363526,1350.7361245897962,1349.6556279215126
2026-05-04 09:22:30.524228,0.6156265200171464,1351.3517511098134,1350.5242282937488
2026-05-04 09:22:30.555201,0.10969936029075254,1351.4614504701042,1350.5552009587907
2026-05-04 09:22:30.658448,0.3463570381723529,1351.8078075082765,1350.6584483439913
2026-05-04 09:22:30.816514,0.07009668855950242,1351.877904196836,1350.8165144999327
2026-05-04 09:22:31.857617,0.012603995587397443,1351.8905081924233,1351.8576174086975
2026-05-04 09:22:32.236308,0.17689252576868286,1352.4132008407414,1352.2363083149728
2026-05-04 09:22:32.368322,0.339186705126687,1352.752387545868,1352.3683215955216
2026-05-04 09:22:32.593518,0.2985867754766662,1353.0509743213447,1352.593517575617
2026-05-04 09:22:32.664565,0.020367869813661982,1353.0713421911585,1352.6645648629835
2026-05-04 09:22:32.666053,0.21228814677228627,1353.2836303379308,1352.6660534115267
2026-05-04 09:22:32.940077,0.10289578331461989,1353.3865261212454,1352.9400773470734
2026-05-04 09:22:34.118515,0.4165622287264631,1354.535077437577,1354.1185152088506
2026-05-04 09:22:34.932162,0.04587941160440855,1354.9780414468726,1354.9321620352682
2026-05-04 09:22:35.197486,0.3304797389246332,1355.5279658384811,1355.1974860995565
2026-05-04 09:22:35.258610,0.0023708293942541537,1355.5303366678754,1355.2586097102214
2026-05-04 09:22:35.569050,0.3873382486932769,1355.956387916819,1355.5690496681257
2026-05-04 09:22:36.308868,0.39154143204556746,1356.7004092362213,1356.3088678041756
2026-05-04 09:22:36.594612,0.1879186697250745,1356.8883279059464,1356.5946124961715
2026-05-04 09:22:36.657631,0.024883365377575586,1356.913211271324,1356.657631033891
2026-05-04 09:22:36.773112,0.04489296354892047,1356.9581042348727,1356.7731117276016
2026-05-04 09:22:37.222058,0.851012704649715,1358.0730710262376,1357.2220583215878
2026-05-04 09:22:37.251951,0.128909806146608,1358.2019808323842,1357.2519514891258
2026-05-04 09:22:38.383847,0.23750256529929967,1358.6213495200232,1358.3838469547238
2026-05-04 09:22:38.637191,0.011222965669985967,1358.6484136747142,1358.6371907090443
2026-05-04 09:22:38.927453,0.08373797527164027,1359.011191017011,1358.9274530417395
2026-05-04 09:22:39.325312,0.24732818192375916,1359.5726403900112,1359.3253122080876
2026-05-04 09:22:39.415792,0.021221845418350642,1359.5938622354295,1359.415792275023
2026-05-04 09:22:39.897203,0.04178364766619083,1359.9389866294034,1359.8972029817373
2026-05-04 09:22:40.423049,0.21722439276908548,1360.6402733678383,1360.4230489750692
2026-05-04 09:22:40.536934,0.13209604199221797,1360.7723694098306,1360.5369344385326
2026-05-04 09:22:40.939379,0.02165784739377348,1360.9610364151374,1360.9393785677437
2026-05-04 09:22:41.864684,0.18153982413050204,1362.0462234111765,1361.8646835870459
2026-05-04 09:22:42.232561,0.0824630128524869,1362.315023552785,1362.2325605399326
2026-05-04 09:22:42.287008,0.12463310372754395,1362.4396566565126,1362.2870077826115
2026-05-04 09:22:42.678226,0.7783398600339732,1363.4565656072978,1362.6782257472637
2026-05-04 09:22:42.764600,0.12103911555484748,1363.5776047228526,1362.764600477811
2026-05-04 09:22:42.892505,0.035806057308539474,1363.613410780161,1362.8925051576166
2026-05-04 09:22:43.136994,0.011911883263992822,1363.625322663425,1363.1369936723647
2026-05-04 09:22:44.332892,0.18212992796042515,1364.5150219722423,1364.3328920442818
2026-05-04 09:22:44.669742,0.17163231168386367,1364.8413739817888,1364.669741670105
2026-05-04 09:22:46.501860,0.03065736936035457,1366.5325172844807,1366.5018599151203
2026-05-04 09:22:46.982849,0.213271573720755,1367.1961208854252,1366.9828493117045
2026-05-04 09:22:47.234301,0.1312607444491756,1367.3655613822116,1367.2343006377623
2026-05-04 09:22:47.591899,0.06829066574206413,1367.6601894300923,1367.5918987643502
2026-05-04 09:22:48.207840,0.14939181173662486,1368.357231885992,1368.2078400742553
2026-05-04 09:22:48.604822,0.1378308094644479,1368.7426530140183,1368.6048222045538
2026-05-04 09:22:49.119198,0.03801263742120248,1369.1572108578862,1369.119198220465
2026-05-04 09:22:49.424686,0.5695117388117649,1369.994197515817,1369.4246857770052
2026-05-04 09:22:49.562477,0.5932436469162803,1370.5874411627333,1369.5624770322452
2026-05-04 09:22:49.701073,0.11996389245160669,1370.7074050551848,1369.7010733029495
2026-05-04 09:22:49.727061,0.13475720489019935,1370.842162260075,1369.7270608479805
2026-05-04 09:22:50.027531,0.00277649765755387,1370.8449387577325,1370.027531052423
2026-05-04 09:22:50.064765,0.061639797189562175,1370.9065785549221,1370.0647653383298
2026-05-04 09:22:50.179099,0.1718472648750689,1371.0784258197973,1370.1790987083864
2026-05-04 09:22:50.242921,0.2633150288975018,1371.3417408486948,1370.2429207361674
2026-05-04 09:22:50.388779,0.07047071921278979,1371.4122115679077,1370.3887785773288
2026-05-04 09:22:50.415173,0.39894552821100226,1371.8111570961187,1370.4151732564558
2026-05-04 09:22:51.247436,0.10852714122705985,1371.9196842373458,1371.2474359694656
2026-05-04 09:22:52.595941,0.18795224463777438,1372.7838933638,1372.5959411191623
2026-05-04 09:22:52.716798,0.5061410383286414,1373.2900344021286,1372.716797817411
2026-05-04 09:22:52.719052,0.06919296531979935,1373.3592273674485,1372.7190519835387
2026-05-04 09:22:52.972144,0.04491062202344534,1373.404137989472,1372.9721436980412
2026-05-04 09:22:52.999484,0.22702796263778008,1373.6311659521098,1372.9994844951905
2026-05-04 09:22:54.249257,0.621317475911296,1374.8705739785628,1374.2492565026514
2026-05-04 09:22:54.706961,0.031328417579886435,1374.9019023961428,1374.7069605420934
2026-05-04 09:22:54.721471,0.28749698724628814,1375.189399383389,1374.7214709219263
2026-05-04 09:22:55.740272,0.16057177650717772,1375.9008438347976,1375.7402720582904
2026-05-04 09:22:56.227642,0.2329571197318681,1376.4605995134164,1376.2276423936844
2026-05-04 09:22:56.649476,0.18757163043107286,1376.8370481097272,1376.6494764792963
2026-05-04 09:22:57.346240,0.17646942585768732,1377.5227097077964,1377.3462402819387
2026-05-04 09:22:58.793678,0.27458764569996624,1379.0682655397009,1378.793677894001
2026-05-04 09:22:59.096778,0.874709987168796,1379.9714877781175,1379.0967777909486
2026-05-04 09:22:59.126289,0.26362668076428775,1380.2351144588818,1379.1262889598936
2026-05-04 09:22:59.639156,0.39066745429350835,1380.6257819131752,1379.6391559861454
2026-05-04 09:22:59.765367,0.2009138270657389,1380.826695740241,1379.7653665135617
2026-05-04 09:22:59.803805,0.11164957705789035,1380.9383453172989,1379.8038049309073
2026-05-04 09:23:00.774882,0.3284813672561155,1381.2668266845549,1380.7748817907686
2026-05-04 09:23:01.060169,0.40410663459344703,1381.6709333191484,1381.0601692790428
2026-05-04 09:23:01.438730,0.06265649697706034,1381.7335898161255,1381.4387301069646
2026-05-04 09:23:01.838260,0.03848769706346969,1381.8767479470418,1381.8382602499785
2026-05-04 09:23:02.211683,0.21950660242628126,1382.4311894966243,1382.211682894198
2026-05-04 09:23:03.033893,0.00634273970717019,1383.0402353835118,1383.0338926438046
2026-05-04 09:23:03.691435,0.06500659263843851,1383.756441705156,1383.6914351125176
2026-05-04 09:23:03.962916,0.08554296895423685,1384.0484586714933,1383.962915702539
2026-05-04 09:23:04.012770,0.1155680355124811,1384.1640267070059,1384.0127699709378
2026-05-04 09:23:04.259166,0.037843781618651595,1384.2970094041061,1384.2591656224874
2026-05-04 09:23:04.457111,0.4459802145553738,1384.9030907619829,1384.4571105474274
2026-05-04 09:23:04.766217,0.16034481958336683,1385.0634355815662,1384.7662172910018
2026-05-04 09:23:04.789793,0.15806711383160535,1385.2215026953977,1384.7897932335377
2026-05-04 09:23:04.861750,0.1420978819223324,1385.36360057732,1384.8617495913165
2026-05-04 09:23:04.980429,0.4343944268432794,1385.7979950041633,1384.980428893642
2026-05-04 09:23:05.457688,0.126783758849822,1385.9247787630131,1385.4576877775137
2026-05-04 09:23:05.497627,0.4780859505032997,1386.4028647135165,1385.497627431146
2026-05-04 09:23:05.632411,0.4144974790741973,1386.8173621925907,1385.6324113678713
2026-05-04 09:23:05.934615,0.15959983317802678,1386.9769620257687,1385.9346149442706
2026-05-04 09:23:06.766240,0.2979546858027755,1387.2749167115714,1386.7662395318648
2026-05-04 09:23:07.078774,0.22167639331270658,1387.4965931048841,1387.0787738355152
2026-05-04 09:23:07.161904,0.29347056157553547,1387.7900636664597,1387.1619042516102
2026-05-04 09:23:07.177295,0.030572182739854334,1387.8206358491996,1387.1772954164414
2026-05-04 09:23:07.327102,0.2502717027533243,1388.0709075519528,1387.327102136315
2026-05-04 09:23:07.338669,0.06878058320383261,1388.1396881351566,1387.3386694044689
2026-05-04 09:23:07.638791,0.21364994122975445,1388.3533380763863,1387.6387910158628
2026-05-04 09:23:08.184633,0.010735732105125488,1388.3640738084914,1388.184632601194
2026-05-04 09:23:08.421487,0.5692951099283616,1388.9907818827198,1388.4214867727915
2026-05-04 09:23:08.447751,0.24887485390859207,1389.2396567366284,1388.4477511141627
2026-05-04 09:23:08.806994,0.23135905569453483,1389.471015792323,1388.8069935068215
2026-05-04 09:23:09.621702,0.2889100811217258,1389.9106125324922,1389.6217024513705
2026-05-04 09:23:09.727138,0.01876816410003586,1389.9293806965923,1389.72713758384
2026-05-04 09:23:09.864577,0.014018776671543201,1389.9433994732638,1389.8645774543345
2026-05-04 09:23:10.586094,0.08158069218019949,1390.6676747447466,1390.5860940525663
2026-05-04 09:23:11.394859,0.17925951045837263,1391.5741182046693,1391.3948586942108
2026-05-04 09:23:11.675735,0.0392062067233742,1391.7149411429384,1391.6757349362151
2026-05-04 09:23:12.149412,0.33244860109814545,1392.481860494591,1392.149411893493
2026-05-04 09:23:12.915016,0.5601347820270811,1393.4751508698264,1392.9150160877994
2026-05-04 09:23:13.636753,0.3670081751193045,1394.0037615942795,1393.6367534191602
2026-05-04 09:23:13.794218,0.17514822463017876,1394.1789098189097,1393.794218261818
2026-05-04 09:23:14.430523,0.10519972320934806,1394.5357230422933,1394.430523319084
2026-05-04 09:23:14.982123,0.1029323426350445,1395.0850558185452,1394.9821234759102
2026-05-04 09:23:16.414524,0.20303676803694076,1396.6175608580627,1396.4145240900257
2026-05-04 09:23:16.453166,0.18798086842539094,1396.8055417264882,1396.453165947397
2026-05-04 09:23:16.954007,0.19989799485268367,1397.153905342499,1396.9540073476462
2026-05-04 09:23:16.987918,0.0735132531273599,1397.2274185956264,1396.987917991056
2026-05-04 09:23:17.362252,0.14991901737951932,1397.5121710133578,1397.3622519959783
2026-05-04 09:23:17.389031,0.10065826996029799,1397.6128292833182,1397.3890308952325
2026-05-04 09:23:17.603058,0.18779682037768072,1397.8006261036958,1397.6030582476553
2026-05-04 09:23:17.716266,0.0209854459944149,1397.8216115496903,1397.716266363237
2026-05-04 09:23:17.746597,0.29977743627014636,1398.1213889859605,1397.7465974977317
2026-05-04 09:23:18.594142,0.01297922337369608,1398.6071216421708,1398.594142418797
2026-05-04 09:23:19.050910,0.3824016875461004,1399.4333120328758,1399.0509103453298
2026-05-04 09:23:19.125966,0.1197689431577754,1399.5530809760337,1399.1259658373656
2026-05-04 09:23:19.423086,0.032517297168413034,1399.585598273202,1399.4230859053778
2026-05-04 09:23:19.650134,0.03391841294675676,1399.6840522806806,1399.6501338677338
2026-05-04 09:23:19.987820,0.0018965470233230025,1399.9897170145314,1399.987820467508
2026-05-04 09:23:20.082974,0.062479061766739244,1400.1454526580612,1400.0829735962946
2026-05-04 09:23:21.211731,0.12848144723151186,1401.3402125547914,1401.21173110756
2026-05-04 09:23:21.362571,0.07971526552363908,1401.4422862758404,1401.3625710103167
2026-05-04 09:23:22.198133,0.6868483901580427,1402.884981274378,1402.19813288422
2026-05-04 09:23:22.235600,0.19071531623136964,1403.0756965906094,1402.2355996872614
2026-05-04 09:23:22.295568,0.07126042378922279,1403.1469570143986,1402.2955680089995
2026-05-04 09:23:22.696635,0.29532642430859124,1403.4422834387071,1402.696635275153
2026-05-04 09:23:23.292548,0.675291881342905,1404.11757532005,1403.2925484896098
2026-05-04 09:23:23.373896,0.28479774707089883,1404.4023730671208,1403.3738957342541
2026-05-04 09:23:23.494939,0.003334959177225278,1404.405708026298,1403.4949385815914
2026-05-04 09:23:23.570454,0.0075238663279566485,1404.413231892626,1403.5704544490898
2026-05-04 09:23:23.759582,0.0008546484889650021,1404.414086541115,1403.7595819605665
2026-05-04 09:23:23.806950,0.06324722778479284,1404.4773337688998,1403.8069497831925
2026-05-04 09:23:24.760479,0.027679324066992445,1404.7881581883996,1404.7604788643325
2026-05-04 09:23:25.041799,0.1251444599786523,1405.1669438016752,1405.0417993416966
2026-05-04 09:23:25.351029,0.09038704313396856,1405.4414157100823,1405.3510286669484
2026-05-04 09:23:25.840181,0.4766213551091458,1406.316802229743,1405.840180874634
2026-05-04 09:23:26.316605,0.24093222285786015,1406.557734452601,1406.3166048660935
2026-05-04 09:23:27.303648,0.010735966180091053,1407.3143842950242,1407.303648328844
2026-05-04 09:23:27.744383,0.24484945754295412,1407.9892328374813,1407.7443833799384
2026-05-04 09:23:27.769809,0.05712238998908904,1408.0463552274703,1407.7698086567395
2026-05-04 09:23:28.062928,0.03321892144534363,1408.0961473854525,1408.0629284640072
2026-05-04 09:23:28.268013,0.03130180793734149,1408.2993151935818,1408.2680133856445
2026-05-04 09:23:28.592846,0.06977474959630857,1408.6626210018278,1408.5928462522315
2026-05-04 09:23:28.689438,0.16588138184866047,1408.8553195802817,1408.689438198433
2026-05-04 09:23:28.729435,0.0922362347229322,1408.9475558150048,1408.7294347361033
2026-05-04 09:23:28.903480,0.3800280996904992,1409.3275839146952,1408.9034798465473
2026-05-04 09:23:28.918744,0.03940578566728048,1409.3669897003624,1408.9187443405885
2026-05-04 09:23:29.088076,0.9821983075733016,1410.3491880079357,1409.088075955147
2026-05-04 09:23:29.267461,0.10620596033980434,1410.4553939682755,1409.2674611017196
2026-05-04 09:23:29.313258,0.1462264011846055,1410.60162036946,1409.3132583309837
2026-05-04 09:23:29.927221,0.7189401628126693,1411.3205605322728,1409.9272205928478
2026-05-04 09:23:30.194052,0.04498458263225913,1411.365545114905,1410.1940522295415
2026-05-04 09:23:31.401844,0.1505169715673943,1411.5523605660755,1411.4018435945081
2026-05-04 09:23:32.260224,0.06152053607370102,1412.3217440389203,1412.2602235028467
2026-05-04 09:23:32.442069,0.10067832961219124,1412.542746972607,1412.4420686429946
2026-05-04 09:23:32.852496,0.14823105652859248,1413.0007273760366,1412.852496319508
2026-05-04 09:23:32.883436,0.7174875332616877,1413.7182149092982,1412.883435809906
2026-05-04 09:23:33.928879,0.1312419365876982,1414.0601205354378,1413.9288785988501
2026-05-04 09:23:34.749265,0.23142909652749735,1414.9806940710337,1414.749264974506
2026-05-04 09:23:35.463030,0.11562958530999541,1415.5786594704387,1415.4630298851287
2026-05-04 09:23:35.583614,0.21436164086229745,1415.7979759459708,1415.5836143051085
2026-05-04 09:23:36.482852,0.08512598004436459,1416.5679783596845,1416.4828523796402
2026-05-04 09:23:37.035241,0.03202941852036291,1417.0672700685489,1417.0352406500285
2026-05-04 09:23:37.211242,0.02902328659146219,1417.2402653955937,1417.2112421090023
2026-05-04 09:23:37.232856,0.04989684804919542,1417.290162243643,1417.232855548244
2026-05-04 09:23:37.965922,0.11517556710653179,1418.0810979835487,1417.9659224164423
2026-05-04 09:23:38.065072,0.20354282678301938,1418.2846408103317,1418.0650722146618
2026-05-04 09:23:38.307002,0.06884992593710819,1418.3758518133398,1418.3070018874027
2026-05-04 09:23:38.349213,0.10962190417029126,1418.48547371751,1418.3492125079833
2026-05-04 09:23:39.450717,0.08380967525300081,1419.5345265097117,1419.4507168344587
2026-05-04 09:23:39.808786,0.2885572859411607,1420.0973430727552,1419.808785786814
2026-05-04 09:23:40.524769,0.19332555173941038,1420.7180950039162,1420.5247694521768
2026-05-04 09:23:40.599053,0.11244850303142309,1420.8305435069476,1420.5990533630575
2026-05-04 09:23:40.961989,0.15939702979633907,1421.1213865196673,1420.961989489871
2026-05-04 09:23:41.054522,0.03594384949338242,1421.1573303691607,1421.0545221149112
2026-05-04 09:23:42.196738,0.024981159923942772,1422.221718726435,1422.196737566511
2026-05-04 09:23:42.372204,0.16052694116737487,1422.5327305926946,1422.3722036515273
2026-05-04 09:23:42.416060,0.13209824017533747,1422.66482883287,1422.4160598244725
2026-05-04 09:23:43.430112,0.07785664081919547,1423.50796894719,1423.4301123063708
2026-05-04 09:23:43.619070,0.33889299692944164,1423.957963036408,1423.6190700394786
2026-05-04 09:23:43.890174,0.09430687544160249,1424.0522699118496,1423.8901741565721
2026-05-04 09:23:44.186349,0.36328549778036656,1424.5496346994894,1424.186349201709
2026-05-04 09:23:44.237960,0.8599486724481485,1425.4095833719375,1424.2379598099583
2026-05-04 09:23:45.096971,0.18457705598912708,1425.5941604279267,1425.0969713081427
2026-05-04 09:23:45.207729,0.08315259425718848,1425.6773130221839,1425.207729423115
2026-05-04 09:23:45.344745,0.16675754258308167,1425.844070564767,1425.344745397777
2026-05-04 09:23:46.391244,0.13881373869942823,1426.5300581683591,1426.3912444296598
2026-05-04 09:23:47.044590,0.20873710941437232,1427.253327215042,1427.0445901056275
2026-05-04 09:23:47.101977,0.1428599461333402,1427.3961871611752,1427.1019767439434
2026-05-04 09:23:47.434584,0.46542674770446013,1427.9000103917397,1427.4345836440352
2026-05-04 09:23:47.492264,0.05420276801462694,1427.9542131597543,1427.4922636635813
2026-05-04 09:23:47.866916,0.024033000584712604,1427.978246160339,1427.8669156570033
2026-05-04 09:23:47.991545,0.003944185607585834,1427.9954887661395,1427.9915445805318
2026-05-04 09:23:47.993786,0.38042247389623607,1428.3759112400357,1427.9937856293336
2026-05-04 09:23:48.451186,0.14075570400757784,1428.5919420257476,1428.45118632174
2026-05-04 09:23:48.479008,0.3263990275663129,1428.918341053314,1428.4790076800828
2026-05-04 09:23:48.814748,0.1182061904100738,1429.036547243724,1428.8147477482105
2026-05-04 09:23:49.982448,0.5226222015151419,1430.5050702913513,1429.9824480898362
2026-05-04 09:23:50.637419,0.07221811497936963,1430.7096374479527,1430.6374193329732
2026-05-04 09:23:50.727891,0.19034827513782004,1430.9182390815727,1430.7278908064347
2026-05-04 09:23:50.827309,0.002401862914211246,1430.9206409444869,1430.8273085854082
2026-05-04 09:23:51.471498,0.08066410449298424,1431.5521618595897,1431.4714977550966
2026-05-04 09:23:52.469008,0.11245522579196768,1432.5814634734054,1432.4690082476134
2026-05-04 09:23:52.536989,0.46383971965041826,1433.0453031930558,1432.5369894781463
2026-05-04 09:23:52.570482,0.2715821087430988,1433.316885301799,1432.5704818599813
2026-05-04 09:23:52.618689,0.011479259633479353,1433.3283645614324,1432.6186893534216
2026-05-04 09:23:52.681965,0.24678428871819424,1433.5751488501505,1432.6819653734894
2026-05-04 09:23:52.734613,0.24898081974074016,1433.8241296698914,1432.7346130458716
2026-05-04 09:23:52.822653,0.23003442490213072,1434.0541640947936,1432.8226532994033
2026-05-04 09:23:52.884649,0.5228150964808093,1434.5769791912744,1432.884649056897
2026-05-04 09:23:53.056040,0.0589923646616252,1434.635971555936,1433.0560402977194
2026-05-04 09:23:53.212142,0.011953142171312,1434.6479246981073,1433.212141758082
2026-05-04 09:23:53.305554,0.5411602488472395,1435.1890849469546,1433.3055538025171
2026-05-04 09:23:53.609707,0.09248271212623607,1435.2815676590808,1433.6097070668613
2026-05-04 09:23:53.662397,0.10681907574063312,1435.3883867348213,1433.6623971171464
2026-05-04 09:23:53.885613,0.2355541105446451,1435.623940845366,1433.8856134780433
2026-05-04 09:23:55.750419,0.04260189014180216,1435.7930210271131,1435.7504191369712
2026-05-04 09:23:56.332743,0.43913848969551783,1436.7718817972727,1436.3327433075772
2026-05-04 09:23:56.870647,0.31218172475369566,1437.182828455524,1436.8706467307704
2026-05-04 09:23:57.480792,0.09902609788584933,1437.579818168587,1437.4807920707012
2026-05-04 09:23:57.697156,0.0594612716378489,1437.7566170258817,1437.6971557542438
2026-05-04 09:23:57.704299,0.12734801524092826,1437.8839650411226,1437.704299330134
2026-05-04 09:23:57.999254,0.07151157570834935,1438.0707654566884,1437.99925388098
2026-05-04 09:23:58.131828,0.4148861714254884,1438.5467140700973,1438.1318278986719
2026-05-04 09:23:58.587696,0.16003123941382555,1438.7477269862356,1438.5876957468217
2026-05-04 09:23:59.338289,0.6064606759803278,1439.9447501020966,1439.3382894261163
2026-05-04 09:23:59.789206,0.13109023116790083,1440.0758403332645,1439.7892057561012
2026-05-04 09:23:59.795984,0.01783271968396467,1440.0936730529486,1439.7959839238326
2026-05-04 09:24:00.034479,0.4840789487485544,1440.577752001697,1440.0344785325249
2026-05-04 09:24:00.191206,0.12068902663373543,1440.6984410283308,1440.1912057374884
2026-05-04 09:24:00.279950,0.17005983149850323,1440.8685008598293,1440.2799496389973
2026-05-04 09:24:00.485796,0.12523173626316297,1440.9937325960925,1440.4857959364772
2026-05-04 09:24:00.534964,0.22491533268370612,1441.2186479287761,1440.5349637561683
2026-05-04 09:24:01.170706,0.25865400012448475,1441.4773019289007,1441.1707058969232
2026-05-04 09:24:01.386587,0.02098590639277737,1441.4982878352935,1441.3865867563932
2026-05-04 09:24:01.696864,0.11804569295184493,1441.814909827584,1441.696864134632
2026-05-04 09:24:02.025724,0.1889141658232371,1442.214637835288,1442.0257236694647
2026-05-04 09:24:02.116064,0.8333227204283452,1443.0479605557164,1442.1160642664208
2026-05-04 09:24:02.172906,0.1600172960005749,1443.207977851717,1442.1729058937458
2026-05-04 09:24:02.493074,0.0034612256460710682,1443.2114390773631,1442.4930737952266
2026-05-04 09:24:03.262957,0.07075367360213548,1443.333710845942,1443.2629571723398
2026-05-04 09:24:03.936691,0.24569513035771645,1444.182386401274,1443.9366912709163
2026-05-04 09:24:03.998843,0.29736174816206734,1444.479748149436,1443.9988425706292
2026-05-04 09:24:04.358650,0.14237767021706835,1444.622125819653,1444.35864958338
2026-05-04 09:24:05.001422,0.06423512536426813,1445.065657393354,1445.0014222679897
2026-05-04 09:24:05.100796,0.07960770060989167,1445.1804038420387,1445.1007961414289
2026-05-04 09:24:05.349242,0.8242143142299736,1446.1734567424749,1445.349242428245
2026-05-04 09:24:05.384272,0.1532453362013122,1446.3267020786761,1445.3842722369566
2026-05-04 09:24:05.639315,0.20753023333964882,1446.5342323120158,1445.6393149604287
2026-05-04 09:24:05.695023,0.02486475008403199,1446.5590970621,1445.6950231603491
2026-05-04 09:24:06.594822,0.312621177931067,1446.9074430216972,1446.594821843766
2026-05-04 09:24:06.827891,0.0007205121383393706,1446.9081635338355,1446.827891337983
2026-05-04 09:24:07.387100,0.2841169316590084,1447.6712171256138,1447.387100193955
2026-05-04 09:24:08.272351,0.5994529236819949,1448.8718035208442,1448.2723505971621
2026-05-04 09:24:08.401781,0.0545166063340323,1448.9263201271783,1448.4017806474092
2026-05-04 09:24:09.240385,0.20980320098937663,1449.4501883529106,1449.2403851519211
2026-05-04 09:24:09.855470,0.05492664981639478,1449.910396708671,1449.8554700588545
2026-05-04 09:24:10.331532,0.0349299672833027,1450.3664615394966,1450.3315315722134
2026-05-04 09:24:10.578718,0.01828271913241213,1450.5970011096372,1450.5787183905047
2026-05-04 09:24:10.581774,0.3334772361647783,1450.930478345802,1450.5817743030034
2026-05-04 09:24:10.735748,0.05844190103277951,1450.9889202468348,1450.735747641309
2026-05-04 09:24:10.758143,0.28780104308366056,1451.2767212899184,1450.75814336354
2026-05-04 09:24:10.815563,0.17113436582258104,1451.447855655741,1450.8155631794634
2026-05-04 09:24:10.998657,0.05166490553083413,1451.4995205612718,1450.998657260414
2026-05-04 09:24:11.246257,0.021271720729536245,1451.5207922820014,1451.2462566778208
2026-05-04 09:24:11.283768,0.295743620504875,1451.8165359025063,1451.2837679490976
2026-05-04 09:24:11.584924,0.5361934170465071,1452.3527293195527,1451.5849244345034
2026-05-04 09:24:12.272229,0.8444854168646648,1453.1972147364174,1452.272228736579
2026-05-04 09:24:13.062897,0.03803980897195293,1453.2352545453894,1453.0628965141457
2026-05-04 09:24:13.477942,0.37817807527532915,1453.8561205564904,1453.477942481215
2026-05-04 09:24:13.997129,0.065048672442354,1454.0621781072136,1453.9971294347713
2026-05-04 09:24:14.377185,0.04244811944785459,1454.4196331267274,1454.3771850072794
2026-05-04 09:24:14.811086,0.1881072324707395,1454.9991930251877,1454.811085792717
2026-05-04 09:24:14.873584,0.2589299794238376,1455.2581230046114,1454.87358404344
2026-05-04 09:24:14.923899,0.04339823346476307,1455.3015212380762,1454.92389868739
2026-05-04 09:24:14.955390,0.06812807376320251,1455.3696493118393,1454.9553899666262
2026-05-04 09:24:15.627790,0.14189910053436286,1455.7696891342741,1455.6277900337398
2026-05-04 09:24:15.999244,0.028606954838136953,1456.0278509430725,1455.9992439882344
2026-05-04 09:24:16.555240,0.025439981807894904,1456.5806802628506,1456.5552402810426
2026-05-04 09:24:16.715987,0.13832844732209865,1456.8543156549067,1456.7159872075847
2026-05-04 09:24:17.072862,0.135597472467549,1457.208459288098,1457.0728618156306
2026-05-04 09:24:17.446273,0.02254540192700099,1457.46881863857,1457.446273236643
2026-05-04 09:24:17.937688,0.10637749297396798,1458.0440651248248,1457.9376876318508
2026-05-04 09:24:18.120713,0.6827251167651388,1458.8034382719966,1458.1207131552314
2026-05-04 09:24:18.289508,0.006051980296350411,1458.809490252293,1458.2895076417838
2026-05-04 09:24:18.717945,0.06449758426479522,1458.8739878365577,1458.7179451457
2026-05-04 09:24:19.640063,0.3058330330240263,1459.945896028867,1459.640062995843
2026-05-04 09:24:19.887513,0.05927606273127788,1460.0051720915983,1459.8875127907443
2026-05-04 09:24:20.004488,0.2608083857776827,1460.265980477376,1460.004487620037
2026-05-04 09:24:20.043471,0.10387151892646998,1460.3698519963025,1460.0434712634656
2026-05-04 09:24:20.056188,0.14134501696466395,1460.511197013267,1460.056188143843
2026-05-04 09:24:20.173794,0.24726734878284962,1460.7584643620498,1460.1737944464164
2026-05-04 09:24:20.592428,0.6583946449619349,1461.4168590070117,1460.5924279509659
2026-05-04 09:24:21.138633,0.705963169735992,1462.1228221767476,1461.1386333641492
2026-05-04 09:24:21.421844,0.22843717548301434,1462.3512593522307,1461.4218439466797
2026-05-04 09:24:21.738663,0.026384626994438873,1462.3776439792252,1461.7386625623503
2026-05-04 09:24:21.945478,0.04261852207781628,1462.4202625013031,1461.945478187329
2026-05-04 09:24:21.970368,0.004749850021811374,1462.425012351325,1461.9703680558434
2026-05-04 09:24:22.489751,0.2491544156312643,1462.7389056678726,1462.4897512522414
2026-05-04 09:24:22.622805,0.5450244542101491,1463.2839301220827,1462.6228053915954
2026-05-04 09:24:22.637596,0.294906010823184,1463.578836132906,1462.6375964150322
2026-05-04 09:24:22.891899,0.12726205492014153,1463.706098187826,1462.8918990377713
2026-05-04 09:24:23.004154,0.25860605276985876,1463.964704240596,1463.0041543553934
2026-05-04 09:24:23.321423,0.07667424641240347,1464.0413784870084,1463.3214225723286
2026-05-04 09:24:23.434059,0.503411765556819,1464.5447902525652,1463.4340586989874
2026-05-04 09:24:23.758956,0.046460675343180914,1464.5912509279085,1463.7589555685836
2026-05-04 09:24:24.189540,0.2658449593447973,1464.8570958872533,1464.189539863955
2026-05-04 09:24:24.372327,0.00703019304615293,1464.8641260802995,1464.3723268599601
2026-05-04 09:24:24.683124,0.7752860773885666,1465.639412157688,1464.6831239164892
2026-05-04 09:24:24.872282,0.1268514523997133,1465.7662636100877,1464.8722824528559
2026-05-04 09:24:25.110082,0.06409892260108181,1465.8303625326887,1465.1100816442972
2026-05-04 09:24:25.440939,0.14010516001618986,1465.970467692705,1465.4409387492794
2026-05-04 09:24:26.061335,0.05565145306899676,1466.1169864903604,1466.0613350372914
2026-05-04 09:24:26.394575,0.29727815319382567,1466.6918526543488,1466.394574501155
2026-05-04 09:24:26.638501,0.17990273285791233,1466.8717553872068,1466.6385005769455
2026-05-04 09:24:26.733338,0.23124700494294903,1467.1030023921498,1466.7333379092008
2026-05-04 09:24:27.202300,1.2271313442164518,1468.4294311343501,1467.2022997901336
2026-05-04 09:24:28.139989,0.021853582491271225,1468.4512847168414,1468.1399887679815
2026-05-04 09:24:28.421427,0.4290632812367986,1468.8803479980782,1468.4214270151824
2026-05-04 09:24:28.996544,0.08222648332212756,1469.0787705014009,1468.9965440180788
2026-05-04 09:24:29.633164,0.21911374005571457,1469.8522773815791,1469.6331636415234
2026-05-04 09:24:29.635791,0.046324845693735565,1469.898602227273,1469.6357908040181
2026-05-04 09:24:29.739994,0.02938534939958297,1469.9279875766724,1469.73999440715
2026-05-04 09:24:30.092840,0.27815205156508827,1470.3709918482627,1470.0928397966977
2026-05-04 09:24:30.504058,0.25348322996317874,1470.757541048623,1470.5040578186597
2026-05-04 09:24:31.023222,0.13960485969402064,1471.1628270368512,1471.0232221771573
2026-05-04 09:24:31.124936,0.0022546810363337625,1471.1650817178877,1471.1249357591307
2026-05-04 09:24:31.386193,0.15510864708990238,1471.5413017073947,1471.3861930603048
2026-05-04 09:24:31.629563,0.14363054747309453,1471.773193181175,1471.6295626337019
2026-05-04 09:24:32.264504,0.022840559761032303,1472.2873446196961,1472.264504059935
2026-05-04 09:24:32.445888,0.11594929972312883,1472.5618372136519,1472.4458879139288
2026-05-04 09:24:32.703162,0.07161350563397714,1472.774775229405,1472.703161723771
2026-05-04 09:24:34.175182,0.3526419059442731,1474.5278238849016,1474.1751819789574
2026-05-04 09:24:34.805176,0.19138002967680323,1474.996556520989,1474.8051764913123
2026-05-04 09:24:35.355220,0.554042934576385,1475.9092630369316,1475.3552201023554
2026-05-04 09:24:35.975474,0.17632797074098638,1476.1518014857918,1475.975473515051
2026-05-04 09:24:36.180136,0.016283000590325936,1476.1964188996283,1476.1801358990379
2026-05-04 09:24:36.604370,0.10718622832395208,1476.7115564247583,1476.6043701964343
2026-05-04 09:24:36.986288,0.06820933692108994,1477.0544972896228,1476.9862879527016
2026-05-04 09:24:37.052120,0.20995165312762767,1477.2644489427503,1477.0521203189464
2026-05-04 09:24:37.098900,0.011287282860560247,1477.275736225611,1477.098899581378
2026-05-04 09:24:37.105701,0.13371942797754444,1477.4094556535883,1477.1057014477124
2026-05-04 09:24:37.365392,0.11421631912490011,1477.5236719727131,1477.365392280917
2026-05-04 09:24:37.757946,0.021787103235646296,1477.7797327855183,1477.7579456822825
2026-05-04 09:24:37.911492,0.045758503361022995,1477.957250256937,1477.911491753576
2026-05-04 09:24:39.020906,0.07057840905903,1479.0914847877914,1479.0209063787324
2026-05-04 09:24:39.569321,0.19571318954857597,1479.7650341067429,1479.5693209171943
2026-05-04 09:24:39.925584,0.4177063159624302,1480.3432899405252,1479.9255836245627
2026-05-04 09:24:39.951519,0.079316028837807,1480.422605969363,1479.9515189942601
2026-05-04 09:24:40.065677,0.8403381740498006,1481.2629441434128,1480.0656772029097
2026-05-04 09:24:40.193014,0.13461929646906037,1481.3975634398819,1480.1930139685878
2026-05-04 09:24:40.368781,0.00013324287780583003,1481.3976966827597,1480.368781438226
2026-05-04 09:24:41.303904,0.041007951750262464,1481.43870463451,1481.303903942708
2026-05-04 09:24:41.343317,0.08680312208359237,1481.5255077565937,1481.3433172051086
2026-05-04 09:24:41.573813,0.2367346104523473,1481.8105475381124,1481.57381292766
2026-05-04 09:24:41.756876,0.19940972213862568,1482.009957260251,1481.756875717996
2026-05-04 09:24:41.907511,0.15175958773038428,1482.1617168479813,1481.9075110070185
2026-05-04 09:24:42.295615,0.19130922619266852,1482.4869244001761,1482.2956151739834
2026-05-04 09:24:43.659137,0.008504667163651001,1483.6676419145724,1483.6591372474088
2026-05-04 09:24:43.676167,0.057431849327864465,1483.733599241819,1483.6761673924912
2026-05-04 09:24:44.343356,0.06010970477602611,1484.4034661065214,1484.3433564017453
2026-05-04 09:24:44.912844,0.07205004545836562,1484.9848938659975,1484.9128438205391
2026-05-04 09:24:45.159575,0.45689281333879034,1485.6164678241373,1485.1595750107986
2026-05-04 09:24:45.287011,0.29559362791395816,1485.9120614520514,1485.287011488558
2026-05-04 09:24:45.441089,0.0011789925592534016,1485.9132404446107,1485.4410890159782
2026-05-04 09:24:45.556881,0.021798448159849104,1485.9350388927705,1485.55688081561
2026-05-04 09:24:46.119178,0.6131125184133382,1486.732290822515,1486.1191783041018
2026-05-04 09:24:46.150474,0.2556076669548044,1486.98789848947,1486.1504741838176
2026-05-04 09:24:46.264086,0.23533726572810254,1487.223235755198,1486.26408587016
2026-05-04 09:24:46.571592,0.05518847108448647,1487.2784242262824,1486.5715920718599
2026-05-04 09:24:46.870031,0.23016482330214627,1487.5085890495845,1486.8700314991793
2026-05-04 09:24:46.924670,0.3211448078812341,1487.8297338574657,1486.9246697512317
2026-05-04 09:24:48.516956,0.09722977682782778,1488.6141855330761,1488.5169557562483
2026-05-04 09:24:48.744473,1.1824124277199932,1489.9268849989846,1488.7444725712646
2026-05-04 09:24:49.240152,0.11860459859630797,1490.0454895975809,1489.2401517001992
2026-05-04 09:24:49.288171,0.16410294562669425,1490.2095925432075,1489.2881705248085
2026-05-04 09:24:49.341888,0.20514257723593823,1490.4147351204433,1489.3418884653029
2026-05-04 09:24:49.595407,0.22466276483327624,1490.6393978852766,1489.5954065108406
2026-05-04 09:24:49.916785,0.06880016236327353,1490.7081980476398,1489.9167852991525
2026-05-04 09:24:50.667921,0.11856800703460589,1490.8267660546744,1490.667920769191
2026-05-04 09:24:50.846508,0.009134224511235255,1490.8556419461743,1490.846507721663
2026-05-04 09:24:51.165445,0.2598541061680994,1491.4252990080372,1491.165444901869
2026-05-04 09:24:51.710472,0.027858203771538914,1491.7383297141123,1491.7104715103408
2026-05-04 09:24:51.811056,0.14880076390748742,1491.9598567965452,1491.8110560326377
2026-05-04 09:24:52.352615,0.2923367083874277,1492.6449513758682,1492.3526146674808
2026-05-04 09:24:52.449494,0.011250042167597014,1492.6562014180358,1492.4494940545846
2026-05-04 09:24:52.539578,0.16774512150810064,1492.8239465395438,1492.5395781000686
2026-05-04 09:24:53.366429,0.07744156846934672,1493.4438707962531,1493.3664292277838
2026-05-04 09:24:53.570925,0.042584138474886915,1493.613509085529,1493.570924947054
2026-05-04 09:24:55.240556,0.4494772920515752,1495.6900332397577,1495.240555947706
2026-05-04 09:24:55.328304,0.13340659262649832,1495.823439832384,1495.328304238211
2026-05-04 09:24:55.787023,0.10834830030890961,1495.931788132693,1495.7870232837483
2026-05-04 09:24:55.955932,0.1227383671437416,1496.078670175719,1495.9559318085753
2026-05-04 09:24:56.253410,0.0137481984097602,1496.2671581019972,1496.2534099035875
2026-05-04 09:24:56.380548,0.40741176601365503,1496.787959820892,1496.3805480548783
2026-05-04 09:24:56.401649,0.10534269262672187,1496.8933025135186,1496.4016493369754
2026-05-04 09:24:56.982182,0.06734343218417801,1497.049525734938,1496.982182302754
2026-05-04 09:24:57.945066,0.14429878072132865,1498.0893649312914,1497.94506615057
2026-05-04 09:24:58.045545,1.2150467591300163,1499.3044116904214,1498.045544502664
2026-05-04 09:24:58.654050,0.3690831596804439,1499.6734948501019,1498.6540503749109
2026-05-04 09:24:58.789580,1.4133588730316309,1501.0868537231336,1498.7895804098762
2026-05-04 09:24:59.112988,0.07528648611028914,1501.162140209244,1499.112987554668
2026-05-04 09:24:59.693949,0.1002282018601361,1501.262368411104,1499.6939492614783
2026-05-04 09:24:59.835599,0.04995149328664397,1501.3123199043907,1499.8355992628385
2026-05-04 09:25:00.078526,0.016873449615471933,1501.3291933540063,1500.078526350287
2026-05-04 09:25:00.455385,0.1232748480890487,1501.4524682020954,1500.4553845573585
2026-05-04 09:25:00.482525,0.03980629089643983,1501.4922744929918,1500.482525276413
2026-05-04 09:25:01.045480,0.33622318150834446,1501.8284976745,1501.045480367424
2026-05-04 09:25:01.249897,0.44832316359903557,1502.2768208380992,1501.249897112793
2026-05-04 09:25:01.316085,0.3033628782770196,1502.5801837163763,1501.3160851619512
2026-05-04 09:25:01.684002,0.00226077090028521,1502.5824444872765,1501.6840015533894
2026-05-04 09:25:01.697762,0.6316789300586292,1503.214123417335,1501.6977617449745
2026-05-04 09:25:02.256870,0.004429876521717671,1503.2185532938568,1502.256870458295
2026-05-04 09:25:02.261742,0.03776324536342005,1503.2563165392203,1502.2617424827006
2026-05-04 09:25:03.624928,0.153344021396294,1503.778271543825,1503.6249275224286
2026-05-04 09:25:03.665903,0.44297119335694046,1504.221242737182,1503.6659033950546
2026-05-04 09:25:03.875527,0.10987211016887155,1504.3311148473508,1503.8755265512223
2026-05-04 09:25:05.201393,0.20052620034803648,1505.401919213013,1505.2013930126648
2026-05-04 09:25:05.639366,0.4007650793288875,1506.040131520288,1505.639366440959
2026-05-04 09:25:05.831217,0.1935033207251724,1506.233634841013,1505.8312171432185
2026-05-04 09:25:05.875394,0.018306471706476948,1506.2519413127195,1505.875393732913
2026-05-04 09:25:06.331065,0.6446829874633138,1506.9757480505682,1506.331065063105
2026-05-04 09:25:07.146013,0.05568673730682844,1507.2016994128576,1507.1460126755508
2026-05-04 09:25:07.146645,0.11083727128315009,1507.3125366841407,1507.1466448125395
2026-05-04 09:25:07.154845,0.007681031250546139,1507.3202177153912,1507.1548451097776
2026-05-04 09:25:07.165947,0.02583893075657794,1507.3460566461479,1507.1659470951918
2026-05-04 09:25:07.953172,0.5421645155459611,1508.49533682059,1507.953172305044
2026-05-04 09:25:08.084413,0.6938733360594422,1509.1892101566493,1508.0844131932834
2026-05-04 09:25:08.141407,0.2713230802603395,1509.4605332369097,1508.1414073594353
2026-05-04 09:25:08.386079,0.33513740864788155,1509.7956706455575,1508.3860789096866
2026-05-04 09:25:09.797040,0.2086526236992069,1510.0056921991136,1509.7970395754144
2026-05-04 09:25:10.147175,0.1480425843927037,1510.2952180636494,1510.1471754792567
2026-05-04 09:25:10.580493,0.23428997154494993,1510.8147826645716,1510.5804926930266
2026-05-04 09:25:10.947741,0.32154856590443764,1511.2692900458721,1510.9477414799676
2026-05-04 09:25:10.965038,0.5601918314683006,1511.8294818773404,1510.9650379582545
2026-05-04 09:25:11.096840,0.10607132942238158,1511.9355532067627,1511.0968397973356
2026-05-04 09:25:11.250231,0.09429139786564426,1512.0298446046284,1511.2502306521053
2026-05-04 09:25:11.261747,0.12419511181862186,1512.154039716447,1511.2617474944268
2026-05-04 09:25:11.422796,0.3121421243603868,1512.4661818408074,1511.4227956445736
2026-05-04 09:25:13.407883,0.20506623350111927,1513.6129494305906,1513.4078831970894
2026-05-04 09:25:14.258492,0.07819449294218614,1514.336686348992,1514.25849185605
2026-05-04 09:25:14.442476,0.064788617570055,1514.507264990859,1514.442476373289
2026-05-04 09:25:15.476397,0.3424928541107337,1515.8188902973502,1515.4763974432394
2026-05-04 09:25:16.623421,0.060010133311073834,1516.6834313215168,1516.6234211882056
2026-05-04 09:25:16.741100,0.7274264681928003,1517.468526013805,1516.7410995456123
2026-05-04 09:25:16.814842,0.22329523212771232,1517.6918212459327,1516.8148417128937
2026-05-04 09:25:16.890069,0.33025578933478017,1518.0220770352676,1516.8900687270548
2026-05-04 09:25:17.249500,0.006251499816050087,1518.0283285350836,1517.2495003013753
2026-05-04 09:25:17.522897,0.3092996991328238,1518.3376282342165,1517.5228965564831
2026-05-04 09:25:17.790009,0.2204962902904352,1518.5581245245069,1517.7900088750578
2026-05-04 09:25:18.609256,0.04997473064459038,1518.6592306689708,1518.6092559383262
2026-05-04 09:25:18.718348,0.1119755584049142,1518.8303231211876,1518.7183475627826
2026-05-04 09:25:18.779420,0.16595527571938196,1518.996278396907,1518.7794200561407
2026-05-04 09:25:19.032330,0.021676397831337464,1519.054006027413,1519.0323296295817
2026-05-04 09:25:19.225421,0.05671881755937378,1519.2821396592933,1519.225420841734
2026-05-04 09:25:19.366990,0.3346152177843682,1519.7016056362722,1519.3669904184878
2026-05-04 09:25:19.932529,0.23226995391456173,1520.1647986143034,1519.932528660389
2026-05-04 09:25:20.098205,0.4930504525252197,1520.6578490668287,1520.0982047886741
2026-05-04 09:25:20.948919,0.13674600242554313,1521.0856653874955,1520.94891938507
2026-05-04 09:25:21.520273,0.04857677660036025,1521.5688498258603,1521.52027304926
2026-05-04 09:25:21.829725,0.42334492600911705,1522.2530702343438,1521.8297253083347
2026-05-04 09:25:21.875469,0.14180839045106478,1522.394878624795,1521.8754692187679
2026-05-04 09:25:22.509566,0.07108825756008293,1522.5806538472052,1522.509565589645
2026-05-04 09:25:22.529305,0.7651232227487339,1523.345777069954,1522.5293046575039
2026-05-04 09:25:22.673631,0.2079443949023006,1523.5537214648564,1522.6736309034795
2026-05-04 09:25:23.126934,0.008005590319749002,1523.561727055176,1523.1269338749623
2026-05-04 09:25:23.136279,0.15295639791810334,1523.7146834530943,1523.1362789046213
2026-05-04 09:25:23.165999,0.10895185329800752,1523.8236353063924,1523.1659986104305
2026-05-04 09:25:23.466993,0.03149886487741543,1523.8551341712698,1523.4669933369466
2026-05-04 09:25:23.928422,0.2934274615532352,1524.2218494542797,1523.9284219927265
2026-05-04 09:25:24.240330,0.04077247033002412,1524.28110246416,1524.24032999383
2026-05-04 09:25:24.519791,0.07479062562089471,1524.5945820442353,1524.5197914186144
2026-05-04 09:25:24.637451,0.29671581624062515,1524.934166398338,1524.6374505820975
2026-05-04 09:25:24.639608,0.13589768027637936,1525.0700640786145,1524.6396081229266
2026-05-04 09:25:24.850375,0.32363784597417916,1525.3937019245886,1524.8503753418988
2026-05-04 09:25:24.918402,0.06786650577108524,1525.4615684303596,1524.9184024743047
2026-05-04 09:25:25.146028,0.6755020725486476,1526.1370705029083,1525.146028493806
2026-05-04 09:25:25.326824,0.4303225288000967,1526.5673930317084,1525.3268242114768
2026-05-04 09:25:25.992127,0.21465915349666861,1526.7820521852052,1525.9921270647194
2026-05-04 09:25:26.033726,0.011223452383598629,1526.7932756375887,1526.0337261420082
2026-05-04 09:25:26.058863,0.3403033378147209,1527.1335789754035,1526.0588632316799
2026-05-04 09:25:26.201566,0.09212472011347317,1527.2257036955168,1526.2015658023167
2026-05-04 09:25:26.286240,0.5604873950061999,1527.786191090523,1526.286239952637
2026-05-04 09:25:26.361501,0.02954616987351702,1527.8157372603966,1526.361501326797
2026-05-04 09:25:26.363166,0.5746410516091132,1528.3903783120059,1526.3631656316459
2026-05-04 09:25:26.546913,0.2265287551253269,1528.6169070671313,1526.546913011828
2026-05-04 09:25:26.857633,0.09798327428392664,1528.7148903414152,1526.8576328191539
2026-05-04 09:25:26.865247,0.05038506201062402,1528.765275403426,1526.8652466943877
2026-05-04 09:25:27.010226,0.07068853944019898,1528.835963942866,1527.010225695003
2026-05-04 09:25:27.393524,0.2779525264618901,1529.113916469328,1527.393523529263
2026-05-04 09:25:28.018957,0.13589518451799684,1529.2498116538459,1528.018956632129
2026-05-04 09:25:28.036206,0.18975494642709498,1529.4395666002729,1528.036206015969
2026-05-04 09:25:28.140241,0.151554551629962,1529.5911211519028,1528.1402414920688
2026-05-04 09:25:28.588207,0.02077819420518012,1529.611899346108,1528.5882074850688
2026-05-04 09:25:28.920288,0.44914289660260337,1530.0610422427105,1528.9202883830042
2026-05-04 09:25:29.725267,0.028705144697392146,1530.089747387408,1529.7252671505112
2026-05-04 09:25:29.996174,0.13410035943691165,1530.2238477468447,1529.9961743834517
2026-05-04 09:25:30.110237,0.41860615946784174,1530.6424539063125,1530.1102369853527
2026-05-04 09:25:30.481559,0.27632434488488933,1530.9187782511974,1530.4815590840508
2026-05-04 09:25:30.788941,0.026000481177109964,1530.9447787323745,1530.7889405569267
2026-05-04 09:25:31.201401,0.10393992739139157,1531.3053413236078,1531.2014013962164
2026-05-04 09:25:32.059282,0.1448267274965321,1532.204109123099,1532.0592823956024
2026-05-04 09:25:33.089052,0.6090718972548651,1533.6981238388953,1533.0890519416405
2026-05-04 09:25:33.423790,0.30421333060615785,1534.0023371695015,1533.4237898729818
2026-05-04 09:25:34.010202,0.17946863505887056,1534.18967058237,1534.010201947311
2026-05-04 09:25:34.064625,0.0109032266937632,1534.2005738090636,1534.0646249477338
2026-05-04 09:25:34.184984,0.15584533966428052,1534.3564191487278,1534.1849836127374
2026-05-04 09:25:34.700590,0.3038647908308092,1535.004455266175,1534.7005904753441
2026-05-04 09:25:34.798960,0.4955038806587516,1535.4999591468338,1534.7989602337268
2026-05-04 09:25:34.992312,0.015969584911429725,1535.5159287317451,1534.9923115616305
2026-05-04 09:25:35.114116,0.01230083962345625,1535.5282295713687,1535.1141160176942
2026-05-04 09:25:36.427650,0.6248471146552649,1537.052497368456,1536.4276502538007
2026-05-04 09:25:36.587805,0.010863135614428879,1537.0633605040705,1536.5878045707877
2026-05-04 09:25:36.632470,0.0689928736488121,1537.1323533777193,1536.6324695333753
2026-05-04 09:25:36.642378,0.15953642899128098,1537.2918898067105,1536.6423775602093
2026-05-04 09:25:36.995197,0.05316444984010093,1537.3450542565506,1536.9951969919707
2026-05-04 09:25:37.815765,0.7529759148851985,1538.5687411772044,1537.8157652623192
2026-05-04 09:25:38.137776,0.22632490170163344,1538.795066078906,1538.1377761465794
2026-05-04 09:25:38.307465,0.012100283885186103,1538.8071663627913,1538.307465287712
2026-05-04 09:25:38.434886,0.27159101644501527,1539.0787573792363,1538.4348856402385
2026-05-04 09:25:38.672884,0.15941905652137559,1539.2381764357576,1538.672883794069
2026-05-04 09:25:39.154922,0.406466227239922,1539.6446426629975,1539.1549219287795
2026-05-04 09:25:39.310123,0.02156048703671791,1539.6662031500343,1539.3101231991786
2026-05-04 09:25:39.479632,0.26557880875136936,1539.9317819587857,1539.4796321785363
2026-05-04 09:25:40.256517,0.11572349702442429,1540.3722406404659,1540.2565171434414
2026-05-04 09:25:40.383125,0.21530305133895722,1540.598427662207,1540.3831246108682
2026-05-04 09:25:40.585023,0.04453428862024574,1540.6429619508274,1540.5850231673626
2026-05-04 09:25:40.626163,0.10525207468841234,1540.7482140255158,1540.6261632586586
2026-05-04 09:25:40.974183,0.05941350731845643,1541.0335962960355,1540.9741827887171
2026-05-04 09:25:41.176549,0.16032032802016627,1541.336869308133,1541.1765489801128
2026-05-04 09:25:41.212936,0.035689654683217026,1541.3725589628161,1541.2129358956886
2026-05-04 09:25:41.578966,0.18813355638237605,1541.7670999681927,1541.5789664118104
2026-05-04 09:25:41.800836,0.17325994881452306,1541.9740962841202,1541.8008363353056
2026-05-04 09:25:41.923563,0.07460680586055561,1542.0487030899808,1541.923562748104
2026-05-04 09:25:42.369793,0.025230906620954115,1542.3950242868623,1542.3697933802414
2026-05-04 09:25:42.859841,0.2303140044598557,1543.0901549795037,1542.8598409750439
2026-05-04 09:25:43.077479,0.36993418072904555,1543.4600891602327,1543.0774785186525
2026-05-04 09:25:43.512504,0.1265681605952804,1543.6390722762908,1543.5125041156955
2026-05-04 09:25:44.007649,0.5528238872864896,1544.5604726038575,1544.007648716571
2026-05-04 09:25:44.321427,0.28558352918241175,1544.8460561330398,1544.3214274562445
2026-05-04 09:25:44.928146,0.00042899439435795496,1544.9285754436337,1544.9281464492394
2026-05-04 09:25:45.259070,0.17724825076302453,1545.4363184535448,1545.2590702027817
2026-05-04 09:25:46.017597,0.015358980164175522,1546.0329563331227,1546.0175973529585
2026-05-04 09:25:46.298126,0.32878618657898406,1546.6269119087192,1546.2981257221402
2026-05-04 09:25:46.575862,0.8904312985333465,1547.5173432072525,1546.5758624920481
2026-05-04 09:25:46.982150,0.1480369956413417,1547.6653802028939,1546.9821499435996
2026-05-04 09:25:47.222566,0.3034541988823214,1547.9688344017761,1547.2225664597975
2026-05-04 09:25:47.230445,0.5562921633695712,1548.5251265651457,1547.230444602209
2026-05-04 09:25:47.859185,0.42358065564244207,1548.948707220788,1547.859185032158
2026-05-04 09:25:48.173279,0.121379717826686,1549.0700869386146,1548.1732785406664
2026-05-04 09:25:48.445202,0.022504996102103568,1549.0925919347167,1548.4452024047594
2026-05-04 09:25:48.496048,0.054096283670258594,1549.146688218387,1548.4960477760555
2026-05-04 09:25:48.654076,0.3469957357914802,1549.4936839541786,1548.6540759839588
2026-05-04 09:25:49.058517,0.1753365619018737,1549.6690205160805,1549.0585171050998
2026-05-04 09:25:49.142259,0.026566805928914063,1549.6955873220095,1549.1422594614737
2026-05-04 09:25:49.275037,0.03600876857091988,1549.7315960905803,1549.2750372174135
2026-05-04 09:25:49.579389,0.008022573824794597,1549.739618664405,1549.5793886712322
2026-05-04 09:25:49.658297,0.0796984010363762,1549.8193170654415,1549.65829686643
2026-05-04 09:25:49.680858,0.5706245946699896,1550.3899416601114,1549.6808584185817
2026-05-04 09:25:49.830141,0.651513206012084,1551.0414548661236,1549.8301410755703
2026-05-04 09:25:50.456724,0.24809038034403041,1551.2895452464677,1550.456724007496
2026-05-04 09:25:50.480594,0.16463119277794622,1551.4541764392457,1550.4805937788983
2026-05-04 09:25:51.326094,0.32834070267218773,1551.7825171419179,1551.3260942233296
2026-05-04 09:25:51.367464,0.07624746252827735,1551.8587646044462,1551.3674641849398
2026-05-04 09:25:51.600541,0.17656800112537063,1552.0353326055715,1551.6005412136935
2026-05-04 09:25:51.914326,0.011115597363992136,1552.0464482029356,1551.9143256335913
2026-05-04 09:25:52.137851,0.04216266673413149,1552.1800136579245,1552.1378509911904
2026-05-04 09:25:52.160517,0.0026128392120916577,1552.1826264971367,1552.1605172688621
2026-05-04 09:25:52.239492,0.0686435986835685,1552.3081352521822,1552.2394916534986
2026-05-04 09:25:52.824162,0.08828701367166618,1552.912449326275,1552.8241623126034
2026-05-04 09:25:53.131297,0.10711751327898085,1553.238414416037,1553.1312969027579
2026-05-04 09:25:53.236703,0.08088777364261941,1553.3193021896795,1553.23670337843
2026-05-04 09:25:53.508215,0.1577125027322662,1553.6659279659202,1553.508215463188
2026-05-04 09:25:53.611286,0.031216844243218796,1553.6971448101635,1553.6112862188832
2026-05-04 09:25:54.497235,0.05134895323730361,1554.5485838946513,1554.497234941414
2026-05-04 09:25:54.904690,0.1489624954096001,1555.0536524940924,1554.9046899986827
2026-05-04 09:25:56.391277,0.077579903867091,1556.4688566895284,1556.3912767856614
2026-05-04 09:25:56.412181,0.21155208979414805,1556.6804087793225,1556.4121806151704
2026-05-04 09:25:56.783945,0.5727990702938286,1557.3567436421433,1556.7839445718496
2026-05-04 09:25:57.085038,0.39157598155002377,1557.7483196236933,1557.0850376235605
2026-05-04 09:25:57.106201,0.23063523658207702,1557.9789548602753,1557.1062009263796
2026-05-04 09:25:57.577936,0.13201125347543274,1558.1109661137507,1557.57793577913
2026-05-04 09:25:57.581654,0.15477125886373294,1558.2657373726145,1557.5816540043743
2026-05-04 09:25:57.813227,0.027369751850438957,1558.293107124465,1557.8132270197796
2026-05-04 09:25:57.871986,0.18329133121576402,1558.4763984556807,1557.871986066827
2026-05-04 09:25:58.179431,0.08414508068198673,1558.5605435363627,1558.1794314691008
2026-05-04 09:25:58.197808,0.4414913832121439,1559.002034919575,1558.1978084222246
2026-05-04 09:25:58.416062,0.34483998299810253,1559.346874902573,1558.4160616710544
2026-05-04 09:25:58.638445,0.3684611082882026,1559.7153360108612,1558.638444514727
2026-05-04 09:25:58.753805,0.5132391644303981,1560.2285751752916,1558.7538049204768
2026-05-04 09:25:58.968668,0.25125362939428775,1560.479828804686,1558.9686683691925
2026-05-04 09:25:59.018671,0.010774877840728118,1560.4906036825266,1559.0186714778633
2026-05-04 09:25:59.053094,0.3706471337813289,1560.861250816308,1559.0530941958586
2026-05-04 09:25:59.213722,0.004555987124515651,1560.8658068034326,1559.213721541771
2026-05-04 09:25:59.467009,0.03907015127375108,1560.9048769547064,1559.4670093171708
2026-05-04 09:25:59.762486,0.19531425960912152,1561.1001912143156,1559.7624856520274
2026-05-04 09:26:00.065444,0.41932971552759873,1561.519520929843,1560.0654439130933
2026-05-04 09:26:00.451493,0.024990015539991996,1561.544510945383,1560.4514933240189
2026-05-04 09:26:00.475804,0.19092040567759908,1561.7354313510607,1560.4758039152912
2026-05-04 09:26:01.199477,0.16088191396365192,1561.8963132650244,1561.1994765444417
2026-05-04 09:26:01.270593,0.6179697392632373,1562.5142830042878,1561.2705932494316
2026-05-04 09:26:01.426406,0.12387760358041344,1562.6381606078683,1561.4264064419979
2026-05-04 09:26:01.592659,0.8877825194286733,1563.5259431272968,1561.5926592804722
2026-05-04 09:26:01.804280,0.031788622897407956,1563.5577317501943,1561.804279831113
2026-05-04 09:26:01.857605,0.16963984213574204,1563.72737159233,1561.8576053496436
2026-05-04 09:26:02.472388,0.06360016385208411,1563.790971756182,1562.472387614456
2026-05-04 09:26:02.584561,0.22819949377513576,1564.019171249957,1562.5845610569197
2026-05-04 09:26:02.743479,0.10998295830420304,1564.1291542082613,1562.74347902747
2026-05-04 09:26:04.536661,0.200983907965013,1564.737645347167,1564.536661439202
2026-05-04 09:26:04.977678,0.15374222162308743,1565.1314207079074,1564.9776784862843
2026-05-04 09:26:05.138481,0.016018331093550175,1565.1544994585374,1565.1384811274438
2026-05-04 09:26:05.488111,0.02066879637200922,1565.5087798993795,1565.4881111030074
2026-05-04 09:26:05.620119,0.15684088199896515,1565.7769595878892,1565.6201187058903
2026-05-04 09:26:06.173342,0.341281951110529,1566.5146235251805,1566.17334157407
2026-05-04 09:26:06.607453,0.04740426095111852,1566.6548569670379,1566.6074527060866
2026-05-04 09:26:07.280343,0.02837671230438676,1567.3087193188837,1567.2803426065793
2026-05-04 09:26:07.545827,0.38427584103777634,1567.9301032500214,1567.5458274089835
2026-05-04 09:26:07.976455,0.4459067960361718,1568.422362042142,1567.9764552461058
2026-05-04 09:26:08.365653,0.1124361773406595,1568.5347982194826,1568.3656529309465
2026-05-04 09:26:08.421876,0.1516667874310242,1568.6864650069135,1568.4218759750881
2026-05-04 09:26:08.734188,0.3676384154513249,1569.101826296862,1568.7341878814107
2026-05-04 09:26:09.088448,0.05431046974317222,1569.1561367666052,1569.08844803637
2026-05-04 09:26:09.263947,0.0750553325005064,1569.3390025163208,1569.2639471838202
2026-05-04 09:26:10.252491,0.21277827955698725,1570.465269277884,1570.2524909983272
2026-05-04 09:26:10.412567,0.6034864584319557,1571.068755736316,1570.412566901755
2026-05-04 09:26:10.425483,0.25890832720099377,1571.327664063517,1570.425482530095
2026-05-04 09:26:10.606871,0.1138403228814159,1571.4415043863985,1570.6068707558609
2026-05-04 09:26:10.943848,0.7054598666188334,1572.1469642530174,1570.943848203514
2026-05-04 09:26:10.956451,0.3401597614178691,1572.4871240144353,1570.9564508065203
2026-05-04 09:26:11.083423,0.003910109223255188,1572.4910341236584,1571.0834227562295
2026-05-04 09:26:11.746950,0.08474965691582498,1572.5757837805743,1571.746949609308
2026-05-04 09:26:11.897061,0.0026437442852494646,1572.5784275248595,1571.8970613247532
2026-05-04 09:26:12.015819,0.04184272249274539,1572.6202702473522,1572.0158189807514
2026-05-04 09:26:12.083087,0.44108380455166485,1573.061354051904,1572.0830873222976
2026-05-04 09:26:12.183320,0.09986040843114997,1573.161214460335,1572.1833199382443
2026-05-04 09:26:12.585818,0.0007740490146013637,1573.1619885093496,1572.5858177867544
2026-05-04 09:26:12.645542,0.031564124854542075,1573.1935526342043,1572.645541552803
2026-05-04 09:26:12.736228,0.0303340370108896,1573.223886671215,1572.7362283996401
2026-05-04 09:26:13.110049,0.6748200158140715,1573.898706687029,1573.1100490229912
2026-05-04 09:26:13.271258,0.16552938560284924,1574.064236072632,1573.2712583999994
2026-05-04 09:26:13.356889,0.6079516223494756,1574.6721876949814,1573.3568889688183
2026-05-04 09:26:13.610452,0.04074321784955107,1574.7129309128309,1573.6104524448237
2026-05-04 09:26:13.774806,0.1572964343560448,1574.870227347187,1573.7748056243013
2026-05-04 09:26:14.017532,0.14789499116037147,1575.0181223383474,1574.0175324247625
2026-05-04 09:26:14.295484,0.03552702667971105,1575.0536493650272,1574.2954841904043
2026-05-04 09:26:15.778477,0.005232248565798439,1575.7837090732469,1575.778476824681
2026-05-04 09:26:15.898233,0.12753287389709478,1576.0257658081543,1575.8982329342573
2026-05-04 09:26:15.992557,0.1576907465203243,1576.1834565546746,1575.9925568100941
2026-05-04 09:26:16.216683,0.3930582053986908,1576.6097411042294,1576.2166828988306
2026-05-04 09:26:16.624711,0.25981387933135314,1576.8845248670875,1576.624710987756
2026-05-04 09:26:17.788512,0.28111119738455315,1578.0696228039028,1577.7885116065183
2026-05-04 09:26:17.888741,1.0320618834248656,1579.1016846873276,1577.8887410940479
2026-05-04 09:26:17.985386,0.17465419119307424,1579.2763388785206,1577.98538594025
2026-05-04 09:26:18.555706,0.061262054181201925,1579.337600932702,1578.555705588886
2026-05-04 09:26:18.707502,0.07527516957522434,1579.412876102277,1578.7075022213294
2026-05-04 09:26:18.814770,0.1762354927793445,1579.5891115950565,1578.8147704994412
2026-05-04 09:26:20.069554,0.07156189819501778,1580.1411155623787,1580.0695536641836
2026-05-04 09:26:20.226369,0.21649491994328615,1580.4428636209977,1580.2263687010545
2026-05-04 09:26:20.631138,0.6269544022911372,1581.258092306114,1580.6311379038227
2026-05-04 09:26:20.675889,0.6851085591575207,1581.9432008652714,1580.6758888693964
2026-05-04 09:26:21.306649,0.8892783603406049,1582.832479225612,1581.3066487237975
2026-05-04 09:26:21.837774,0.288412423374329,1583.1208916489863,1581.837774397995
2026-05-04 09:26:22.091271,0.3237910786418945,1583.4446827276283,1582.091271103104
2026-05-04 09:26:22.234413,0.08788937882071236,1583.5325721064492,1582.2344132137912
2026-05-04 09:26:22.331828,0.11464867713066972,1583.6472207835798,1582.3318275826427
2026-05-04 09:26:22.466455,0.17267779749506096,1583.8198985810748,1582.4664546948245
2026-05-04 09:26:23.546570,0.08610783098227197,1583.906006412057,1583.5465704223896
2026-05-04 09:26:23.641214,0.13075414034389574,1584.036760552401,1583.6412138662315
2026-05-04 09:26:24.118689,0.37661246216575606,1584.495301608992,1584.1186891468262
2026-05-04 09:26:24.755785,0.029853542655975136,1584.7856386791989,1584.755785136543
2026-05-04 09:26:24.760312,0.27012140448904465,1585.055760083688,1584.7603115192856
2026-05-04 09:26:24.906044,0.17691683556386176,1585.2326769192518,1584.906044097145
2026-05-04 09:26:26.073354,0.13358536474491953,1586.206939742539,1586.073354377794
2026-05-04 09:26:26.093894,0.37189862080244024,1586.5788383633414,1586.0938941697802
2026-05-04 09:26:26.211130,0.3180987840706804,1586.896937147412,1586.2111304594946
2026-05-04 09:26:26.475723,0.08269221736948784,1586.9796293647814,1586.4757234713936
2026-05-04 09:26:26.540617,0.0846625754800827,1587.0642919402615,1586.5406172825813
2026-05-04 09:26:26.589649,0.1645605550191643,1587.2288524952805,1586.5896489421282
2026-05-04 09:26:26.945566,0.1635116576283947,1587.3923641529088,1586.9455660630335
2026-05-04 09:26:27.706264,0.1490834546552624,1587.8553478578144,1587.7062644031591
2026-05-04 09:26:27.788713,0.00019867051767991913,1587.855546528332,1587.7887125529155
2026-05-04 09:26:28.133437,0.06672387209832188,1588.200160470679,1588.1334365985808
2026-05-04 09:26:28.461598,0.16072418288967033,1588.6223222333438,1588.461598050454
2026-05-04 09:26:28.827756,0.1362929072533206,1588.964048761636,1588.8277558543825
2026-05-04 09:26:28.957863,0.39490458785946303,1589.3589533494953,1588.957862636761
2026-05-04 09:26:28.969506,0.16368379168115776,1589.5226371411766,1588.9695058419543
2026-05-04 09:26:29.065403,0.03462183106155536,1589.557258972238,1589.0654031849233
2026-05-04 09:26:30.061089,0.10224912801730433,1590.1633383080582,1590.0610891800409
2026-05-04 09:26:30.201124,0.25021601758412454,1590.4513404494453,1590.2011244318612
2026-05-04 09:26:30.290706,0.3369270794590824,1590.7882675289043,1590.290706077281
2026-05-04 09:26:30.814013,0.15376146840068963,1590.967774332744,1590.8140128643433
2026-05-04 09:26:32.507508,0.5987233844167267,1593.1062310767888,1592.5075076923722
2026-05-04 09:26:33.097528,0.12287172551352757,1593.2291028023024,1593.097528000796
2026-05-04 09:26:33.221390,0.1716925986790321,1593.4007954009815,1593.221389781696
2026-05-04 09:26:33.483103,0.5023787117945814,1593.985481871257,1593.4831031594624
2026-05-04 09:26:33.967789,0.3267174089329345,1594.3121992801898,1593.9677890621035
2026-05-04 09:26:34.425998,0.17145240371899412,1594.597450232694,1594.425997828975
2026-05-04 09:26:34.722008,0.27125661196991935,1594.9932648456306,1594.7220082336607
2026-05-04 09:26:34.839711,0.1508289875464634,1595.144093833177,1594.8397108466233
2026-05-04 09:26:35.520140,0.33640444489620686,1595.8565443649754,1595.5201399200791
2026-05-04 09:26:35.702229,0.793961479365147,1596.6505058443406,1595.7022290086074
2026-05-04 09:26:35.953834,0.07791979482547395,1596.728425639166,1595.9538336527999
2026-05-04 09:26:36.075812,0.06687279377958981,1596.7952984329456,1596.0758115037709
2026-05-04 09:26:36.176849,0.029767214275173173,1596.8250656472208,1596.1768493867692
2026-05-04 09:26:36.804850,0.18662339962683216,1597.0116890468476,1596.8048501101891
2026-05-04 09:26:37.030810,0.45277591175565157,1597.4835862893328,1597.0308103775772
2026-05-04 09:26:37.259400,0.22201013234220446,1597.705596421675,1597.259400449509
2026-05-04 09:26:37.287260,0.05998947075719553,1597.7655858924322,1597.2872603740914
2026-05-04 09:26:37.433800,0.218662366713325,1597.9842482591455,1597.4337999898162
2026-05-04 09:26:37.705231,0.061822181032540495,1598.046070440178,1597.7052314337236
2026-05-04 09:26:38.529761,0.3256067312008508,1598.8553675829269,1598.529760851726
2026-05-04 09:26:38.930774,0.1582735554898205,1599.0890477095418,1598.930774154052
2026-05-04 09:26:39.098665,0.06575822088908675,1599.1644230503352,1599.098664829446
2026-05-04 09:26:39.712268,0.005541392607216832,1599.717809220503,1599.7122678278959
2026-05-04 09:26:39.967857,0.013867683860045317,1599.9817249937837,1599.9678573099236
2026-05-04 09:26:39.992496,0.14036074538515714,1600.1328571560764,1599.9924964106913
2026-05-04 09:26:40.134972,0.07099624454080972,1600.2059679504437,1600.134971705903
2026-05-04 09:26:40.447295,0.09183476101580923,1600.539129839417,1600.447295078401
2026-05-04 09:26:40.489275,0.3326335904647664,1600.8717634298819,1600.4892752749072
2026-05-04 09:26:40.602925,0.39032946720208095,1601.262092897084,1600.6029249426883
2026-05-04 09:26:40.810622,0.15534325578348063,1601.4174361528674,1600.810622440937
2026-05-04 09:26:41.216477,0.04887602223419129,1601.4663121751016,1601.2164765619734
2026-05-04 09:26:41.583957,0.0947078758827772,1601.6786645412603,1601.5839566653776
2026-05-04 09:26:42.019675,0.28033564519086385,1602.30001041535,1602.019674770159
2026-05-04 09:26:42.220650,0.04441725123025456,1602.3444276665803,1602.2206504886653
2026-05-04 09:26:42.611966,0.2985908236919244,1602.910556591209,1602.611965767517
2026-05-04 09:26:43.962205,0.055415606530083185,1604.017620681817,1603.962205075287
2026-05-04 09:26:44.036007,0.029449552974430877,1604.065456617603,1604.0360070646286
2026-05-04 09:26:44.239373,0.10399172617644288,1604.3433645514917,1604.2393728253153
2026-05-04 09:26:44.400478,0.10622677795407172,1604.5067043487886,1604.4004775708345
2026-05-04 09:26:44.484954,0.4143205932134757,1604.921024942002,1604.484954191646
2026-05-04 09:26:44.753815,0.23036509901826518,1605.1513900410202,1604.7538147785056
2026-05-04 09:26:45.070836,0.3951678581900677,1605.5465578992103,1605.0708364537927
2026-05-04 09:26:46.524630,0.37116112743149826,1606.8957913008662,1606.5246301734346
2026-05-04 09:26:46.804839,0.05337526828616434,1606.9491665691523,1606.8048394891482
2026-05-04 09:26:46.828062,0.02104928637691575,1606.9702158555292,1606.8280623833887
2026-05-04 09:26:47.995926,0.033602355137238325,1608.0295287923857,1607.9959264372485
2026-05-04 09:26:48.120915,0.13683002348761084,1608.2577453615763,1608.1209153380887
2026-05-04 09:26:48.254872,0.059342882076368564,1608.3170882436527,1608.2548721294797
2026-05-04 09:26:48.434950,0.30315284911775586,1608.7381024351344,1608.4349495860165
2026-05-04 09:26:50.248369,0.05209217190817376,1610.300460959588,1610.2483687876797
2026-05-04 09:26:50.614012,0.27448599539767476,1610.8884975269857,1610.614011531588
2026-05-04 09:26:50.696910,0.5169532341164519,1611.4054507611022,1610.6969097468943
2026-05-04 09:26:51.389912,0.006663923996255036,1611.4121146850985,1611.3899118112786
2026-05-04 09:26:51.489620,0.0013602712040263788,1611.4909806704964,1611.4896203992923
2026-05-04 09:26:51.502457,0.09859397263802032,1611.601051153249,1611.502457180611
2026-05-04 09:26:52.461202,0.22035407493504877,1612.681555744752,1612.4612016698168
2026-05-04 09:26:52.580932,0.009819025909258547,1612.6913747706612,1612.5809318272798
2026-05-04 09:26:53.131808,0.19264732667551074,1613.3244551601588,1613.1318078334832
2026-05-04 09:26:53.241882,0.1354297342120134,1613.4598848943708,1613.2418816209185
2026-05-04 09:26:53.733027,0.308582102785215,1614.0416087581264,1613.733026655341
2026-05-04 09:26:53.886034,0.6548153767655798,1614.696424134892,1613.8860335984273
2026-05-04 09:26:54.683154,0.20691390029672652,1614.9033380351887,1614.6831542454772
2026-05-04 09:26:55.177615,0.25440971259301437,1615.4320246734123,1615.1776149608193
2026-05-04 09:26:55.622110,0.0711755472230343,1615.6932858276923,1615.6221102804693
2026-05-04 09:26:55.828958,0.40386295236017933,1616.232821071765,1615.828958119405
2026-05-04 09:26:56.071095,0.20352181910568423,1616.4363428908707,1616.0710952322252
2026-05-04 09:26:56.113920,0.23377794660646828,1616.6701208374773,1616.11392039177
2026-05-04 09:26:56.630021,0.10034604881818315,1616.7704668862955,1616.6300206673686
2026-05-04 09:26:56.723664,0.002630096373675656,1616.7730969826691,1616.7236644976397
2026-05-04 09:26:57.037805,0.04578553257447798,1617.0835904372238,1617.0378049046494
2026-05-04 09:26:57.164532,0.09661751415924197,1617.261149785279,1617.1645322711197
2026-05-04 09:26:57.430965,0.018691303597457527,1617.4496567444096,1617.430965440812
2026-05-04 09:26:57.997288,0.1358271868551033,1618.133115551563,1617.9972883647079
2026-05-04 09:26:58.683202,0.005450832429972641,1618.6886525199513,1618.6832016875214
2026-05-04 09:26:58.784686,0.08044820409191808,1618.8651343751283,1618.7846861710364
2026-05-04 09:26:58.974973,0.02430644743620204,1618.999279657381,1618.974973209945
2026-05-04 09:26:59.344593,0.647598754876642,1619.9921913333264,1619.3445925784497
2026-05-04 09:26:59.478108,0.01607464853390887,1620.0082659818604,1619.4781082703928
2026-05-04 09:26:59.598267,0.46893040977844225,1620.477196391639,1619.598266875141
2026-05-04 09:27:00.445898,0.1555830282687608,1620.6327794199076,1620.4458984191251
2026-05-04 09:27:00.767959,0.1340812356474658,1620.9020404908597,1620.7679592552122
2026-05-04 09:27:00.867789,1.7813494165180916,1622.683389907378,1620.8677893032134
2026-05-04 09:27:01.024949,0.12166289342617582,1622.805052800804,1621.0249492405394
2026-05-04 09:27:01.378355,0.1532249267264831,1622.9582777275307,1621.3783553036387
2026-05-04 09:27:01.457562,0.1872456194084351,1623.1455233469392,1621.4575617739729
2026-05-04 09:27:01.797454,0.20849655421649047,1623.3540199011557,1621.7974541666426
2026-05-04 09:27:02.004941,0.5808368344587278,1623.9348567356144,1622.0049414909581
2026-05-04 09:27:02.190404,0.20171820827988582,1624.1365749438944,1622.1904044629805
2026-05-04 09:27:02.563356,0.2114006810797839,1624.3479756249742,1622.5633555735772
2026-05-04 09:27:03.071987,0.03979256659827199,1624.3877681915724,1623.0719871555116
2026-05-04 09:27:03.108670,0.012314835536097732,1624.4000830271084,1623.1086703015662
2026-05-04 09:27:03.295069,0.08769893178749089,1624.487781958896,1623.2950693579282
2026-05-04 09:27:03.833706,0.7060759379335697,1625.1938578968295,1623.8337062242697
2026-05-04 09:27:03.897811,0.07289047933747682,1625.266748376167,1623.8978114442968
2026-05-04 09:27:04.050748,0.32417794574298103,1625.59092632191,1624.050747592828
2026-05-04 09:27:04.280295,0.9320839281510166,1626.5230102500611,1624.280295096596
2026-05-04 09:27:05.442301,0.09993980398182073,1626.622950054043,1625.442300840294
2026-05-04 09:27:06.189482,0.3828766956637353,1627.0058267497068,1626.1894819983142
2026-05-04 09:27:06.354744,0.6074357904302022,1627.613262540137,1626.354744410508
2026-05-04 09:27:07.243370,0.06064488608633489,1627.6739074262232,1627.2433701322418
2026-05-04 09:27:07.913363,0.49144017818744673,1628.4048032441203,1627.9133630659328
2026-05-04 09:27:08.438785,0.20131573411891324,1628.6401006492038,1628.4387849150849
2026-05-04 09:27:09.180816,0.20857314541944444,1629.3893886512005,1629.180815505781
2026-05-04 09:27:09.698292,0.029859321793885226,1629.7281510991877,1629.6982917773937
2026-05-04 09:27:09.842125,0.18009557953189245,1630.0222206311862,1629.8421250516544
2026-05-04 09:27:09.950473,0.1458991957149945,1630.1681198269011,1629.9504732965472
2026-05-04 09:27:10.027030,0.0075630510831289095,1630.1756828779842,1630.0270300967634
2026-05-04 09:27:10.084851,0.1041600183255282,1630.2798428963097,1630.084850517007
2026-05-04 09:27:10.449904,0.10185361867691667,1630.5517572324816,1630.4499036138047
2026-05-04 09:27:10.944975,0.3053784180482045,1631.2503537773057,1630.9449753592576
2026-05-04 09:27:11.032660,0.041993482871398556,1631.2923472601772,1631.0326600797846
2026-05-04 09:27:11.299129,0.3499716371211682,1631.6491007126194,1631.2991290754983
2026-05-04 09:27:11.990540,0.13111526656435069,1632.1216554091516,1631.9905401425872
2026-05-04 09:27:12.408220,0.46751578892325396,1632.8757358595744,1632.4082200706512
2026-05-04 09:27:12.575743,0.08418224977378957,1632.9599181093483,1632.5757428827765
2026-05-04 09:27:12.934615,0.1223478567117321,1633.08226596606,1632.9346154973957
2026-05-04 09:27:12.990402,0.20502772029597538,1633.287293686356,1632.9904019462563
2026-05-04 09:27:13.605214,0.03494543474946144,1633.6401591670297,1633.6052137322802
2026-05-04 09:27:14.652241,0.06787604901328863,1634.720117495333,1634.6522414463197
2026-05-04 09:27:15.034476,0.4656031995315818,1635.5000790347065,1635.0344758351748
2026-05-04 09:27:15.052907,0.5187497593509316,1636.0188287940573,1635.052906633992
2026-05-04 09:27:15.066459,0.04722007815116688,1636.0660488722085,1635.0664590885212
2026-05-04 09:27:15.116069,0.3071887191230063,1636.3732375913314,1635.116068889658
2026-05-04 09:27:16.327960,0.1484774862342789,1636.5217150775657,1636.327960175047
2026-05-04 09:27:16.443028,0.10978421958941065,1636.631499297155,1636.4430280726715
2026-05-04 09:27:16.816883,0.14650817503803368,1636.9633916442604,1636.8168834692224
2026-05-04 09:27:18.507760,0.20997476439547522,1638.7177345078182,1638.5077597434229
2026-05-04 09:27:18.781023,0.2219811607534671,1639.0030042121132,1638.7810230513596
2026-05-04 09:27:19.297769,0.2933486601322941,1639.5911175748452,1639.2977689147128
2026-05-04 09:27:19.846010,0.06742053189404638,1639.9134301023432,1639.8460095704493
2026-05-04 09:27:19.960419,0.07771861789213148,1640.038137323226,1639.960418705334
2026-05-04 09:27:20.009737,0.18455595673888303,1640.222693279965,1640.0097370468616
2026-05-04 09:27:20.467395,0.27028146946354725,1640.7376764681555,1640.467394998692
2026-05-04 09:27:21.528509,0.21453871746448272,1641.7430477453697,1641.5285090279053
2026-05-04 09:27:21.631637,0.0744533200212276,1641.8175010653908,1641.6316371384517
2026-05-04 09:27:21.746268,0.11976274694305718,1641.9372638123339,1641.7462680169515
2026-05-04 09:27:21.984401,0.3597025712555566,1642.3441036076467,1641.984401036391
2026-05-04 09:27:22.315520,0.18487484269628962,1642.528978450343,1642.3155197753933
2026-05-04 09:27:22.561426,0.8821300504619606,1643.4435555818181,1642.5614255313562
2026-05-04 09:27:22.829197,0.12869882617213138,1643.5722544079904,1642.8291970711389
2026-05-04 09:27:22.839646,0.17451649035732963,1643.7467708983477,1642.83964575497
2026-05-04 09:27:23.779047,0.08220778428152038,1643.8612542889896,1643.779046504708
2026-05-04 09:27:24.015838,0.08896314701386744,1644.1048008634189,1644.015837716405
2026-05-04 09:27:24.256875,0.09740305827609638,1644.3542781255821,1644.256875067306
2026-05-04 09:27:24.642222,0.8198417299810281,1645.4620637764367,1644.6422220464556
2026-05-04 09:27:24.936484,0.08255877269731877,1645.544622549134,1644.9364836356153
2026-05-04 09:27:25.360464,0.43285558980259015,1645.9774781389365,1645.3604640223114
2026-05-04 09:27:25.575810,0.6210091285320689,1646.5984872674685,1645.5758101592278
2026-05-04 09:27:28.140942,1.1262338896636033,1649.2671761501065,1648.140942260443
2026-05-04 09:27:29.013850,0.15876413210078447,1649.4259402822072,1649.0138499649527
2026-05-04 09:27:29.212199,0.4016325484819014,1649.8275728306892,1649.2121993287833
2026-05-04 09:27:29.243616,0.27573530653340195,1650.1033081372225,1649.2436159106755
2026-05-04 09:27:29.277574,0.015078049309813352,1650.1183861865322,1649.2775742322515
2026-05-04 09:27:29.582802,0.3170848745411539,1650.4354710610735,1649.5828021719446
2026-05-04 09:27:29.882759,0.056887151859021205,1650.4923582129325,1649.8827588918214
2026-05-04 09:27:30.264973,0.02846434306507964,1650.5208225559975,1650.2649731427575
2026-05-04 09:27:30.282609,0.0825866742293982,1650.6034092302268,1650.2826086535713
2026-05-04 09:27:30.610114,0.021585024919582335,1650.6316988056199,1650.6101137807002
2026-05-04 09:27:30.717012,0.29204323257686976,1651.0090555513318,1650.717012318755
2026-05-04 09:27:31.367594,0.3173048696227094,1651.684898890709,1651.3675940210865
2026-05-04 09:27:31.492310,0.0487270797728763,1651.7336259704819,1651.4923103529256
2026-05-04 09:27:32.148671,0.06578510668760996,1652.214456368123,1652.1486712614353
2026-05-04 09:27:32.254956,0.020950900776388295,1652.2759066138826,1652.2549557131063
2026-05-04 09:27:32.788820,0.28819105600361644,1653.0770110361705,1652.7888199801669
2026-05-04 09:27:32.963393,0.26094709106979547,1653.3379581272402,1652.9633933691664
2026-05-04 09:27:33.023901,0.00385091912209219,1653.3418090463622,1653.0239005626468
2026-05-04 09:27:33.158193,0.04436551349477774,1653.386174559857,1653.1581929352365
2026-05-04 09:27:33.181065,0.05708121352535,1653.4432557733824,1653.1810649339043
2026-05-04 09:27:33.285337,0.07127353726691846,1653.5145293106493,1653.2853365436067
2026-05-04 09:27:33.446064,0.37155000988804326,1653.8860793205374,1653.4460639947085
2026-05-04 09:27:33.642605,0.04984017985888965,1653.9359195003963,1653.6426053438856
2026-05-04 09:27:33.654438,0.6163918230002347,1654.5523113233965,1653.6544376466732
2026-05-04 09:27:33.817770,0.1169522629917777,1654.6692635863883,1653.8177704659506
2026-05-04 09:27:33.916438,0.19316164216730528,1654.8624252285556,1653.916437870385
2026-05-04 09:27:34.187128,0.1450638344536732,1655.0074890630092,1654.1871278014546
2026-05-04 09:27:34.270000,0.056244095280192155,1655.0637331582893,1654.2699997359696
2026-05-04 09:27:34.328954,0.07614656951146795,1655.1398797278007,1654.328954368857
2026-05-04 09:27:34.346747,0.03308398992832157,1655.172963717729,1654.3467472231418
2026-05-04 09:27:35.044848,0.10083016191157812,1655.2737938796406,1655.0448480356438
2026-05-04 09:27:35.588629,0.3366902642411129,1655.9253189317378,1655.5886286674968
2026-05-04 09:27:35.730516,0.24562953682111963,1656.170948468559,1655.7305163046015
2026-05-04 09:27:35.886622,0.95016696895827,1657.1211154375171,1655.8866220777782
2026-05-04 09:27:36.034965,0.07232051608143397,1657.1934359535985,1656.0349652446682
2026-05-04 09:27:36.192480,0.28066792831022114,1657.4741038819088,1656.1924801778368
2026-05-04 09:27:36.203918,0.13591587923480608,1657.6100197611436,1656.2039176396959
2026-05-04 09:27:36.896008,0.03241233137723353,1657.6424320925207,1656.8960075076805
2026-05-04 09:27:37.229228,0.2555757854461513,1657.8980078779668,1657.2292283699153
2026-05-04 09:27:37.324709,0.06546372226425559,1657.963471600231,1657.324708675615
2026-05-04 09:27:37.533149,0.21043652569601537,1658.173908125927,1657.5331486952898
2026-05-04 09:27:37.889933,0.3332745394501493,1658.5071826653773,1657.8899327882614
2026-05-04 09:27:39.488976,0.13998736419786104,1659.6289632248154,1659.4889758606175
2026-05-04 09:27:39.636813,0.7682899589208745,1660.4051031294211,1659.6368131705003
2026-05-04 09:27:39.677739,0.01584411663395746,1660.4209472460552,1659.6777390436973
2026-05-04 09:27:39.784216,0.14367317455268214,1660.564620420608,1659.7842162561767
2026-05-04 09:27:39.841635,0.058019918543605345,1660.6226403391515,1659.8416347872449
2026-05-04 09:27:40.308648,0.11401132002295056,1660.7366516591744,1660.3086479980955
2026-05-04 09:27:41.063114,0.36606281999818957,1661.4291769980491,1661.063114178051
2026-05-04 09:27:41.233657,0.15326290402489173,1661.582439902074,1661.2336566316715
2026-05-04 09:27:42.035909,0.2789336699358185,1662.3148426212556,1662.0359089513197
2026-05-04 09:27:42.068947,0.3743625714119651,1662.6892051926675,1662.068947488028
2026-05-04 09:27:42.545905,0.03645936039003685,1662.7256645530574,1662.545904912994
2026-05-04 09:27:42.555580,0.2535312367578328,1662.9791957898153,1662.5555796633037
2026-05-04 09:27:42.815248,0.049119851092356705,1663.0283156409077,1662.8152475364436
2026-05-04 09:27:43.780687,0.027116742552771474,1663.8078041124195,1663.7806873698667
2026-05-04 09:27:44.073585,0.2686370649932751,1664.3422220022517,1664.0735849372584
2026-05-04 09:27:44.210231,0.13743043850244505,1664.479652440754,1664.2102308842377
2026-05-04 09:27:44.469630,0.9070236891085888,1665.3866761298627,1664.4696295866188
2026-05-04 09:27:44.623003,0.07390845137590958,1665.4605845812387,1664.6230031883395
2026-05-04 09:27:44.855650,0.1681087691586447,1665.6286933503973,1664.8556502629026
2026-05-04 09:27:45.329256,0.01739671314709167,1665.6460900635443,1665.3292562453132
2026-05-04 09:27:45.588726,0.4773772425148701,1666.1234673060592,1665.5887256853716
2026-05-04 09:27:45.611414,0.011203426476065485,1666.1346707325351,1665.6114141840392
2026-05-04 09:27:46.308091,0.1829897435077239,1666.4910805779323,1666.3080908344245
2026-05-04 09:27:46.777536,0.05524375868341478,1666.832779791644,1666.7775360329606
2026-05-04 09:27:48.032573,0.5249527413106805,1668.5575254298933,1668.0325726885826
2026-05-04 09:27:49.086657,0.25588535940845686,1669.3425421407467,1669.0866567813382
2026-05-04 09:27:49.669459,0.1426142413453354,1669.8120733330716,1669.6694590917261
2026-05-04 09:27:49.833553,0.1844856819967149,1670.0180387962746,1669.833553114278
2026-05-04 09:27:49.840474,0.007187516276401543,1670.025226312551,1669.84047415992
2026-05-04 09:27:50.598157,0.004802072160374119,1670.6029591152223,1670.598157043062
2026-05-04 09:27:50.608956,0.028915861128405596,1670.6378716752713,1670.608955814143
2026-05-04 09:27:50.740736,0.09830177766900898,1670.8390380399119,1670.7407362622428
2026-05-04 09:27:50.746022,0.02179886274545646,1670.8608369026574,1670.7460222715763
2026-05-04 09:27:50.874723,0.07791748329577526,1670.9526404909511,1670.8747230076553
2026-05-04 09:27:51.433417,0.014364248276876476,1671.447781726978,1671.4334174787011
2026-05-04 09:27:51.735657,0.030439782072498645,1671.7660971682014,1671.7356573861289
2026-05-04 09:27:52.625691,0.33895539822801773,1672.9646467748962,1672.625691376668
2026-05-04 09:27:53.148991,0.013448741061102788,1673.1624402314842,1673.148991490423
2026-05-04 09:27:54.068315,0.08070831561589681,1674.149023806361,1674.068315490745
2026-05-04 09:27:54.520687,0.09718535681469892,1674.6178723523149,1674.5206869955002
2026-05-04 09:27:54.621553,0.0872446710353551,1674.7087977254532,1674.621553054418
2026-05-04 09:27:54.665275,0.11831958539652568,1674.8271173108496,1674.6652754487272
2026-05-04 09:27:54.669719,0.2359376125264776,1675.063054923376,1674.6697190555867
2026-05-04 09:27:54.690965,0.05377473610204463,1675.116829659478,1674.6909646591646
2026-05-04 09:27:54.955529,0.1736667642996332,1675.2904964237778,1674.9555293372364
2026-05-04 09:27:55.111427,0.2781758338762314,1675.568672257654,1675.11142749759
2026-05-04 09:27:55.722124,0.2511377631501283,1675.9732613684887,1675.7221236053385
2026-05-04 09:27:56.193682,0.046946054843594355,1676.240627747777,1676.1936816929333
2026-05-04 09:27:56.350645,0.14597368814436038,1676.4966184632185,1676.3506447750742
2026-05-04 09:27:56.643603,0.11927538028932944,1676.7628780524694,1676.6436026721801
2026-05-04 09:27:56.889863,0.07120051470476653,1676.9610631651108,1676.889862650406
2026-05-04 09:27:57.212707,0.6375011375321272,1677.8502086050612,1677.212707467529
2026-05-04 09:27:57.859720,0.3474382877085009,1678.207158308983,1677.8597200212746
2026-05-04 09:27:57.916629,0.17811022106730273,1678.3852685300503,1677.9166286864618
2026-05-04 09:27:58.270211,0.18720244340209052,1678.5724709734525,1678.2702108599779
2026-05-04 09:27:58.536254,0.0006749401748971836,1678.5731459136273,1678.536253826978
2026-05-04 09:27:58.536687,0.03270180881032647,1678.6058477224376,1678.5366870900825
2026-05-04 09:27:59.809918,0.12376548348024313,1679.933683242461,1679.8099177589809
2026-05-04 09:27:59.922977,0.051380335306249816,1679.9850635777673,1679.922976810274
2026-05-04 09:28:00.041307,0.1116374465081024,1680.1529444407433,1680.0413069942351
2026-05-04 09:28:00.443097,0.08386524547839005,1680.5269623337954,1680.443097088317
2026-05-04 09:28:01.233470,0.04792019994336771,1681.2813905397106,1681.2334703397673
2026-05-04 09:28:01.303860,0.04126764761202367,1681.3451277779589,1681.3038601303467
2026-05-04 09:28:02.698018,0.030641558029062512,1682.7286600418702,1682.698018483841
2026-05-04 09:28:02.961121,0.01993028625682783,1682.98105085239,1682.961120566133
2026-05-04 09:28:03.018936,0.03443410930988599,1683.0533704563356,1683.0189363470258
2026-05-04 09:28:03.280083,0.03220809417308659,1683.3122915313782,1683.2800834372051
2026-05-04 09:28:03.345967,0.04185797241522646,1683.387824998284,1683.3459670258687
2026-05-04 09:28:03.375205,0.15361378282767785,1683.5414387811118,1683.3752051412705
2026-05-04 09:28:03.796951,0.02320019151695281,1683.8201512753988,1683.7969510838818
2026-05-04 09:28:04.170841,0.04964772174019421,1684.220489200598,1684.1708414788577
2026-05-04 09:28:04.172103,1.0558509071201303,1685.2763401077182,1684.172102648073
2026-05-04 09:28:04.440465,0.17837152644053478,1685.4547116341587,1684.440464885162
2026-05-04 09:28:04.849374,0.08840536254086917,1685.5431169966996,1684.849373570129
2026-05-04 09:28:05.126786,0.5932254485014428,1686.136342445201,1685.1267856635798
2026-05-04 09:28:05.182761,0.07975870675232813,1686.2161011519534,1685.1827611797914
2026-05-04 09:28:05.227213,0.052562936770786085,1686.268664088724,1685.2272127094866
2026-05-04 09:28:05.442385,1.0772129135777837,1687.345877002302,1685.4423847114626
2026-05-04 09:28:06.040737,0.0860230124013735,1687.4319000147034,1686.0407371148133
2026-05-04 09:28:06.340249,1.0946190239217095,1688.526519038625,1686.3402487525493
2026-05-04 09:28:07.349015,0.2397659602693313,1688.7662849988944,1687.3490148200663
2026-05-04 09:28:07.440274,0.2481919815992915,1689.0144769804938,1687.440274407907
2026-05-04 09:28:07.476800,0.254959792660661,1689.2694367731544,1687.4767995055636
2026-05-04 09:28:07.848753,0.13510615347204502,1689.4045429266264,1687.848752937322
2026-05-04 09:28:07.936228,0.44530218731369653,1689.84984511394,1687.9362277205094
2026-05-04 09:28:08.733481,0.1769225117842267,1690.0267676257242,1688.7334812016795
2026-05-04 09:28:09.288802,0.5794589382753148,1690.6062265639996,1689.288801985314
2026-05-04 09:28:09.444683,0.3243621095430079,1690.9305886735426,1689.444682680754
2026-05-04 09:28:09.688437,0.31581392123609847,1691.2464025947786,1689.6884367669566
2026-05-04 09:28:09.732242,0.04069734898443323,1691.287099943763,1689.7322424399922
2026-05-04 09:28:09.815222,0.02806926881786852,1691.315169212581,1689.8152221618368
2026-05-04 09:28:09.887057,0.13207491217104128,1691.447244124752,1689.8870574599573
2026-05-04 09:28:10.272060,0.25452201036181127,1691.7017661351138,1690.2720603224668
2026-05-04 09:28:10.450419,0.0023274802803344963,1691.7040936153942,1690.4504186085926
2026-05-04 09:28:10.666281,0.5362107610012165,1692.2403043763954,1690.6662806631948
2026-05-04 09:28:10.802476,0.044151176171551176,1692.284455552567,1690.802476402572
2026-05-04 09:28:11.363135,0.1620036621362111,1692.446459214703,1691.363134765851
2026-05-04 09:28:12.000920,0.0889555187189347,1692.535414733422,1692.0009203467712
2026-05-04 09:28:12.262530,0.05834005081911218,1692.5937547842411,1692.2625303418126
2026-05-04 09:28:12.920680,0.08464125169691794,1693.0053207539677,1692.9206795022708
2026-05-04 09:28:12.933792,0.08733672796809734,1693.0926574819357,1692.9337924558347
2026-05-04 09:28:12.939796,0.32841475680963345,1693.4210722387454,1692.9397961074144
2026-05-04 09:28:13.091688,0.2996437265566915,1693.7207159653021,1693.0916880053828
2026-05-04 09:28:13.521687,0.41060550459059075,1694.1313214698928,1693.521687100808
2026-05-04 09:28:13.873844,0.03241356922532155,1694.1637350391181,1693.8738442773154
2026-05-04 09:28:13.950273,0.10651952387811466,1694.2702545629963,1693.9502726598046
2026-05-04 09:28:14.296968,0.26164127875702825,1694.5586087808733,1694.2969675021163
2026-05-04 09:28:14.734095,0.32526451628160197,1695.0593593910075,1694.734094874726
2026-05-04 09:28:15.537365,0.10060273391032715,1695.6379672599248,1695.5373645260145
2026-05-04 09:28:15.806800,0.8236089871262229,1696.6304091937716,1695.8068002066454
2026-05-04 09:28:16.032275,0.6276229335644974,1697.258032127336,1696.032275151152
2026-05-04 09:28:16.970938,0.4022219392014476,1697.6602540665374,1696.970937735391
2026-05-04 09:28:18.401162,0.003925323566039702,1698.4050872866633,1698.4011619630971
2026-05-04 09:28:18.445174,0.013250225374844882,1698.4584245776748,1698.4451743523
2026-05-04 09:28:20.026319,0.2646469092911825,1700.2909654234568,1700.0263185141655
2026-05-04 09:28:20.183804,0.15270143256481378,1700.4436668560215,1700.183803824259
2026-05-04 09:28:20.286627,0.17516961784910348,1700.6188364738707,1700.286626800249
2026-05-04 09:28:20.519278,0.12080505888875209,1700.7396415327594,1700.519278128973
2026-05-04 09:28:20.638517,0.02813096705099981,1700.7677724998105,1700.6385168623854
2026-05-04 09:28:20.820205,0.005936383391818093,1700.8261412951301,1700.8202049117383
2026-05-04 09:28:21.828650,0.9830088115127291,1702.8116586460287,1701.828649834516
2026-05-04 09:28:21.939230,0.038958404171378,1702.8506170502,1701.9392295626953
2026-05-04 09:28:22.337070,0.046748792714372434,1702.8973658429145,1702.3370697343264
2026-05-04 09:28:22.694428,0.04389073351798142,1702.9412565764326,1702.6944279413015
2026-05-04 09:28:22.826814,0.16630223547297984,1703.1075588119056,1702.8268140095886
2026-05-04 09:28:23.168495,0.6511469761573462,1703.8196421268124,1703.168495150655
2026-05-04 09:28:23.345802,0.26345084539073355,1704.083092972203,1703.345801638755
2026-05-04 09:28:23.522700,0.6233137234959182,1704.706406695699,1703.5227001732258
2026-05-04 09:28:23.778526,0.09612467334754556,1704.8025313690464,1703.778526271932
2026-05-04 09:28:24.371689,0.4192357691442764,1705.2217671381907,1704.3716892342934
2026-05-04 09:28:24.426458,0.2553022651197947,1705.4770694033105,1704.4264582439898
2026-05-04 09:28:24.519567,0.01189916072471022,1705.488968564035,1704.5195668341653
2026-05-04 09:28:24.669458,1.0044842195857846,1706.4934527836208,1704.6694582618625
2026-05-04 09:28:24.781476,0.10290790855075878,1706.5963606921716,1704.7814764300556
2026-05-04 09:28:25.299029,0.47882849377382297,1707.0751891859454,1705.299028766919
2026-05-04 09:28:25.658966,0.07099455838671712,1707.1461837443321,1705.6589664126739
2026-05-04 09:28:25.945813,0.14047066655616516,1707.2866544108883,1705.9458131124254
2026-05-04 09:28:26.683627,0.0975425428478926,1707.3841969537361,1706.6836273560302
2026-05-04 09:28:26.810678,0.009987817305735378,1707.3941847710419,1706.8106784770946
2026-05-04 09:28:27.075682,0.5724176738489092,1707.9666024448907,1707.0756819602304
2026-05-04 09:28:27.320130,0.12112614589956464,1708.0877285907902,1707.3201302692246
2026-05-04 09:28:27.590153,0.1735922866610049,1708.2613208774512,1707.5901534871596
2026-05-04 09:28:28.133647,0.5773346783635692,1708.8386555558147,1708.1336472551973
2026-05-04 09:28:28.179334,0.31140228786337937,1709.150057843678,1708.1793337328036
2026-05-04 09:28:28.538568,0.38998763303709705,1709.5400454767152,1708.5385675330037
2026-05-04 09:28:28.710463,0.3267433003978214,1709.866788777113,1708.710463231398
2026-05-04 09:28:29.030177,0.35462022104189067,1710.2214089981549,1709.0301773905912
2026-05-04 09:28:29.546308,0.27128599634030526,1710.4926949944952,1709.5463084925861
2026-05-04 09:28:30.317044,0.5312208264663774,1711.0239158209615,1710.3170443563122
2026-05-04 09:28:30.660602,0.20836431975264025,1711.2322801407142,1710.6606019081785
2026-05-04 09:28:31.172278,0.6720350246499347,1711.904315165364,1711.1722782368342
2026-05-04 09:28:31.583317,0.31391361968218084,1712.2182287850462,1711.5833165261772
2026-05-04 09:28:31.865200,0.1668413572715547,1712.3850701423178,1711.8652002700244
2026-05-04 09:28:31.906084,0.003824225434202785,1712.388894367752,1711.906084001417
2026-05-04 09:28:31.959959,0.600209408994933,1712.989103776747,1711.9599591464373
2026-05-04 09:28:32.199433,0.17324534204167796,1713.1623491187886,1712.199432870793
2026-05-04 09:28:33.544006,0.06641856219012596,1713.6104244471967,1713.5440058850065
2026-05-04 09:28:33.732271,0.1514732048768418,1713.883744611727,1713.7322714068503
2026-05-04 09:28:34.090534,0.053494045063204335,1714.1440281684877,1714.0905341234245
2026-05-04 09:28:34.294935,0.26863749729313197,1714.5635727135998,1714.2949352163066
2026-05-04 09:28:35.966612,0.09312893515112258,1716.059740540686,1715.966611605535
2026-05-04 09:28:36.247547,0.754093654133021,1717.0016409937557,1716.2475473396228
2026-05-04 09:28:36.991565,0.23801732113325982,1717.2396583148889,1716.9915653475657
2026-05-04 09:28:37.331246,0.2110134313982399,1717.542259183659,1717.3312457522609
2026-05-04 09:28:37.345346,0.147303201512551,1717.6895623851717,1717.3453455475978
2026-05-04 09:28:39.348916,0.07094760178398866,1719.419863503284,1719.3489159015
2026-05-04 09:28:39.390680,0.09298084842439433,1719.5128443517083,1719.390679662009
2026-05-04 09:28:39.585841,0.06649267857964168,1719.6523335507798,1719.5858408722002
2026-05-04 09:28:40.096374,0.016628212886353952,1720.1130021098459,1720.0963738969594
2026-05-04 09:28:40.144795,0.22715474628556243,1720.3719498168218,1720.1447950705362
2026-05-04 09:28:40.275446,0.08011402684660845,1720.4520638436684,1720.275445901822
2026-05-04 09:28:40.458680,0.15902206618364528,1720.6177018880883,1720.4586798219045
2026-05-04 09:28:40.600792,0.04378723744545366,1720.6614891255338,1720.6007919516705
2026-05-04 09:28:41.103904,0.007727667367718887,1721.1116313194125,1721.1039036520447
2026-05-04 09:28:41.307263,0.18077093218808682,1721.488033614814,1721.3072626826258
2026-05-04 09:28:41.614619,0.025061670524287684,1721.6396805740703,1721.614618903546
2026-05-04 09:28:42.087108,0.14560920752520604,1722.2327167850767,1722.0871075775515
2026-05-04 09:28:42.299692,0.1017285091342538,1722.4014206427353,1722.299692133601
2026-05-04 09:28:43.097424,0.09874336183362838,1723.196166997652,1723.0974236358184
2026-05-04 09:28:43.179287,0.20980361015520474,1723.4059706078071,1723.1792873788156
2026-05-04 09:28:43.565459,0.16259354748307236,1723.7280525792908,1723.5654590318077
2026-05-04 09:28:43.652016,0.14021935610948988,1723.8682719354003,1723.6520157071054
2026-05-04 09:28:43.760349,0.32129249257000114,1724.1895644279703,1723.7603491485436
2026-05-04 09:28:44.239813,0.18089691449272036,1724.4207096069122,1724.2398126924195
2026-05-04 09:28:44.280903,0.08884139396842317,1724.5095510008805,1724.280903080474
2026-05-04 09:28:45.406344,0.1583030364935338,1725.5646474408043,1725.4063444043106
2026-05-04 09:28:45.700431,0.23278431850456027,1725.9332152793947,1725.7004309608901
2026-05-04 09:28:45.770341,0.19714311877641297,1726.1303583981712,1725.7703411318757
2026-05-04 09:28:45.931735,0.24685399966750865,1726.3772123978388,1725.931735372468
2026-05-04 09:28:46.235707,0.03041908001066675,1726.4076314778495,1726.235707108433
2026-05-04 09:28:46.709374,0.4131905936142703,1727.1225641561914,1726.7093735625772
2026-05-04 09:28:46.906890,0.039229617872063846,1727.1617937740634,1726.9068904860924
2026-05-04 09:28:47.250766,0.425392753380402,1727.676158653137,1727.2507658997565
2026-05-04 09:28:48.978624,0.20583313021314056,1729.1844575029247,1728.9786243727115
2026-05-04 09:28:49.269506,0.04118217721152979,1729.310688659889,1729.2695064826773
2026-05-04 09:28:49.837447,0.020975134000591318,1729.858422205601,1729.8374470716005
2026-05-04 09:28:50.212779,0.11944752411591851,1730.3322269622438,1730.2127794381279
2026-05-04 09:28:50.593884,0.10044999271546545,1730.694334197864,1730.5938842051485
2026-05-04 09:28:50.950845,0.4402332766924083,1731.391078766837,1730.9508454901445
2026-05-04 09:28:51.586010,0.019782903585330004,1731.6057931740258,1731.5860102704405
2026-05-04 09:28:51.764220,0.3878880026827776,1732.1521082795791,1731.7642202768964
2026-05-04 09:28:52.099687,0.3793970465064263,1732.5315053260856,1732.0996868344837
2026-05-04 09:28:52.428729,0.23864826950978613,1732.7701535955955,1732.4287288450555
2026-05-04 09:28:52.872774,0.1460118449619227,1733.0187853709124,1732.8727735259504
2026-05-04 09:28:53.179544,0.581720339551416,1733.761263899999,1733.1795435604477
2026-05-04 09:28:53.306131,0.032637948211883226,1733.793901848211,1733.3061309324978
2026-05-04 09:28:53.346835,0.002732833504856831,1733.7966346817157,1733.3468349457712
2026-05-04 09:28:54.105195,0.2076662371395432,1734.31286089312,1734.1051946559803
2026-05-04 09:28:54.155402,0.33405358277250674,1734.6469144758923,1734.1554022893126
2026-05-04 09:28:54.488930,0.28553842811216595,1734.9324529040045,1734.4889303400769
2026-05-04 09:28:54.514251,0.207399206345898,1735.1398521103504,1734.5142507743828
2026-05-04 09:28:54.691727,0.07337794816354881,1735.213230058514,1734.6917272449023
2026-05-04 09:28:55.690438,0.12120788427129725,1735.8116463771798,1735.6904384929085
2026-05-04 09:28:56.008924,0.15862399569565944,1736.1675484926238,1736.008924496928
2026-05-04 09:28:56.149216,0.1405534182009216,1736.3081019108247,1736.1492159160834
2026-05-04 09:28:56.268146,0.07062650635910452,1736.3787284171838,1736.2681463080182
2026-05-04 09:28:57.364928,0.4623909914367854,1737.8273191751803,1737.3649281837436
2026-05-04 09:28:57.377536,0.35493882828174234,1738.182258003462,1737.3775363799418
2026-05-04 09:28:58.332027,0.17517592458308093,1738.5072033817466,1738.3320274571636
2026-05-04 09:28:59.651913,0.1638864095531475,1739.8157990775862,1739.651912668033
2026-05-04 09:28:59.671274,0.019942043906637515,1739.835741121493,1739.6712736204145
2026-05-04 09:29:00.238285,0.19743323591607184,1740.4357187013745,1740.2382854654584
2026-05-04 09:29:00.461967,0.5480065144235677,1741.0099735387084,1740.4619670242848
2026-05-04 09:29:01.315412,0.19824590584781615,1741.513657810509,1741.315411904661
2026-05-04 09:29:01.749240,0.8031167094234889,1742.5523570240855,1741.749240314662
2026-05-04 09:29:01.835866,0.38344377575963806,1742.935800799845,1741.8358662650212
2026-05-04 09:29:01.905910,0.47248841736513864,1743.4082892172103,1741.905909718313
2026-05-04 09:29:01.944345,0.17903269436066105,1743.5873219115708,1741.9443450341057
2026-05-04 09:29:02.182686,0.009567434044895348,1743.5968893456156,1742.182686181141
2026-05-04 09:29:02.459538,0.023165628086869935,1743.6200549737025,1742.4595384591832
2026-05-04 09:29:02.770364,0.2474409776617312,1743.8674959513642,1742.7703642774732
2026-05-04 09:29:02.776418,0.07263699716260238,1743.9401329485268,1742.7764175357365
2026-05-04 09:29:03.039289,0.7357199647530439,1744.6758529132799,1743.039288549565
2026-05-04 09:29:03.423680,0.5075783819221856,1745.1834312952021,1743.4236802968449
2026-05-04 09:29:03.903172,0.07359285967473142,1745.257024154877,1743.9031720939067
2026-05-04 09:29:04.515231,0.1401841654789617,1745.397208320356,1744.5152310578678
2026-05-04 09:29:05.220526,0.10554765986311071,1745.502755980219,1745.2205262683192
2026-05-04 09:29:06.095534,0.04908127645505313,1746.144614903513,1746.0955336270579
2026-05-04 09:29:07.025454,0.04588380520941715,1747.0713374608274,1747.025453655618
2026-05-04 09:29:07.608627,0.030926901055781966,1747.6395536146952,1747.6086267136393
2026-05-04 09:29:07.776910,0.15053311030278457,1747.9274433818357,1747.7769102715329
2026-05-04 09:29:07.807234,0.2670145320921411,1748.1944579139279,1747.8072335153117
2026-05-04 09:29:08.121239,0.32724984346329516,1748.5217077573911,1748.1212392509735
2026-05-04 09:29:08.296830,0.45139233941693296,1748.9731000968081,1748.2968304994786
2026-05-04 09:29:08.947345,0.18661824805035698,1749.1597183448584,1748.9473449256811
2026-05-04 09:29:09.477871,0.09447467234243494,1749.572345255695,1749.4778705833526
2026-05-04 09:29:09.987855,0.5778746042987571,1750.565729386134,1749.9878547818353
2026-05-04 09:29:10.135247,0.12962679789521628,1750.6953561840294,1750.1352469153917
2026-05-04 09:29:10.146859,0.03137025989217613,1750.7267264439215,1750.1468589302617
2026-05-04 09:29:11.404873,0.0059286176041241905,1751.4108017835965,1751.4048731659925
2026-05-04 09:29:11.620199,0.18002144885587362,1751.8002208370121,1751.6201993881564
2026-05-04 09:29:11.980762,0.11512838438598748,1752.0958907035722,1751.9807623191862
2026-05-04 09:29:12.068427,0.16554649855412454,1752.2614372021262,1752.0684265369384
2026-05-04 09:29:12.314770,0.13090268028385907,1752.4456725220439,1752.31476984176
2026-05-04 09:29:12.490223,0.02708659772559239,1752.517310014687,1752.4902234169613
2026-05-04 09:29:13.206309,0.0814471592224503,1753.2877564601984,1753.2063093009758
2026-05-04 09:29:13.606561,0.1322713694477899,1753.7388319568875,1753.6065605874396
2026-05-04 09:29:13.676511,0.22644325339575225,1753.9652752102832,1753.676510550387
2026-05-04 09:29:13.962796,0.13122583309092475,1754.096501043374,1753.962796485511
2026-05-04 09:29:14.009239,0.27044290842259555,1754.3669439517967,1754.0092390258405
2026-05-04 09:29:14.308706,0.1582874834219496,1754.5252314352185,1754.3087057919072
2026-05-04 09:29:14.723161,0.08778293222658594,1754.8109441681365,1754.7231612359099
2026-05-04 09:29:15.158436,0.02095760979881342,1755.1793939235113,1755.1584363137124
2026-05-04 09:29:15.220233,0.028017056159517408,1755.2482498554725,1755.220232799313
2026-05-04 09:29:15.532957,0.04797004294578707,1755.5809269835554,1755.5329569406097
2026-05-04 09:29:16.074380,0.13827847921445943,1756.2126587831767,1756.0743803039622
2026-05-04 09:29:16.137415,0.9276197451534695,1757.14027852833,1756.13741465877
2026-05-04 09:29:16.733895,0.10314366096849398,1757.2434221892986,1756.733894510108
2026-05-04 09:29:16.926153,0.12385129417898538,1757.3672734834777,1756.9261532429148
2026-05-04 09:29:17.463040,0.629347357330726,1758.0923871260388,1757.463039768708
2026-05-04 09:29:17.846058,0.18947893889730238,1758.2818660649361,1757.846058032473
2026-05-04 09:29:18.463789,0.267986968568129,1758.7317762978753,1758.4637893293072
2026-05-04 09:29:18.902247,0.1072147917527515,1759.0094621885112,1758.9022473967584
2026-05-04 09:29:19.404272,0.35290887041584984,1759.7571804174274,1759.4042715470116
2026-05-04 09:29:19.726424,0.009145804545390976,1759.7663262219728,1759.72642426785
2026-05-04 09:29:19.940538,0.056601994897189804,1759.9971395535542,1759.940537558657
2026-05-04 09:29:20.324978,0.7867183300059959,1761.1116966777308,1760.324978347725
2026-05-04 09:29:20.549294,0.23939439276458652,1761.3510910704954,1760.5492935091654
2026-05-04 09:29:20.749707,0.20643675616258902,1761.557527826658,1760.7497072859983
2026-05-04 09:29:20.899566,0.008010752952126683,1761.5655385796101,1760.8995656336658
2026-05-04 09:29:21.113590,0.004297821376072441,1761.569836400986,1761.1135904027583
2026-05-04 09:29:22.214825,6.677840651060365e-05,1762.2148917023615,1762.214824923955
2026-05-04 09:29:22.239171,0.23134638766262056,1762.4705174316998,1762.2391710440372
2026-05-04 09:29:23.623044,0.6143264950793251,1764.2373707238373,1763.623044228758
2026-05-04 09:29:24.029179,0.002013928295336005,1764.2393846521327,1764.029179341963
2026-05-04 09:29:24.041192,0.1470107220872449,1764.38639537422,1764.0411920481304
2026-05-04 09:29:24.075147,0.3734575175923277,1764.7598528918122,1764.0751471169597
2026-05-04 09:29:24.393682,0.004700549632459455,1764.7645534414446,1764.3936815462966
2026-05-04 09:29:24.439349,0.8512694239605315,1765.615822865405,1764.4393489301315
2026-05-04 09:29:25.329714,0.1581253862702655,1765.7739482516754,1765.329713681959
2026-05-04 09:29:25.490443,0.23322023170134765,1766.0071684833767,1765.4904431716245
2026-05-04 09:29:25.527842,0.48444616477213104,1766.491614648149,1765.5278417603286
2026-05-04 09:29:25.657153,0.160098696499928,1766.651713344649,1765.6571527560275
2026-05-04 09:29:26.282159,0.20843739895962227,1766.8601507436085,1766.2821585309243
2026-05-04 09:29:27.198506,0.07006582470558727,1767.2685718836485,1767.198506058943
2026-05-04 09:29:27.259803,0.10229426539634467,1767.3708661490448,1767.2598028989446
2026-05-04 09:29:27.321743,0.3453931802524679,1767.7162593292971,1767.3217433708328
2026-05-04 09:29:27.995443,0.009561962873339963,1768.0050050261975,1767.9954430633243
2026-05-04 09:29:29.569159,0.014623489968772264,1769.583782292312,1769.5691588023433
2026-05-04 09:29:29.666342,0.07821940577480047,1769.7445611787653,1769.6663417729906
2026-05-04 09:29:29.973386,0.7401250416219578,1770.7135108863029,1769.973385844681
2026-05-04 09:29:30.513881,0.22119100755847831,1770.9347018938613,1770.5138806212924
2026-05-04 09:29:31.585024,0.15034600763408276,1771.735370222262,1771.585024214628
2026-05-04 09:29:32.320799,0.0005630846729775701,1772.3213617235995,1772.3207986389266
2026-05-04 09:29:33.823223,0.11356513706145983,1773.9367884049852,1773.8232232679238
2026-05-04 09:29:34.148085,0.3479278850238518,1774.4960125979765,1774.1480847129526
2026-05-04 09:29:34.357242,0.0353716983159686,1774.5313842962923,1774.3572416213738
2026-05-04 09:29:35.059608,0.08079119900298375,1775.1403992447854,1775.0596080457824
2026-05-04 09:29:35.226241,0.09914719062402529,1775.3253877101781,1775.226240519554
2026-05-04 09:29:35.963096,0.43354813894639366,1776.3966440375948,1775.9630958986484
2026-05-04 09:29:36.153747,0.1165945744125371,1776.5132386120074,1776.1537466088303
2026-05-04 09:29:36.184798,0.18790988804408823,1776.7011485000514,1776.1847981217306
2026-05-04 09:29:36.345908,0.4093851212830768,1777.1105336213345,1776.3459077141515
2026-05-04 09:29:37.947175,0.12269834052194505,1778.0698732129465,1777.9471748724245
2026-05-04 09:29:38.043415,0.12458512384456388,1778.194458336791,1778.0434151542302
2026-05-04 09:29:38.762016,0.05759459144796859,1778.8196102187128,1778.7620156272649
2026-05-04 09:29:38.777721,0.00835506869878634,1778.8279652874116,1778.7777211021298
2026-05-04 09:29:39.011308,0.25877964968842043,1779.2700872158293,1779.0113075661409
2026-05-04 09:29:39.725966,0.06361859484576761,1779.789584613738,1779.7259660188922
2026-05-04 09:29:40.089690,0.07276626608440312,1780.162456411697,1780.0896901456124
2026-05-04 09:29:40.116445,0.23009098291462338,1780.3925473946115,1780.116445435953
2026-05-04 09:29:40.154603,0.029969453176958434,1780.4225168477885,1780.154603271214
2026-05-04 09:29:40.322115,0.005468285108078959,1780.4279851328965,1780.322115236121
2026-05-04 09:29:40.384800,0.09282208970085715,1780.5208072225973,1780.384799782963
2026-05-04 09:29:40.485776,0.5682883377003971,1781.0890955602977,1780.4857761845394
2026-05-04 09:29:40.974114,0.09547711130137833,1781.184572671599,1780.974114448299
2026-05-04 09:29:41.202689,0.053480334212987646,1781.2561697095234,1781.2026893753105
2026-05-04 09:29:41.449149,0.29938255578826545,1781.7485314025032,1781.449148846715
2026-05-04 09:29:41.823532,0.14173737552081786,1781.965269687035,1781.8235323115143
2026-05-04 09:29:41.931119,0.021675273624246913,1781.9869449606592,1781.9311186216405
2026-05-04 09:29:42.178480,0.05385774751391673,1782.2323379525783,1782.1784802050643
2026-05-04 09:29:43.266228,0.032941152899597675,1783.2991691654915,1783.266228012592
2026-05-04 09:29:43.718999,0.1513554349166116,1783.8703541711682,1783.7189987362515
2026-05-04 09:29:43.808739,0.10644761791281382,1783.976801789081,1783.808739140128
2026-05-04 09:29:43.831353,0.035851397017346916,1784.0126531860983,1783.8313530256187
2026-05-04 09:29:43.991135,0.12008890752894495,1784.1327420936273,1783.9911351131445
2026-05-04 09:29:44.128025,0.0986996414230465,1784.2314417350503,1784.1280253498671
2026-05-04 09:29:44.256453,0.08334689191645406,1784.3398000026564,1784.2564531107398
2026-05-04 09:29:44.514813,0.08872580735878949,1784.6035390555355,1784.5148132481768
2026-05-04 09:29:44.867107,0.09972543814510587,1784.9668319438688,1784.8671065057238
2026-05-04 09:29:45.064779,0.5560467009639143,1785.6208261648699,1785.064779463906
2026-05-04 09:29:45.484590,0.07792125460022273,1785.69874741947,1785.484589508354
2026-05-04 09:29:45.485945,0.2666157871757919,1785.9653632066459,1785.4859446269577
2026-05-04 09:29:45.760555,0.035728261796996584,1786.0010914684428,1785.7605545967183
2026-05-04 09:29:46.044791,0.24929002974554135,1786.2940806319414,1786.044790602196
2026-05-04 09:29:46.347835,0.14701016422193022,1786.4948450497338,1786.347834885512
2026-05-04 09:29:46.509471,0.23239900432743746,1786.7418701952095,1786.509471190882
2026-05-04 09:29:46.519175,0.4399016609162626,1787.1817718561258,1786.5191749310216
2026-05-04 09:29:46.936746,0.08093634843448438,1787.2627082045603,1786.9367456391649
2026-05-04 09:29:47.257339,0.11700411448207032,1787.3797123190425,1787.2573386056492
2026-05-04 09:29:47.419393,0.047078289406429,1787.4664711929665,1787.41939290356
2026-05-04 09:29:47.626524,0.050078425226630856,1787.6766021218143,1787.6265236965876
2026-05-04 09:29:47.666232,0.4881582560558701,1788.1647603778702,1787.6662320820992
2026-05-04 09:29:47.705094,0.0555328032111913,1788.2202931810814,1787.7050936980395
2026-05-04 09:29:48.355029,0.03895495588335024,1788.393984226831,1788.3550292709476
2026-05-04 09:29:48.580371,0.09314589474205791,1788.6735165660095,1788.5803706712675
2026-05-04 09:29:48.896992,0.11159152203893635,1789.0085834639106,1788.8969919418716
2026-05-04 09:29:49.082883,0.029752240802983672,1789.1126356581788,1789.0828834173758
2026-05-04 09:29:49.559352,0.524636623966125,1790.0839882799578,1789.5593516559916
2026-05-04 09:29:49.828723,0.05354726390023621,1790.1375355438581,1789.828722712975
2026-05-04 09:29:50.080047,0.03173561773008726,1790.1692711615883,1790.0800470836832
2026-05-04 09:29:50.212013,0.1627111818094703,1790.3747243008522,1790.2120131190427
2026-05-04 09:29:50.365033,0.06301242342219734,1790.4377367242744,1790.3650334886759
2026-05-04 09:29:51.332421,0.124910148511421,1791.4573310114436,1791.3324208629322
2026-05-04 09:29:51.561836,0.060139031299170934,1791.6219754887588,1791.5618364574598
2026-05-04 09:29:51.744500,0.5604856573257851,1792.3049860475537,1791.7445003902278
2026-05-04 09:29:51.783348,0.4462828116058756,1792.7512688591596,1791.783347685385
2026-05-04 09:29:52.676286,0.3340195155003664,1793.08528837466,1792.676286138823
2026-05-04 09:29:53.229216,0.1278261009239457,1793.357041651989,1793.229215551065
2026-05-04 09:29:53.312207,0.32417096940009027,1793.681212621389,1793.3122069245915
2026-05-04 09:29:53.550585,0.231817292013826,1793.9130299134029,1793.5505847554962
2026-05-04 09:29:53.557498,0.05528552755094405,1793.9683154409538,1793.5574979164508
2026-05-04 09:29:54.265248,0.30337774826135805,1794.5686260170464,1794.2652482687852
2026-05-04 09:29:54.330949,0.09713750673250765,1794.6657635237789,1794.330948654702
2026-05-04 09:29:54.364426,0.11519911234581899,1794.7809626361247,1794.3644258053118
2026-05-04 09:29:54.465762,0.20110178753026087,1794.982064423655,1794.4657621400243
2026-05-04 09:29:54.471658,0.1252572788900269,1795.107321702545,1794.471658332381
2026-05-04 09:29:54.596611,0.07575323582602002,1795.183074938371,1794.5966111308658
2026-05-04 09:29:54.639717,0.07121839418679017,1795.2542933325578,1794.6397170047712
2026-05-04 09:29:55.107098,0.1881279127965627,1795.4424212453544,1795.1070982792826
2026-05-04 09:29:55.266309,0.20013627442370568,1795.6425575197782,1795.2663093472781
2026-05-04 09:29:55.380503,0.60025023473882,1796.242807754517,1795.3805029545408
2026-05-04 09:29:56.958110,0.04343818939839478,1797.0015477729962,1796.958109583598
2026-05-04 09:29:57.628631,0.09424290624083516,1797.7228738328758,1797.628630926635
2026-05-04 09:29:57.742056,0.19945809220723104,1797.9415142722542,1797.742056180047
2026-05-04 09:29:58.583706,0.2971549374577906,1798.8808605076842,1798.5837055702264
2026-05-04 09:29:58.922916,0.197977408243352,1799.1208931974227,1798.9229157891793
2026-05-04 09:29:59.131169,0.08062315819390564,1799.2117925737864,1799.1311694155925
2026-05-04 09:29:59.221227,0.32138054599482013,1799.5426072080106,1799.2212266620159
2026-05-04 09:29:59.421076,0.20526187505647295,1799.7478690830671,1799.4210761799586
2026-05-04 09:30:00.468140,0.15672656762409598,1800.6248662584019,1800.468139690778
2026-05-04 09:30:00.929543,0.09029141307817115,1801.0198348304234,1800.9295434173453
2026-05-04 09:30:02.172183,0.3929701695918455,1802.5651530238245,1802.1721828542327
2026-05-04 09:30:02.348676,0.43398069739685763,1802.9991337212214,1802.3486762404873
2026-05-04 09:30:03.117807,0.09564824175524568,1803.2134548562979,1803.1178066145426
2026-05-04 09:30:03.404719,0.15536963611911686,1803.5600889285238,1803.4047192924047
2026-05-04 09:30:03.722011,0.23606292252098726,1803.9580740568827,1803.7220111343618
2026-05-04 09:30:04.879965,1.0254523744174697,1805.9054176520071,1804.8799652775897
2026-05-04 09:30:05.186622,0.06639575018307302,1805.9718134021903,1805.186621630339
2026-05-04 09:30:05.197290,0.22764954039443985,1806.1994629425847,1805.1972896442712
2026-05-04 09:30:05.670903,0.0698867771178283,1806.2693497197024,1805.6709026637209
2026-05-04 09:30:05.748293,0.012535612279212238,1806.2818853319816,1805.7482934643838
2026-05-04 09:30:05.957701,0.26138926738992924,1806.5432745993714,1805.9577005492706
2026-05-04 09:30:06.083563,0.09911114964636245,1806.6423857490179,1806.083562617896
2026-05-04 09:30:07.064002,0.6701197011573269,1807.7341212735032,1807.064001572346
2026-05-04 09:30:07.340229,0.18757122898565992,1807.921692502489,1807.3402287471004
2026-05-04 09:30:07.369877,0.39049021622020735,1808.3121827187092,1807.3698772719933
2026-05-04 09:30:07.452117,0.14854989928688225,1808.4607326179962,1807.4521166490524
2026-05-04 09:30:07.551496,0.2260658132015767,1808.6867984311978,1807.5514962619095
2026-05-04 09:30:08.296346,0.04402679359274844,1808.7308252247906,1808.296346335448
2026-05-04 09:30:08.666675,0.1392886856471271,1808.8701139104378,1808.6666748863238
2026-05-04 09:30:08.686062,0.18323612988939594,1809.0533500403271,1808.6860618910262
2026-05-04 09:30:08.885112,0.09768582744839943,1809.1510358677756,1808.8851117646693
2026-05-04 09:30:08.912705,0.19408765827958427,1809.3451235260552,1808.912704638175
2026-05-04 09:30:09.591436,0.008597582559347828,1809.6000335448828,1809.5914359623234
2026-05-04 09:30:09.752836,0.7725704835489454,1810.5254067771398,1809.752836293591
2026-05-04 09:30:10.008882,0.093964637523785,1810.6193714146636,1810.0088822900957
2026-05-04 09:30:10.094069,0.08483729328724789,1810.7042087079508,1810.0940685085707
2026-05-04 09:30:10.532637,0.04759598606880982,1810.7518046940195,1810.5326372891495
2026-05-04 09:30:10.726754,0.486728020461799,1811.2385327144814,1810.7267544385984
2026-05-04 09:30:11.090986,0.17557209393437648,1811.4141048084157,1811.0909855025338
2026-05-04 09:30:11.326133,0.03932190909841969,1811.453426717514,1811.3261329650863
2026-05-04 09:30:11.343452,0.32655966826678806,1811.7799863857808,1811.343451644494
2026-05-04 09:30:11.452890,0.18172040229759198,1811.9617067880783,1811.452890431312
2026-05-04 09:30:11.757011,0.25487897455587527,1812.2165857626342,1811.7570109811898
2026-05-04 09:30:13.083851,0.018830021793424526,1813.1026814418892,1813.0838514200957
2026-05-04 09:30:13.324038,0.06085768394502881,1813.3848954281277,1813.3240377441828
2026-05-04 09:30:13.518004,0.5550604194155575,1814.073064697105,1813.5180042776894
2026-05-04 09:30:13.699084,0.02438766427077024,1814.0974523613759,1813.6990839065886
2026-05-04 09:30:14.653350,0.09855594806848841,1814.7519056759697,1814.6533497279013
2026-05-04 09:30:14.685265,0.07581184259062441,1814.8277175185603,1814.6852652730324
2026-05-04 09:30:15.047221,0.22898908593563072,1815.2762097006719,1815.0472206147363
2026-05-04 09:30:15.378574,0.14854476202470673,1815.527118266778,1815.3785735047531
2026-05-04 09:30:15.425501,0.36939223787044223,1815.8965105046484,1815.4255005782964
2026-05-04 09:30:15.449691,0.03215574197719664,1815.9286662466257,1815.4496911183428
2026-05-04 09:30:16.082891,0.23198975829846,1816.3148805765475,1816.082890818249
2026-05-04 09:30:16.091347,0.6125217794907756,1816.9274023560383,1816.0913467173862
2026-05-04 09:30:16.282216,0.04106040986313695,1816.9684627659014,1816.2822155829044
2026-05-04 09:30:16.478205,0.15360654105063554,1817.1220693069522,1816.4782050988708
2026-05-04 09:30:16.984592,0.13282714477607863,1817.2548964517282,1816.9845917355074
2026-05-04 09:30:17.842966,0.08753908735758514,1817.9305053355786,1817.842966248221
2026-05-04 09:30:18.303663,0.021297339437119547,1818.3249600387567,1818.3036626993196
2026-05-04 09:30:18.778748,0.5943144582874222,1819.3730628925152,1818.7787484342277
2026-05-04 09:30:18.833055,0.586084995494902,1819.9591478880102,1818.8330550422936
2026-05-04 09:30:19.259400,0.008461768222264724,1819.9676096562325,1819.2594003306308
2026-05-04 09:30:19.367446,0.5589849918047285,1820.5265946480372,1819.3674460511265
2026-05-04 09:30:19.566200,0.20304090282474674,1820.729635550862,1819.5661995285689
2026-05-04 09:30:19.961812,0.009595840633899415,1820.7392313914959,1819.9618124478648
2026-05-04 09:30:19.967010,0.3088757761082549,1821.048107167604,1819.9670100558426
2026-05-04 09:30:20.870476,0.5037086733868492,1821.551815840991,1820.8704759784819
2026-05-04 09:30:20.874828,0.3991315207396703,1821.9509473617306,1820.8748278964715
2026-05-04 09:30:21.264367,0.6450417444709682,1822.5959891062016,1821.2643672624113
2026-05-04 09:30:21.616145,0.03995702027123007,1822.6359461264728,1821.616144509437
2026-05-04 09:30:21.993448,0.2782874441740324,1822.914233570647,1821.9934475109637
2026-05-04 09:30:22.721040,0.010094861721169069,1822.9243284323682,1822.7210399129212
2026-05-04 09:30:22.738988,0.08097383475103741,1823.0053022671193,1822.7389884184008
2026-05-04 09:30:22.972139,0.1748442992174153,1823.1801465663368,1822.9721387919249
2026-05-04 09:30:23.793387,0.11059539346637651,1823.9039827773167,1823.7933873838504
2026-05-04 09:30:24.028912,0.07968162374197409,1824.1085941167364,1824.0289124929946
2026-05-04 09:30:25.432425,0.029303103223540728,1825.4617279385982,1825.4324248353746
2026-05-04 09:30:25.778032,0.13884059901343052,1825.9168730825056,1825.778032483492
2026-05-04 09:30:25.844690,0.48572940675412507,1826.4026024892598,1825.844690046698
2026-05-04 09:30:26.225881,0.03571490380854169,1826.4383173930685,1826.2258811855759
2026-05-04 09:30:26.414808,0.4690001833468522,1826.9073175764154,1826.4148078268906
2026-05-04 09:30:26.460140,0.19041130612117801,1827.0977288825366,1826.4601401893576
2026-05-04 09:30:26.755696,0.2921865337308011,1827.3899154162673,1826.755696492319
2026-05-04 09:30:26.869970,0.1167110140712844,1827.5066264303387,1826.8699698916507
2026-05-04 09:30:27.333269,0.11458599070844602,1827.6212124210472,1827.3332687580637
2026-05-04 09:30:27.477163,0.004267323792194469,1827.6254797448394,1827.4771627752427
2026-05-04 09:30:27.849857,0.1475403877925615,1827.9973974361737,1827.8498570483812
2026-05-04 09:30:28.361584,0.03962402997497259,1828.4012078020414,1828.3615837720665
2026-05-04 09:30:28.496849,0.007379563775160913,1828.5042290636552,1828.49684949988
2026-05-04 09:30:28.952852,0.013522222114129132,1828.9663740495635,1828.9528518274494
2026-05-04 09:30:29.279151,2.4327023004963713,1831.7118532667525,1829.279150966256
2026-05-04 09:30:29.428018,0.2924311188022075,1832.0042843855547,1829.4280178743938
2026-05-04 09:30:29.447159,0.21336985249752188,1832.2176542380523,1829.4471594047168
2026-05-04 09:30:29.522298,0.06827907721678277,1832.2859333152692,1829.5222984791294
2026-05-04 09:30:29.651311,0.2876612969558364,1832.573594612225,1829.6513108414867
2026-05-04 09:30:29.835756,0.0533520416125436,1832.6269466538374,1829.835755659238
2026-05-04 09:30:31.350232,0.05517539185056324,1832.682122045688,1831.3502320539656
2026-05-04 09:30:31.919937,0.04219747655687927,1832.7243195222447,1831.9199373710533
2026-05-04 09:30:32.592860,0.15770090035438936,1832.8820204225992,1832.5928601005558
2026-05-04 09:30:33.051809,0.27447359638992985,1833.3262823978616,1833.0518088014717
2026-05-04 09:30:33.306157,0.3978776415913636,1833.724160039453,1833.3061567953444
2026-05-04 09:30:33.565276,0.04138490804981506,1833.7655449475028,1833.5652762028174
2026-05-04 09:30:33.629108,0.06631755485824249,1833.831862502361,1833.6291084262816
2026-05-04 09:30:34.009877,0.4565016881217913,1834.4663789635042,1834.0098772753825
2026-05-04 09:30:34.335747,0.134396528224648,1834.6007754917289,1834.3357466803882
2026-05-04 09:30:34.424992,0.02195844457500644,1834.6227339363038,1834.4249917072243
2026-05-04 09:30:34.590898,0.2153929216954766,1834.8381268579992,1834.5908984009566
2026-05-04 09:30:34.877376,0.055116901658710964,1834.932493039429,1834.8773761377702
2026-05-04 09:30:35.527526,0.2482374289252739,1835.7757635847245,1835.5275261557993
2026-05-04 09:30:35.835908,0.3720881778259044,1836.2079962431558,1835.83590806533
2026-05-04 09:30:35.908706,0.0712948271336613,1836.2792910702894,1835.908706487138
2026-05-04 09:30:36.100298,0.10045411134017253,1836.3797451816297,1836.100298347962
2026-05-04 09:30:36.594753,0.21222888492808858,1836.8069822743362,1836.5947533894082
2026-05-04 09:30:37.088627,0.024162504902643094,1837.11278922076,1837.0886267158573
2026-05-04 09:30:37.530591,0.19227056703550427,1837.7228613045104,1837.530590737475
2026-05-04 09:30:38.933971,0.12264002142424367,1839.0566112608224,1838.933971239398
2026-05-04 09:30:39.333772,0.3426721629935469,1839.6764437078584,1839.333771544865
2026-05-04 09:30:39.686727,0.47070685375268906,1840.1574336681501,1839.6867268143974
2026-05-04 09:30:39.864600,0.2110215495743018,1840.3684552177244,1839.864600365471
2026-05-04 09:30:40.167013,0.14740826253960268,1840.515863480264,1840.167013189766
2026-05-04 09:30:40.276580,0.687478485881615,1841.2033419661457,1840.2765801442476
2026-05-04 09:30:40.567537,0.11690191743697853,1841.3202438835826,1840.5675365821085
2026-05-04 09:30:40.679664,0.042623147995899585,1841.3628670315786,1840.679663661461
2026-05-04 09:30:40.842342,0.1493938704781089,1841.5122609020568,1840.8423418799243
2026-05-04 09:30:42.906728,0.049468886109017535,1842.9561965992432,1842.9067277131342
2026-05-04 09:30:43.123227,0.14189852271811143,1843.2651259143615,1843.1232273916435
2026-05-04 09:30:43.146099,0.29462862651648175,1843.559754540878,1843.1460993002304
2026-05-04 09:30:43.167281,0.2331634055023769,1843.7929179463804,1843.1672805231112
2026-05-04 09:30:44.181543,0.08308189520659254,1844.2646252613836,1844.181543366177
2026-05-04 09:30:44.794637,0.09395182360814991,1844.8885887600168,1844.7946369364086
2026-05-04 09:30:44.870999,0.2754003075409394,1845.1639890675576,1844.870999329595
2026-05-04 09:30:44.982762,0.33731167988919286,1845.5013007474467,1844.9827623152726
2026-05-04 09:30:45.478648,0.014750565265472568,1845.5160513127123,1845.4786482273598
2026-05-04 09:30:45.690043,0.0517859823358795,1845.741828851635,1845.6900428692993
2026-05-04 09:30:45.740673,0.08789485985002236,1845.829723711485,1845.7406726909262
2026-05-04 09:30:45.925894,0.051995631935984776,1845.9778900491212,1845.9258944171852
2026-05-04 09:30:46.584878,0.2402533460679268,1846.8251308753904,1846.5848775293225
2026-05-04 09:30:47.194890,0.07072532438245127,1847.2656152801053,1847.1948899557228
2026-05-04 09:30:47.418411,0.10403335726738461,1847.5224442142187,1847.4184108569514
2026-05-04 09:30:47.442075,0.7041565208115673,1848.2266007350302,1847.442074760436
2026-05-04 09:30:48.287507,0.10900029790091147,1848.3965068375865,1848.2875065396856
2026-05-04 09:30:48.365539,0.528336254949015,1848.9248430925354,1848.3655387729698
2026-05-04 09:30:48.738724,0.21690215992101583,1849.1417452524565,1848.7387243145376
2026-05-04 09:30:49.254708,0.5498350315413433,1849.8045433766404,1849.254708345099
2026-05-04 09:30:49.463904,0.10176943596664834,1849.906312812607,1849.4639042542813
2026-05-04 09:30:49.522767,0.0006586117586401439,1849.9069714243656,1849.5227673784616
2026-05-04 09:30:49.946028,0.12686104687826236,1850.0728889531454,1849.946027906267
2026-05-04 09:30:50.281092,0.16396230515997468,1850.4450546632304,1850.2810923580705
2026-05-04 09:30:50.824576,0.12796292948430454,1850.9525385391646,1850.8245756096803
2026-05-04 09:30:51.050188,0.12344155568171995,1851.173629799456,1851.0501882437743
2026-05-04 09:30:51.201912,0.08760629748413452,1851.2895184246863,1851.2019121272021
2026-05-04 09:30:51.206107,0.2929921852630903,1851.5825106099494,1851.206106520715
2026-05-04 09:30:51.447232,0.11376839470687661,1851.6962790046562,1851.4472321710748
2026-05-04 09:30:51.738114,0.00928664477053855,1851.7474008710174,1851.7381142262468
2026-05-04 09:30:52.349429,0.38405166323486006,1852.7334806944527,1852.3494290312178
2026-05-04 09:30:52.799931,0.4082683566964777,1853.208199685861,1852.7999313291646
2026-05-04 09:30:52.818421,0.4167607291761024,1853.624960415037,1852.8184208953053
2026-05-04 09:30:53.038378,0.05046531496890259,1853.675425730006,1853.0383779809513
2026-05-04 09:30:54.791965,0.33514813184046977,1855.1271129708148,1854.7919648389743
2026-05-04 09:30:55.795523,0.3450570238549284,1856.1405804252342,1855.7955234013793
2026-05-04 09:30:56.248270,0.0031404327737850585,1856.2514099550535,1856.2482695222798
2026-05-04 09:30:57.133333,0.3027043372773536,1857.4360368837881,1857.1333325465107
2026-05-04 09:30:57.599755,0.027921546985582104,1857.627676322146,1857.5997547751604
2026-05-04 09:30:57.716343,0.27411921864379746,1857.9904625837396,1857.7163433650958
2026-05-04 09:30:57.794412,0.39323811503853706,1858.383700698778,1857.7944120143022
2026-05-04 09:30:58.598960,0.7196552260401018,1859.3186149746045,1858.5989597485645
2026-05-04 09:30:58.843692,0.07850396759316867,1859.3971189421977,1858.8436922893598
2026-05-04 09:30:59.322913,0.47206112604424916,1859.869180068242,1859.322912771413
2026-05-04 09:30:59.708245,0.10831141213123847,1859.9774914803734,1859.7082445958204
2026-05-04 09:30:59.773717,0.6964680448058816,1860.6739595251793,1859.773717052935
2026-05-04 09:31:00.571216,0.5432769065229867,1861.2172364317023,1860.5712155138276
2026-05-04 09:31:00.660071,0.3745244571295363,1861.591760888832,1860.6600711022525
2026-05-04 09:31:01.075058,0.31000769560593566,1861.9017685844378,1861.0750583072097
2026-05-04 09:31:01.315349,9.250897299871638e-05,1861.9018610934108,1861.3153493610541
2026-05-04 09:31:01.735294,0.2663397461682775,1862.1682008395792,1861.7352944948461
2026-05-04 09:31:01.818282,0.016226469466099663,1862.1844273090453,1861.8182818868909
2026-05-04 09:31:02.462791,0.08477953667519535,1862.5475701449475,1862.4627906082724
2026-05-04 09:31:03.146392,0.008530336695745955,1863.1549222249755,1863.1463918882798
2026-05-04 09:31:03.192258,0.22925644768791686,1863.4215142744188,1863.1922578267308
2026-05-04 09:31:03.368405,0.11136991322899786,1863.5328841876478,1863.368405447831
2026-05-04 09:31:04.832215,0.36842347834850425,1865.2006380376934,1864.832214559345
2026-05-04 09:31:04.907037,0.13252597758878856,1865.3331640152821,1864.9070369064843
2026-05-04 09:31:05.938429,0.4470021557738159,1866.38543129837,1865.938429142596
2026-05-04 09:31:06.603526,0.1819905320147424,1866.7855168212084,1866.6035262891937
2026-05-04 09:31:06.628126,0.1656361282192286,1866.9511529494275,1866.62812552831
2026-05-04 09:31:06.689044,0.22647750633674782,1867.1776304557643,1866.6890440474115
2026-05-04 09:31:06.816030,0.16202996648712953,1867.3396604222514,1866.8160303441655
2026-05-04 09:31:06.876618,0.014014149927172035,1867.3536745721785,1866.8766181543058
2026-05-04 09:31:06.877539,0.8052257432486029,1868.1589003154272,1866.8775389485825
2026-05-04 09:31:07.185581,0.15375842671907403,1868.3126587421464,1867.1855809904052
2026-05-04 09:31:07.282314,0.19603994364035857,1868.5086986857868,1867.2823143886715
2026-05-04 09:31:08.348571,0.053288277017014246,1868.5619869628038,1868.3485712162226
2026-05-04 09:31:08.808345,0.2149804479826305,1869.023325335671,1868.8083448876882
2026-05-04 09:31:08.810832,0.1557268807525317,1869.1790522164235,1868.8108316849457
2026-05-04 09:31:08.991394,0.20010879669005385,1869.3791610131136,1868.991394053599
2026-05-04 09:31:09.163578,0.07871654700888603,1869.4578775601226,1869.163578352112
2026-05-04 09:31:09.243743,0.391474192156198,1869.8493517522788,1869.2437429562895
2026-05-04 09:31:09.414705,0.16480052278731547,1870.0141522750662,1869.4147048131408
2026-05-04 09:31:10.025395,0.03342615518181328,1870.058821491259,1870.0253953360773
2026-05-04 09:31:10.068086,0.014741087310096539,1870.082827160916,1870.0680860736059
2026-05-04 09:31:11.335547,1.1866276769652628,1872.52217425384,1871.3355465768745
2026-05-04 09:31:11.912301,0.36333625219384086,1872.8855105060338,1871.9123010904839
2026-05-04 09:31:12.072594,0.10533206586274063,1872.9908425718966,1872.0725935610596
2026-05-04 09:31:12.227766,0.00850920768200218,1872.9993517795785,1872.2277662000324
2026-05-04 09:31:12.793060,0.33683981364486515,1873.3361915932235,1872.7930604631547
2026-05-04 09:31:13.316598,0.10491602861109435,1873.4411076218346,1873.3165982742528
2026-05-04 09:31:13.757349,0.08191840214842923,1873.8392675121283,1873.75734910998
2026-05-04 09:31:14.639555,0.13467031078171796,1874.774224942056,1874.6395546312742
2026-05-04 09:31:14.748850,0.5712266361335577,1875.3454515781896,1874.748849969131
2026-05-04 09:31:15.736254,0.030094012819986905,1875.7663481287495,1875.7362541159296
2026-05-04 09:31:15.878149,0.09413872247696886,1875.9722881477055,1875.8781494252285
2026-05-04 09:31:16.074447,0.06547881061913298,1876.1399258330305,1876.0744470224113
2026-05-04 09:31:16.127805,0.20571232466275086,1876.3456381576932,1876.127804982232
2026-05-04 09:31:16.533291,0.20122984340047925,1876.734520419927,1876.5332905765267
2026-05-04 09:31:17.243504,0.09934232603396441,1877.3428466201642,1877.2435042941302
2026-05-04 09:31:17.377771,0.046240531831044346,1877.424011637166,1877.377771105335
2026-05-04 09:31:17.473746,0.40305091601360765,1877.876796996212,1877.4737460801985
2026-05-04 09:31:18.515598,0.5140655312517808,1879.0296639634578,1878.515598432206
2026-05-04 09:31:18.832774,0.239382511691277,1879.269046475149,1878.8327743284876
2026-05-04 09:31:19.418629,0.5855726579093011,1880.004201169343,1879.4186285114338
2026-05-04 09:31:20.714144,0.06399557038790811,1880.7781400138826,1880.7141444434947
2026-05-04 09:31:21.121371,0.01423318187117407,1881.1356039711604,1881.1213707892894
2026-05-04 09:31:21.463884,0.014791166294571119,1881.4786753783276,1881.463884212033
2026-05-04 09:31:21.913734,0.5901832760729103,1882.503917475273,1881.9137341992002
2026-05-04 09:31:23.169639,0.15340534676252085,1883.3230442293955,1883.1696388826329
2026-05-04 09:31:23.253289,0.4008906156000981,1883.7239348449955,1883.2532887425118
2026-05-04 09:31:23.451325,0.4199454580337698,1884.1438803030292,1883.4513248474773
2026-05-04 09:31:23.557666,0.06117281451624799,1884.2050531175455,1883.5576659664926
2026-05-04 09:31:24.138243,0.3475395442230933,1884.5525926617686,1884.1382428236261
2026-05-04 09:31:25.569309,0.004407249815418529,1885.5737162784546,1885.5693090286393
2026-05-04 09:31:26.614487,0.015162295228683863,1886.6296492885222,1886.6144869932934
2026-05-04 09:31:26.752966,0.03464138591531564,1886.7876075889665,1886.752966203051
2026-05-04 09:31:27.698325,0.23907877169690894,1887.9374034710133,1887.6983246993163
2026-05-04 09:31:27.735797,0.17167501258854034,1888.109078483602,1887.7357971790263
2026-05-04 09:31:28.683097,0.09579962821665729,1888.778896553221,1888.6830969250045
2026-05-04 09:31:28.808916,0.1154532474258567,1888.9243693493888,1888.808916101963
2026-05-04 09:31:29.324858,0.31017522100848394,1889.6350328047617,1889.3248575837533
2026-05-04 09:31:29.475716,0.08462156582506344,1889.7196543705868,1889.475715679262
2026-05-04 09:31:30.058068,0.17605993999126693,1890.2341274704647,1890.0580675304734
2026-05-04 09:31:30.104028,0.6148428799124405,1890.8489703503772,1890.104027687013
2026-05-04 09:31:30.178061,0.933540419637485,1891.7825107700146,1890.1780607735411
2026-05-04 09:31:30.481605,0.048703273594171724,1891.8312140436087,1890.4816053395534
2026-05-04 09:31:30.791383,0.17057492845598507,1892.0017889720648,1890.791382512912
2026-05-04 09:31:31.158027,0.6442959449492132,1892.646084917014,1891.158026797204
2026-05-04 09:31:31.266734,0.3083064877459667,1892.95439140476,1891.266733504642
2026-05-04 09:31:31.300187,0.08845235914362982,1893.0428437639036,1891.3001866180725
2026-05-04 09:31:31.548748,0.25647667306117394,1893.2993204369648,1891.5487482040662
2026-05-04 09:31:31.625374,0.22848013349319807,1893.5278005704579,1891.6253743694883
2026-05-04 09:31:32.165611,0.21731581579813775,1893.745116386256,1892.1656114267319
2026-05-04 09:31:32.710643,0.5044805560727393,1894.249596942329,1892.7106427887502
2026-05-04 09:31:33.114180,0.09461293219706896,1894.344209874526,1893.1141795866051
2026-05-04 09:31:33.265606,0.1217442156642567,1894.4659540901903,1893.265606387114
2026-05-04 09:31:33.684313,0.1738098138368053,1894.6397639040272,1893.6843134722315
2026-05-04 09:31:33.811837,0.025958363223131078,1894.6657222672502,1893.8118365633936
2026-05-04 09:31:33.906813,0.00614952055892342,1894.671871787809,1893.906813147976
2026-05-04 09:31:34.620121,0.10269988442373346,1894.774571672233,1894.620120819711
2026-05-04 09:31:34.719397,0.21759131558515957,1894.9921629878181,1894.7193966710458
2026-05-04 09:31:34.892242,0.04542723743324532,1895.0375902252513,1894.8922424789691
2026-05-04 09:31:34.909262,0.15539900005023996,1895.1929892253015,1894.9092615409163
2026-05-04 09:31:35.400858,0.03206219699070626,1895.4329204126796,1895.400858215689
2026-05-04 09:31:35.689112,0.21290288105826072,1895.9020145467503,1895.689111665692
2026-05-04 09:31:36.008299,0.698896612303338,1896.7071959547939,1896.0082993424905
2026-05-04 09:31:36.231142,0.08109836513138885,1896.7882943199252,1896.231142255573
2026-05-04 09:31:36.234490,0.07028399029104787,1896.8585783102162,1896.2344901687181
2026-05-04 09:31:36.645891,0.28852657417629474,1897.1471048843925,1896.6458910191304
2026-05-04 09:31:37.126662,0.001238324539213271,1897.1483432089317,1897.126661581177
2026-05-04 09:31:37.435021,0.031316831211335265,1897.4663378088624,1897.435020977651
2026-05-04 09:31:37.592454,0.19958687954412954,1897.7920404874296,1897.5924536078855
2026-05-04 09:31:37.997102,0.025808993506233724,1898.0229111129888,1897.9971021194826
2026-05-04 09:31:38.226941,0.03480046551809681,1898.2617416292862,1898.226941163768
2026-05-04 09:31:38.241182,0.031161082717469004,1898.2929027120038,1898.2411820845102
2026-05-04 09:31:38.442466,0.3637882564509677,1898.8062545340822,1898.4424662776312
2026-05-04 09:31:38.534529,0.3320908844731537,1899.1383454185554,1898.534529326531
2026-05-04 09:31:38.963576,0.25726579732648874,1899.395611215882,1898.963575970734
2026-05-04 09:31:39.023648,0.25430105786551177,1899.6499122737473,1899.0236480892977
2026-05-04 09:31:39.446739,0.128114636829309,1899.7780269105765,1899.4467385038456
2026-05-04 09:31:39.870273,0.596262040311476,1900.466534712404,1899.8702726720924
2026-05-04 09:31:39.984479,0.8422195640323009,1901.3087542764363,1899.984478787662
2026-05-04 09:31:40.191589,1.3645439304365248,1902.6732982068727,1900.1915893032153
2026-05-04 09:31:40.279620,0.42659409238082513,1903.0998922992535,1900.2796197892872
2026-05-04 09:31:40.798932,0.08152089907540504,1903.181413198329,1900.7989324478585
2026-05-04 09:31:41.567754,0.1154537055047925,1903.2968669038337,1901.5677540527643
2026-05-04 09:31:41.662708,0.0011425755243462423,1903.2980094793581,1901.662708147624
2026-05-04 09:31:42.216205,0.11343223032859001,1903.4114417096866,1902.216204709242
2026-05-04 09:31:42.769338,0.010033444144424274,1903.4214751538311,1902.7693380663256
2026-05-04 09:31:43.024347,0.34766415309380616,1903.769139306925,1903.0243473876512
2026-05-04 09:31:43.054564,0.12938489464190434,1903.8985242015667,1903.0545637558428
2026-05-04 09:31:44.107697,0.0931480258394146,1904.2008446764492,1904.1076966506098
2026-05-04 09:31:45.366244,0.03563957841175351,1905.401883875474,1905.3662442970622
2026-05-04 09:31:45.598379,0.15863144662730852,1905.7570108990644,1905.598379452437
2026-05-04 09:31:45.606659,0.031088801197379713,1905.788099700262,1905.6066588699407
2026-05-04 09:31:45.996757,0.004860937433672624,1906.0016182666614,1905.9967573292276
2026-05-04 09:31:46.229902,0.21955256010407276,1906.4494547500167,1906.2299021899125
2026-05-04 09:31:46.360088,0.018988451008939526,1906.4684432010256,1906.3600876633827
2026-05-04 09:31:46.457882,0.0022628781027094974,1906.4707060791284,1906.4578817051415
2026-05-04 09:31:46.618769,0.14253234033109463,1906.7613016621115,1906.6187693217803
2026-05-04 09:31:47.072554,0.13409649291161377,1907.2066504698598,1907.0725539769483
2026-05-04 09:31:47.143277,0.4502144439105358,1907.6568649137703,1907.1432773178801
2026-05-04 09:31:47.301296,0.002097545944739562,1907.658962459715,1907.301296050697
2026-05-04 09:31:47.424722,0.007421294702013266,1907.666383754417,1907.4247222403983
2026-05-04 09:31:47.729503,0.26508427456979,1907.9945876283862,1907.7295033538164
2026-05-04 09:31:48.032614,0.03291259186931872,1908.0655263517085,1908.0326137598393
2026-05-04 09:31:48.199150,0.2289182264134725,1908.4280683503168,1908.1991501239033
2026-05-04 09:31:49.140142,0.06702507332753437,1909.2071675241846,1909.140142450857
2026-05-04 09:31:49.403949,0.43317685340041995,1909.837125425319,1909.4039485719186
2026-05-04 09:31:49.613506,0.07466316229848896,1909.9117885876176,1909.6135057074332
2026-05-04 09:31:49.921134,0.008832935371372945,1909.9299665917963,1909.921133656425
2026-05-04 09:31:50.248690,0.041494285545667794,1910.2901844581859,1910.2486901726402
2026-05-04 09:31:50.435270,0.1844285348968644,1910.6196982292943,1910.4352696943974
2026-05-04 09:31:50.604050,0.08976293905765181,1910.709461168352,1910.6040504324292
2026-05-04 09:31:51.122386,0.05376746762046362,1911.176153272302,1911.1223858046815
2026-05-04 09:31:51.901695,0.26240025034178627,1912.164095500919,1911.9016952505772
2026-05-04 09:31:52.112061,0.28335590250182374,1912.447451403421,1912.1120613109717
2026-05-04 09:31:52.243824,0.37709605116280454,1912.8245474545838,1912.2438238051268
2026-05-04 09:31:52.393451,0.2847683195911579,1913.109315774175,1912.393450918462
2026-05-04 09:31:52.556505,0.36704350107740696,1913.4763592752524,1912.5565047207863
2026-05-04 09:31:52.647108,0.03476752044940209,1913.5111267957018,1912.6471079503192
2026-05-04 09:31:52.815600,0.14985696308860755,1913.6609837587903,1912.815600452262
2026-05-04 09:31:52.960617,0.16658837449274688,1913.827572133283,1912.9606174699786
2026-05-04 09:31:53.105142,0.31095018370366345,1914.1385223169866,1913.1051420801173
2026-05-04 09:31:54.173783,0.01759243515569179,1914.191375510091,1914.1737830749353
2026-05-04 09:31:54.822722,0.30723463521062594,1915.1299562545496,1914.822721619339
2026-05-04 09:31:57.140561,0.040421748876044425,1917.1809827851184,1917.1405610362424
2026-05-04 09:31:57.584673,0.06595454825768292,1917.6506278129984,1917.5846732647408
2026-05-04 09:31:57.707184,0.35839364267574475,1918.0655772883995,1917.7071836457237
2026-05-04 09:31:57.809135,0.07884768377515983,1918.1444249721746,1917.8091349682136
2026-05-04 09:31:58.094866,0.1462432089175105,1918.290668181092,1918.0948659566575
2026-05-04 09:31:58.493330,0.11411873519101659,1918.6074486906725,1918.4933299554816
2026-05-04 09:31:58.616491,0.11291264675951183,1918.7294041247908,1918.6164914780313
2026-05-04 09:31:59.197043,0.04881853994022382,1919.2458611102445,1919.1970425703043
2026-05-04 09:31:59.400180,0.15278353888657262,1919.5529632842174,1919.400179745331
2026-05-04 09:31:59.486203,0.054540817657652285,1919.607504101875,1919.486203386561
2026-05-04 09:31:59.739573,0.0013405425254327536,1919.7409132545167,1919.7395727119913
2026-05-04 09:32:00.231969,0.02278657164044359,1920.2547551307944,1920.231968559154
2026-05-04 09:32:01.855574,0.29698508052481504,1922.1525591097402,1921.8555740292154
2026-05-04 09:32:02.076077,0.08292764131071428,1922.235486751051,1922.0760768509072
2026-05-04 09:32:02.225493,0.09382000116676943,1922.3293067522177,1922.2254927190243
2026-05-04 09:32:03.248770,0.2960028956523663,1923.544773114813,1923.2487702191606
2026-05-04 09:32:03.250992,0.2654687944087024,1923.8102419092218,1923.2509924542173
2026-05-04 09:32:03.488139,0.22258689159543585,1924.0328288008172,1923.4881393308322
2026-05-04 09:32:03.598321,0.7213427630690561,1924.7541715638863,1923.5983210304375
2026-05-04 09:32:03.932360,0.06637057921243789,1924.8205421430987,1923.932360487609
2026-05-04 09:32:04.657530,0.09465572904618393,1924.915197872145,1924.657530117136
2026-05-04 09:32:04.820750,0.35879528902737834,1925.2739931611723,1924.820750189186
2026-05-04 09:32:05.284077,0.36774557598658664,1925.6518226346495,1925.284077058663
2026-05-04 09:32:05.405434,0.6965148296280188,1926.3483374642776,1925.4054344750452
2026-05-04 09:32:05.818377,0.1601833215829319,1926.5085207858606,1925.818376508023
2026-05-04 09:32:05.894855,0.019867784936651776,1926.5283885707972,1925.8948549665674
2026-05-04 09:32:06.058124,0.4266420615793674,1926.9550306323765,1926.0581237592476
2026-05-04 09:32:06.094411,0.0718029250680797,1927.0268335574447,1926.0944109037841
2026-05-04 09:32:06.688166,0.2366175469327282,1927.2634511043773,1926.688165657287
2026-05-04 09:32:07.529578,0.6539966334320726,1928.1835748351277,1927.5295782016956
2026-05-04 09:32:07.688897,0.21671719807712808,1928.4002920332048,1927.688897172271
2026-05-04 09:32:07.868129,0.10394052643596385,1928.5042325596407,1927.86812910697
2026-05-04 09:32:07.901787,0.06310809194120752,1928.5673406515818,1927.9017869886472
2026-05-04 09:32:08.064399,0.12025872534191157,1928.6875993769238,1928.0643990876629
2026-05-04 09:32:08.122713,0.08275862100693152,1928.7703579979307,1928.1227133895136
2026-05-04 09:32:08.334320,0.019826811748160367,1928.7901848096787,1928.3343203586721
2026-05-04 09:32:08.402500,0.00967029418151187,1928.7998551038602,1928.4025003617414
2026-05-04 09:32:08.826586,0.05247861479741655,1928.8790643908042,1928.8265857760068
2026-05-04 09:32:08.919025,0.2166159206604275,1929.1356405384086,1928.9190246177482
2026-05-04 09:32:09.014442,0.027674808766508276,1929.163315347175,1929.014442225522
2026-05-04 09:32:09.683823,0.026693075267468544,1929.7105163353917,1929.6838232601242
2026-05-04 09:32:09.699996,0.035665676229084085,1929.7461820116207,1929.6999959989096
2026-05-04 09:32:10.555437,0.07821406573367878,1930.633651209963,1930.5554371442295
2026-05-04 09:32:10.854590,0.15150865257647367,1931.0060983525614,1930.854589699985
2026-05-04 09:32:10.936441,0.004560139626826848,1931.0106584921882,1930.9364408336078
2026-05-04 09:32:11.465271,0.917924926246357,1932.3831962655693,1931.465271339323
2026-05-04 09:32:11.752603,0.33564807410536845,1932.7188443396747,1931.7526031030523
2026-05-04 09:32:11.788043,0.1529983291988859,1932.8718426688736,1931.7880431777537
2026-05-04 09:32:11.962116,0.04038739824786606,1932.9122300671215,1931.9621159868761
2026-05-04 09:32:12.311788,0.1807573060493799,1933.092987373171,1932.3117880695768
2026-05-04 09:32:12.665005,0.14116661318877005,1933.2341539863596,1932.6650048587098
2026-05-04 09:32:12.762840,0.49088460256605526,1933.7250385889256,1932.7628404284005
2026-05-04 09:32:13.297624,0.14757260617237797,1933.872611195098,1933.29762398746
2026-05-04 09:32:13.992381,0.3512664942792146,1934.3436472963,1933.992380802021
2026-05-04 09:32:14.015085,0.17110203885659095,1934.5147493351567,1934.0150848746212
2026-05-04 09:32:14.058356,0.0670678697535133,1934.5818172049103,1934.05835624542
2026-05-04 09:32:14.110240,0.0008591845267190041,1934.582676389437,1934.1102400504803
2026-05-04 09:32:14.281643,0.1290972359963428,1934.7117736254334,1934.2816425253084
2026-05-04 09:32:15.256954,0.36929373307369634,1935.6262473585355,1935.2569536254618
2026-05-04 09:32:15.450522,0.003680974969094669,1935.6299283335045,1935.4505216584303
2026-05-04 09:32:15.476809,0.003544973197640827,1935.6334733067022,1935.476809076559
2026-05-04 09:32:15.623962,0.2344484279191626,1935.8679217346214,1935.6239622072787
2026-05-04 09:32:15.939537,0.0803576377809492,1936.0198945009975,1935.9395368632165
2026-05-04 09:32:16.111583,0.1414473297189853,1936.2530298869797,1936.1115825572606
2026-05-04 09:32:16.154352,0.06922028969290714,1936.3222501766725,1936.154351852977
2026-05-04 09:32:16.438540,0.044616445824386786,1936.4831562825404,1936.438539836716
2026-05-04 09:32:16.510272,0.15832682697279438,1936.6685990578019,1936.510272230829
2026-05-04 09:32:17.127579,0.03744626607340037,1937.1650250224895,1937.1275787564161
2026-05-04 09:32:17.965488,0.008402333208542187,1937.973890746328,1937.9654884131194
2026-05-04 09:32:18.132929,0.028436694522025296,1938.1613654693344,1938.1329287748124
2026-05-04 09:32:18.172765,0.15486611511790335,1938.3276315053845,1938.1727653902665
2026-05-04 09:32:18.427965,0.029129086305518734,1938.4570940321119,1938.4279649458063
2026-05-04 09:32:18.615269,0.11364706029638766,1938.728915784051,1938.6152687237545
2026-05-04 09:32:18.848260,0.1610842640458967,1939.0093446742248,1938.848260410179
2026-05-04 09:32:19.002170,0.24407862753710688,1939.253423301762,1939.002169912202
2026-05-04 09:32:19.078539,0.0635439427626328,1939.3169672445247,1939.0785394944394
2026-05-04 09:32:19.085743,0.28659972476746376,1939.6035669692922,1939.085742967754
2026-05-04 09:32:19.439085,0.21686690136273412,1939.8204338706548,1939.4390847647473
2026-05-04 09:32:19.555537,0.04100468522715223,1939.861438555882,1939.555536930682
2026-05-04 09:32:20.584493,0.2246175364975665,1940.8091104053524,1940.5844928688548
2026-05-04 09:32:21.127180,0.3950934893930635,1941.5222733823648,1941.1271798929718
2026-05-04 09:32:21.368174,0.08396828789471356,1941.6062416702596,1941.3681738887478
2026-05-04 09:32:21.469950,0.5292178789271035,1942.1354595491866,1941.4699503566276
2026-05-04 09:32:22.127718,0.24364450648011549,1942.3791040556669,1942.127718052437
2026-05-04 09:32:22.303801,0.007907249650571706,1942.3870113053174,1942.3038005940673
2026-05-04 09:32:22.906491,0.27358554111630595,1943.1800768060186,1942.9064912649023
2026-05-04 09:32:23.021208,0.23876056903594212,1943.4188373750546,1943.0212081780978
2026-05-04 09:32:23.784218,0.26109135502616443,1944.045309488569,1943.784218133543
2026-05-04 09:32:24.127246,0.5215186701328626,1944.6487641977185,1944.1272455275857
2026-05-04 09:32:24.234688,0.1758051847489918,1944.8245693824674,1944.2346882972213
2026-05-04 09:32:24.249048,0.0024541727372069475,1944.8270235552047,1944.2490483609386
2026-05-04 09:32:24.427705,0.034949074376099044,1944.8619726295808,1944.4277050230503
2026-05-04 09:32:24.452251,0.09975062653395567,1944.9617232561147,1944.4522508569682
2026-05-04 09:32:24.860409,0.09729163446716203,1945.059014890582,1944.860409238755
2026-05-04 09:32:25.035335,0.10131152496706189,1945.160326415549,1945.0353354332376
2026-05-04 09:32:25.503249,0.180763405806494,1945.6840121814157,1945.503248775609
2026-05-04 09:32:26.138241,0.06932094072806222,1946.2075624252564,1946.1382414845282
2026-05-04 09:32:26.398902,0.12674501918501066,1946.5256474172184,1946.3989023980334
2026-05-04 09:32:26.604676,0.19254932378634948,1946.7972249740317,1946.6046756502453
2026-05-04 09:32:26.746101,0.4499874366166061,1947.2472124106482,1946.7461006805213
2026-05-04 09:32:26.787793,0.6575909799030422,1947.9048033905513,1946.787792763543
2026-05-04 09:32:27.499675,0.4503509358441842,1948.3551543263954,1947.499674718703
2026-05-04 09:32:27.997478,0.06656623726195451,1948.4217205636573,1947.9974781554306
2026-05-04 09:32:28.240123,0.30423350353561507,1948.725954067193,1948.2401232255888
2026-05-04 09:32:28.864644,0.09855619448537649,1948.9632000284103,1948.864643833925
2026-05-04 09:32:28.959856,0.36691810583035617,1949.3301181342406,1948.959855837598
2026-05-04 09:32:29.903268,0.17929373518050645,1950.082561295679,1949.9032675604985
2026-05-04 09:32:30.007898,0.4659375518534691,1950.5484988475323,1950.0078977361404
2026-05-04 09:32:31.019975,0.01598267614955616,1951.0359574995036,1951.019974823354
2026-05-04 09:32:31.169420,0.7457315324658881,1951.9151519581897,1951.1694204257237
2026-05-04 09:32:31.635379,0.3046021956288647,1952.2197541538185,1951.6353793420983
2026-05-04 09:32:32.216294,0.015915512741257173,1952.2356696665597,1952.2162937540377
2026-05-04 09:32:32.695287,0.08512022523012619,1952.780407298499,1952.695287073269
2026-05-04 09:32:33.139353,0.2785773059372321,1953.4179300216426,1953.1393527157054
2026-05-04 09:32:33.330057,0.37355683644874843,1953.7914868580913,1953.3300567520735
2026-05-04 09:32:34.707004,0.48480338949343793,1955.191807419982,1954.7070040304886
2026-05-04 09:32:36.408337,0.13614025640259783,1956.5444773543309,1956.4083370979283
2026-05-04 09:32:37.280312,0.08522964951511175,1957.365541972468,1957.2803123229528
2026-05-04 09:32:37.717016,0.04286413076438535,1957.759880076799,1957.7170159460345
2026-05-04 09:32:38.109201,0.337386737643618,1958.4465874668385,1958.109200729195
2026-05-04 09:32:38.398424,0.03972008704782035,1958.4863075538863,1958.3984244953185
2026-05-04 09:32:38.460924,0.021337182786321792,1958.5076447366725,1958.4609239700073
2026-05-04 09:32:38.638948,0.09419290204907933,1958.7331404387398,1958.6389475366907
2026-05-04 09:32:39.006284,0.1388267688473053,1959.1451106571888,1959.0062838883414
2026-05-04 09:32:39.173501,0.04596681137609808,1959.2194675769447,1959.1735007655686
2026-05-04 09:32:39.397332,0.5329384795690074,1959.9302701657552,1959.3973316861861
2026-05-04 09:32:39.516066,0.03418476771132419,1959.9644549334666,1959.5160661559114
2026-05-04 09:32:39.817144,0.005210839850605857,1959.9696657733173,1959.8171438109534
2026-05-04 09:32:39.823350,0.027889359067857146,1959.997555132385,1959.823349887925
2026-05-04 09:32:40.299163,0.21531075229323832,1960.514473517209,1960.2991627649158
2026-05-04 09:32:40.335350,0.034646973072107734,1960.549120490281,1960.3353495666313
2026-05-04 09:32:40.674472,0.06033437929294159,1960.7348061417833,1960.6744717624904
2026-05-04 09:32:41.815485,0.0630769051812059,1961.8785622329967,1961.8154853278156
2026-05-04 09:32:41.880248,0.30710663289524653,1962.1873545634885,1961.8802479305932
2026-05-04 09:32:42.478975,0.0016103433912256133,1962.4805851728688,1962.4789748294777
2026-05-04 09:32:43.116268,0.07710715873445502,1963.193375408469,1963.1162682497345
2026-05-04 09:32:43.310663,0.48250679927837326,1963.7931696856697,1963.3106628863914
2026-05-04 09:32:43.640922,0.12851854757562667,1963.9216882332453,1963.6409222284155
2026-05-04 09:32:43.859600,0.06504364125489201,1963.9867318745003,1963.8596000384252
2026-05-04 09:32:43.864931,0.04790434608172378,1964.034636220582,1963.864931086732
2026-05-04 09:32:44.546176,0.040084773208916576,1964.586260829677,1964.546176056468
2026-05-04 09:32:44.552604,0.10449708261242192,1964.6907579122894,1964.552604064068
2026-05-04 09:32:45.388150,0.1176793588251926,1965.5058293475656,1965.3881499887405
2026-05-04 09:32:45.422766,0.12876489905422464,1965.6345942466198,1965.4227661607706
2026-05-04 09:32:45.738556,0.3580585864262034,1966.0966146900648,1965.7385561036385
2026-05-04 09:32:45.760734,0.12203260855529621,1966.2186472986202,1965.7607337737495
2026-05-04 09:32:46.221535,0.1730793201411901,1966.394613886129,1966.221534565988
2026-05-04 09:32:46.226595,0.43565951702144495,1966.8302734031504,1966.2265951884733
2026-05-04 09:32:46.360286,0.012093767538614731,1966.842367170689,1966.3602864385991
2026-05-04 09:32:46.407608,0.6193298357292009,1967.461697006418,1966.4076075445823
2026-05-04 09:32:47.113772,0.2605656920001651,1967.7222626984183,1967.1137718169118
2026-05-04 09:32:47.429282,0.1680534574647918,1967.890316155883,1967.4292817831845
2026-05-04 09:32:47.521269,0.34182743428933104,1968.2321435901724,1967.5212693597352
2026-05-04 09:32:47.766343,0.1229238584584536,1968.355067448631,1967.7663425634066
2026-05-04 09:32:47.953440,0.23684758258534622,1968.5919150312163,1967.953440268733
2026-05-04 09:32:48.322192,0.21978307096094518,1968.8116981021774,1968.322192126148
2026-05-04 09:32:48.808467,0.12368044837231676,1968.9353785505498,1968.8084672909256
2026-05-04 09:32:49.036880,0.05126411510660411,1969.088144039622,1969.0368799245155
2026-05-04 09:32:49.378686,0.7630910066743165,1970.1417774027032,1969.3786863960288
2026-05-04 09:32:50.748244,0.11823998750741352,1970.866484084658,1970.7482440971505
2026-05-04 09:32:51.138882,0.22067870059143263,1971.3595609612523,1971.138882260661
2026-05-04 09:32:51.337979,0.2286504964568768,1971.5882114577091,1971.3379790216327
2026-05-04 09:32:51.471855,0.06455660512164778,1971.6527680628308,1971.4718548236174
2026-05-04 09:32:51.705804,0.27770215975768514,1971.9835062248703,1971.7058040651127
2026-05-04 09:32:51.893615,0.07006221860580523,1972.053568443476,1971.8936154435894
2026-05-04 09:32:51.933207,0.1915682733962793,1972.2451367168724,1971.9332071531924
2026-05-04 09:32:51.934017,0.057733399420632714,1972.302870116293,1971.9340170982061
2026-05-04 09:32:52.435023,0.19618021972695363,1972.6312027250058,1972.4350225052788
2026-05-04 09:32:52.888219,0.07634283426145047,1972.964561661825,1972.8882188275636
2026-05-04 09:32:52.919560,0.10486775897330297,1973.0694294207983,1972.919559659398
2026-05-04 09:32:53.214153,0.14433750127986458,1973.3584909494375,1973.2141534481577
2026-05-04 09:32:53.379512,0.11324570229633642,1973.492758106085,1973.3795124037886
2026-05-04 09:32:53.598575,0.03826948444755408,1973.636844713432,1973.5985752289846
2026-05-04 09:32:53.668584,0.09084625401600567,1973.7594305362288,1973.6685842822128
2026-05-04 09:32:54.412279,0.04093961140141237,1974.453218375787,1974.4122787643855
2026-05-04 09:32:54.466776,0.0066046495714793515,1974.4733807771827,1974.4667761276112
2026-05-04 09:32:54.765652,0.33397419325836036,1975.0996257113065,1974.7656515180481
2026-05-04 09:32:55.073397,0.2000953077142078,1975.2997210190208,1975.0733969664432
2026-05-04 09:32:55.221981,0.016803576481643476,1975.3165245955024,1975.221981150318
2026-05-04 09:32:55.556646,0.3216652022552913,1975.878311369871,1975.5566461676158
2026-05-04 09:32:55.601028,0.2511700220831873,1976.1294813919542,1975.6010278706444
2026-05-04 09:32:55.747024,0.08689605852574592,1976.21637745048,1975.7470239555628
2026-05-04 09:32:56.002312,0.018082505969263925,1976.2344599564492,1976.0023120781489
2026-05-04 09:32:57.114460,0.13762303776689133,1977.2520826947334,1977.1144596569666
2026-05-04 09:32:57.330954,0.1363424159196636,1977.4672966987837,1977.330954282864
2026-05-04 09:32:57.532528,0.11401067682565591,1977.6465389648702,1977.5325282880444
2026-05-04 09:32:57.728153,0.24489180320877357,1977.973045098029,1977.7281532948202
2026-05-04 09:32:58.102551,0.021741766532115136,1978.124292567772,1978.1025508012399
2026-05-04 09:32:58.551664,0.1435896892082557,1978.6952537345528,1978.5516640453445
2026-05-04 09:32:58.940780,0.11367816504724955,1979.0544578767867,1978.9407797117394
2026-05-04 09:32:59.164686,0.06646303729832802,1979.2311491549153,1979.164686117617
2026-05-04 09:32:59.594246,0.527280496624701,1980.1215263946767,1979.5942458980521
2026-05-04 09:33:00.278372,0.02652949166148454,1980.30490112299,1980.2783716313286
2026-05-04 09:33:00.352455,0.16127785099470104,1980.5137332224174,1980.3524553714226
2026-05-04 09:33:00.380223,0.18741407799849602,1980.7011473004159,1980.3802229431235
2026-05-04 09:33:00.481584,0.2816828346713922,1980.9828301350872,1980.4815844318455
2026-05-04 09:33:00.623444,0.0584925247397233,1981.0413226598268,1980.6234440787578
2026-05-04 09:33:00.715161,0.0959449303450441,1981.1372675901719,1980.7151609705488
2026-05-04 09:33:01.029833,0.18082420891723316,1981.3180917990892,1981.0298329481186
2026-05-04 09:33:01.044415,0.18242128358969661,1981.500513082679,1981.0444153059043
2026-05-04 09:33:01.459955,0.13091116181360535,1981.6314242444926,1981.459954990187
2026-05-04 09:33:01.480802,0.09063899768856146,1981.722063242181,1981.4808017517446
2026-05-04 09:33:01.902776,0.1010914691298403,1982.0038672679193,1981.9027757987894
2026-05-04 09:33:02.244698,0.0053327607902937035,1982.250030663306,1982.2446979025158
2026-05-04 09:33:02.256753,0.2246342559581177,1982.4813868412884,1982.2567525853303
2026-05-04 09:33:02.758687,0.06282347809847454,1982.8215100748955,1982.7586865967971
2026-05-04 09:33:03.147407,0.006683083510181591,1983.1540899066945,1983.1474068231844
2026-05-04 09:33:03.836615,0.13138076693295178,1983.967995500707,1983.836614733774
2026-05-04 09:33:04.001044,0.19251498303556125,1984.193558785801,1984.0010438027655
2026-05-04 09:33:04.290498,0.1962426215114671,1984.4867405626535,1984.2904979411421
2026-05-04 09:33:04.320145,0.013225149668404502,1984.499965712322,1984.3201453693282
2026-05-04 09:33:04.444389,0.007889518144485427,1984.5078552304665,1984.4443887966504
2026-05-04 09:33:04.941894,0.07572309795177508,1985.017616643331,1984.9418935453791
2026-05-04 09:33:05.115752,0.35229382498673967,1985.4680462500564,1985.1157524250698
2026-05-04 09:33:05.768767,0.14356517031976385,1985.9123324106577,1985.7687672403379
2026-05-04 09:33:05.991936,0.22113809882718705,1986.2130744357314,1985.9919363369042
2026-05-04 09:33:07.208991,0.0033055600797845678,1987.2122970026264,1987.2089914425467
2026-05-04 09:33:07.397744,0.3511042031680196,1987.748848039279,1987.397743836111
2026-05-04 09:33:07.672121,0.0007256593159429602,1987.749573698595,1987.6721209717741
2026-05-04 09:33:08.499665,0.21905928316796253,1988.7187238510007,1988.4996645678327
2026-05-04 09:33:08.502319,0.08860964553079953,1988.8073334965316,1988.5023185106309
2026-05-04 09:33:09.438187,0.06733142688943512,1989.50551847141,1989.4381870445204
2026-05-04 09:33:10.069660,0.7104861101079019,1990.7801465238363,1990.0696604137283
2026-05-04 09:33:11.205923,0.25670512111076643,1991.4626277267857,1991.205922605675
2026-05-04 09:33:11.431988,0.10902254657943167,1991.571650273365,1991.4319880331695
2026-05-04 09:33:11.643434,0.1943506502181357,1991.8377850003635,1991.6434343501453
2026-05-04 09:33:12.250783,0.033072865881342166,1992.283855925008,1992.2507830591267
2026-05-04 09:33:12.723717,0.024328846640617793,1992.7480457212741,1992.7237168746335
2026-05-04 09:33:13.242784,0.1816993896134126,1993.4244834367428,1993.2427840471294
2026-05-04 09:33:15.044558,0.013746021382159683,1995.05830439428,1995.0445583728979
2026-05-04 09:33:15.338016,0.2714729495204301,1995.6094885543707,1995.3380156048504
2026-05-04 09:33:15.604798,0.1952612129840015,1995.8047497673547,1995.6047976779676
2026-05-04 09:33:16.055131,0.05294651478294036,1996.1080775628463,1996.0551310480635
2026-05-04 09:33:16.196816,0.3718062434574927,1996.5686218935643,1996.1968156501068
2026-05-04 09:33:16.327773,0.18039377314390478,1996.7490156667081,1996.3277726749845
2026-05-04 09:33:16.616147,0.3082266554541613,1997.0572423221622,1996.6161466216627
2026-05-04 09:33:16.653314,0.2679619863677127,1997.32520430853,1996.6533135227814
2026-05-04 09:33:16.657584,0.024118722055824937,1997.3493230305858,1996.6575835566578
2026-05-04 09:33:16.987124,0.2901729833627171,1997.6394960139485,1996.9871237847585
2026-05-04 09:33:17.205646,0.043199687762270254,1997.6826957017108,1997.2056462441485
2026-05-04 09:33:17.247191,0.063685193810711,1997.7463808955215,1997.2471906493413
2026-05-04 09:33:17.254090,0.0030872487083837847,1997.74946814423,1997.2540896946093
2026-05-04 09:33:17.269414,0.1357214394220188,1997.885189583652,1997.269413692511
2026-05-04 09:33:17.348318,0.3039916526920379,1998.189181236344,1997.3483184164213
2026-05-04 09:33:17.565384,0.3346038142105402,1998.5237850505546,1997.5653837591296
2026-05-04 09:33:17.718083,0.17455828562131953,1998.6983433361759,1997.718082760519
2026-05-04 09:33:17.876023,0.19692324512918247,1998.8952665813051,1997.87602277332
2026-05-04 09:33:17.996160,0.23541850306823375,1999.1306850843735,1997.9961603656452
2026-05-04 09:33:18.595619,0.04482793675262698,1999.175513021126,1998.5956186025508
2026-05-04 09:33:20.440602,0.07441134542616318,2000.515013664276,2000.4406023188499
2026-05-04 09:33:21.432088,0.3590558253638362,2001.791143940811,2001.4320881154472
2026-05-04 09:33:21.714577,0.05247163525203086,2001.843615576063,2001.714577271902
2026-05-04 09:33:21.969857,0.005907594361205961,2001.9757648533393,2001.9698572589782
2026-05-04 09:33:22.868870,0.021091943938643422,2002.8899623900836,2002.868870446145
2026-05-04 09:33:23.040139,0.10382096810888569,2003.143960355037,2003.040139386928
2026-05-04 09:33:23.042426,0.21555128669148474,2003.3595116417284,2003.0424257877778
2026-05-04 09:33:23.663937,0.47456425797038504,2004.1385016755107,2003.6639374175404
2026-05-04 09:33:24.462078,0.08284245951782249,2004.5449203373616,2004.4620778778437
2026-05-04 09:33:24.595670,0.11430511090870595,2004.709974831954,2004.5956697210454
2026-05-04 09:33:24.686086,0.09816028336652045,2004.8081351153205,2004.6860857687195
2026-05-04 09:33:25.132195,0.0405957262155211,2005.1727905502257,2005.1321948240102
2026-05-04 09:33:25.450586,0.15411267212246663,2005.6046986543124,2005.45058598219
2026-05-04 09:33:25.503304,0.203356326724442,2005.8080549810368,2005.5033043387086
2026-05-04 09:33:25.758655,0.01498735334817839,2005.823042334385,2005.7586546583652
2026-05-04 09:33:25.984644,0.0163009374396539,2006.0009452746804,2005.9846443372408
2026-05-04 09:33:26.405547,0.10096392529325023,2006.5065113678438,2006.4055474425506
2026-05-04 09:33:27.093296,0.7441914733111351,2007.8374878750044,2007.0932964016934
2026-05-04 09:33:27.699590,0.02875376871520738,2007.8662416437196,2007.699589544351
2026-05-04 09:33:28.078211,0.08439759640954167,2008.1626089455553,2008.0782113491457
2026-05-04 09:33:29.185291,0.20702505665070775,2009.392315802643,2009.1852907459922
2026-05-04 09:33:29.288302,0.039305406182733794,2009.4316212088256,2009.2883018841417
2026-05-04 09:33:29.354277,0.33470150375465557,2009.7663227125802,2009.3542768806124
2026-05-04 09:33:29.506525,0.06930859680604143,2009.8356313093861,2009.5065253051682
2026-05-04 09:33:29.864542,0.04169391573797564,2009.90623639329,2009.864542477552
2026-05-04 09:33:30.583522,0.044230991971037054,2010.6277529641109,2010.5835219721398
2026-05-04 09:33:31.130030,0.3402609016536441,2011.4702907618096,2011.130029860156
2026-05-04 09:33:31.189809,0.06839133799095562,2011.5386820998006,2011.189809033776
2026-05-04 09:33:31.568806,0.46135898355662025,2012.0301645179104,2011.5688055343537
2026-05-04 09:33:33.094036,0.13039735226645155,2013.2244333554133,2013.0940360031468
2026-05-04 09:33:33.615154,0.16832387899337625,2013.783478121444,2013.6151542424507
2026-05-04 09:33:34.253212,0.16246846950561086,2014.4156808622824,2014.2532123927767
2026-05-04 09:33:34.504803,0.39042958739140554,2014.8952328696894,2014.5048032822979
2026-05-04 09:33:35.678729,0.012409260157007634,2015.691138553575,2015.678729293418
2026-05-04 09:33:35.693852,0.008457099591620726,2015.7023086427805,2015.6938515431889
2026-05-04 09:33:35.729408,0.27766623910482263,2016.0070742108871,2015.7294079717824
2026-05-04 09:33:36.895598,0.02433963199833372,2016.9199373264157,2016.8955976944173
2026-05-04 09:33:37.359303,0.04585229686303092,2017.4051555031006,2017.3593032062374
2026-05-04 09:33:37.606043,0.03647107594988661,2017.6425141910845,2017.6060431151345
2026-05-04 09:33:38.041389,0.11364724380191847,2018.1550361421287,2018.0413888983267
2026-05-04 09:33:39.097915,0.03790933639432376,2019.1358240231762,2019.097914686782
2026-05-04 09:33:39.527734,0.15461069580266862,2019.682344785875,2019.5277340900725
2026-05-04 09:33:39.768081,0.4909833880413421,2020.2590647955367,2019.7680814074954
2026-05-04 09:33:40.052064,0.12024425810121052,2020.3793090536378,2020.052063689244
2026-05-04 09:33:40.386261,0.13606566790324104,2020.5223268513696,2020.3862611834663
2026-05-04 09:33:40.748430,0.6595805597434876,2021.408010205503,2020.7484296457594
2026-05-04 09:33:41.125778,0.1596272473292347,2021.567637452832,2021.1257781156903
2026-05-04 09:33:41.152884,0.08614263231686659,2021.653780085149,2021.152884273922
2026-05-04 09:33:41.198796,0.06890642562438917,2021.7226865107734,2021.1987961389577
2026-05-04 09:33:41.608428,0.1267167240783939,2021.849403234852,2021.6084283144826
2026-05-04 09:33:42.151150,0.16270215629214754,2022.3138524826745,2022.1511503263823
2026-05-04 09:33:42.269720,0.5033872882444895,2022.817239770919,2022.269719949261
2026-05-04 09:33:42.488947,0.003934296895553159,2022.8211740678146,2022.488946635911
2026-05-04 09:33:42.595020,0.34973373502458743,2023.170907802839,2022.5950199776923
2026-05-04 09:33:43.454935,0.20511657744597436,2023.6600514011236,2023.4549348236776
2026-05-04 09:33:43.545349,0.08945621759472683,2023.7495076187183,2023.5453487776979
2026-05-04 09:33:44.063461,0.5361316681519835,2024.5995923202331,2024.0634606520812
2026-05-04 09:33:44.167700,0.3611850060878192,2024.960777326321,2024.1676998395487
2026-05-04 09:33:44.443567,0.01769094320630033,2024.9784682695274,2024.443566718915
2026-05-04 09:33:44.921148,0.38307528979462874,2025.361543559322,2024.92114838202
2026-05-04 09:33:45.024326,0.15360694219529553,2025.5151505015172,2025.0243258486
2026-05-04 09:33:45.455258,0.01211546914653442,2025.5272659706636,2025.45525824353
2026-05-04 09:33:45.747339,0.02623406222056301,2025.7735726184774,2025.7473385562569
2026-05-04 09:33:45.947691,0.28448933889157885,2026.2321802961558,2025.9476909572643
2026-05-04 09:33:46.466847,0.15250406078513812,2026.6193507205874,2026.4668466598023
2026-05-04 09:33:46.862130,0.8732605166023794,2027.7353908229877,2026.8621303063853
2026-05-04 09:33:47.013757,0.5511239457061878,2028.286514768694,2027.0137571099526
2026-05-04 09:33:47.191781,0.1545428691176965,2028.4410576378116,2027.191781134182
2026-05-04 09:33:47.486413,0.06557283879224886,2028.5066304766037,2027.4864126644693
2026-05-04 09:33:47.676184,0.08155210375526802,2028.588182580359,2027.6761840854786
2026-05-04 09:33:47.954557,0.08452843588423355,2028.6727110162433,2027.9545568279448
2026-05-04 09:33:48.863338,0.3859071636155175,2029.2492455609358,2028.8633383973204
2026-05-04 09:33:49.449465,0.0009494487554751705,2029.4504147843215,2029.4494653355662
2026-05-04 09:33:49.646556,0.12893984785489426,2029.7754963361356,2029.6465564882808
2026-05-04 09:33:50.706142,0.3195159696086652,2031.0256580653604,2030.7061420957518
2026-05-04 09:33:51.048173,0.2519456926916121,2031.3001191314095,2031.0481734387179
2026-05-04 09:33:51.051033,0.2688742106764471,2031.5689933420858,2031.0510329797598
2026-05-04 09:33:51.229084,0.08487140696364393,2031.6538647490495,2031.2290839265288
2026-05-04 09:33:51.583275,0.15491928273852454,2031.808784031788,2031.583275349292
2026-05-04 09:33:52.771642,0.05276804274469269,2032.824410234567,2032.7716421918224
2026-05-04 09:33:52.985424,0.36874486710063625,2033.35416866131,2032.9854237942095
2026-05-04 09:33:53.790794,0.037357497537574086,2033.8281510182019,2033.7907935206642
2026-05-04 09:33:54.058808,0.034580230749239126,2034.0933879160718,2034.0588076853226
2026-05-04 09:33:54.623575,0.1481665613222553,2034.7717411940914,2034.623574632769
2026-05-04 09:33:54.640290,0.03651373044008215,2034.8082549245314,2034.6402899558088
2026-05-04 09:33:54.865702,0.004323150075399618,2034.870024963744,2034.8657018136687
2026-05-04 09:33:55.383155,0.12605877397716359,2035.509213919369,2035.3831551453918
2026-05-04 09:33:55.479985,0.03628718008445574,2035.5455010994533,2035.4799850051616
2026-05-04 09:33:57.349217,0.14761966014948355,2037.496836870812,2037.3492172106626
2026-05-04 09:33:57.544246,0.05694723237702655,2037.6011928176524,2037.5442455852753
2026-05-04 09:33:57.921883,0.08013056459924611,2038.0020139360406,2037.9218833714413
2026-05-04 09:33:58.092954,0.10716784180385142,2038.20012214536,2038.092954303556
2026-05-04 09:33:58.288577,0.10344611010034628,2038.39202353208,2038.2885774219797
2026-05-04 09:33:58.461820,0.35081148218274394,2038.8126311729259,2038.4618196907431
2026-05-04 09:33:59.617922,0.6639136677530364,2040.281836099633,2039.6179224318798
2026-05-04 09:34:00.109293,0.01596573546960243,2040.2978018351025,2040.1092930534207
2026-05-04 09:34:00.411593,0.17343888176845448,2040.5850316669619,2040.4115927851933
2026-05-04 09:34:00.744559,0.18885851836336587,2040.933417112533,2040.7445585941698
2026-05-04 09:34:01.010636,0.15219377898115735,2041.1628300125903,2041.0106362336091
2026-05-04 09:34:01.300810,0.18707815467168123,2041.487888605663,2041.3008104509913
2026-05-04 09:34:03.324760,0.007915875510926871,2043.332675963741,2043.32476008823
2026-05-04 09:34:03.454382,0.04934421540215178,2043.5037261283087,2043.4543819129065
2026-05-04 09:34:03.767537,0.28945530179989776,2044.0569924109225,2043.7675371091225
2026-05-04 09:34:04.070744,0.11996093763795897,2044.1907046357192,2044.0707436980813
2026-05-04 09:34:04.670367,0.1295904375450309,2044.7999571078583,2044.6703666703133
2026-05-04 09:34:04.849883,0.025889537049178114,2044.8757729177396,2044.8498833806905
2026-05-04 09:34:05.641670,0.22122347893782723,2045.8628930269163,2045.6416695479784
2026-05-04 09:34:06.691574,0.06963763051231989,2046.7612113459782,2046.691573715466
2026-05-04 09:34:07.006284,0.3340639739954251,2047.3403475021687,2047.0062835281733
2026-05-04 09:34:07.021220,0.12230290568106915,2047.4626504078499,2047.0212199198845
2026-05-04 09:34:07.343152,0.2682018985388256,2047.7308523063887,2047.3431517337674
2026-05-04 09:34:07.595218,0.10433475031248825,2047.8351870567012,2047.5952176908038
2026-05-04 09:34:07.684944,0.2037421894146122,2048.038929246116,2047.6849439965677
2026-05-04 09:34:08.522584,0.3153583526147741,2048.8379422507046,2048.52258389809
2026-05-04 09:34:08.874912,0.07370568325273824,2048.948617471426,2048.8749117881734
2026-05-04 09:34:09.167691,0.3513512770945463,2049.519042360982,2049.1676910838873
2026-05-04 09:34:09.271115,0.03659261932169176,2049.5556349803037,2049.2711154796975
2026-05-04 09:34:09.459397,0.08258862039490067,2049.6382236006984,2049.4593972809503
2026-05-04 09:34:09.629451,0.1320939493379425,2049.7703175500365,2049.629451495301
2026-05-04 09:34:10.901714,0.09655236219513963,2050.9982668075127,2050.9017144453173
2026-05-04 09:34:11.378368,0.018556197062775108,2051.396923719039,2051.378367521976
2026-05-04 09:34:11.413678,0.297484205847728,2051.7111625847247,2051.4136783788767
2026-05-04 09:34:11.495155,0.24122945511627064,2051.952392039841,2051.4951546470456
2026-05-04 09:34:12.144992,0.0600280369996818,2052.205020435584,2052.1449923985847
2026-05-04 09:34:13.049713,0.4147956043395004,2053.464508864345,2053.049713260006
2026-05-04 09:34:13.210375,0.03980916283061048,2053.504318027176,2053.2103745347295
2026-05-04 09:34:13.273923,0.09055944696769903,2053.5948774741437,2053.2739233002644
2026-05-04 09:34:13.548060,0.16628322641828389,2053.761160700562,2053.5480596478833
2026-05-04 09:34:13.584773,0.10170254330044524,2053.862863243862,2053.584772591837
2026-05-04 09:34:13.703188,0.052643228490418206,2053.9155064723527,2053.7031876482424
2026-05-04 09:34:13.774268,0.22426844963446202,2054.1397749219873,2053.7742676026733
2026-05-04 09:34:13.818267,0.15892441959049652,2054.298699341578,2053.81826672913
2026-05-04 09:34:13.846596,0.352803663981589,2054.6515030055593,2053.8465961580087
2026-05-04 09:34:14.776690,0.14375627288093437,2054.920446293575,2054.776690020694
2026-05-04 09:34:14.926683,0.61616742411374,2055.542850176369,2054.926682752255
2026-05-04 09:34:15.021827,0.09414244582911024,2055.6369926221982,2055.0218267504924
2026-05-04 09:34:15.145674,0.167053431722182,2055.8040460539205,2055.145674269346
2026-05-04 09:34:15.287720,0.04733400628934616,2055.85138006021,2055.287719947667
2026-05-04 09:34:15.411066,0.11065174791897499,2055.962031808129,2055.411066004124
2026-05-04 09:34:15.427362,0.3332181655226961,2056.2952499736516,2055.4273618701677
2026-05-04 09:34:15.946065,0.16823111631604462,2056.4634810899674,2055.9460650792166
2026-05-04 09:34:16.205929,0.10781265353129368,2056.5712937434987,2056.2059287139637
2026-05-04 09:34:16.497274,0.014931495762558453,2056.5862252392612,2056.497273627954
2026-05-04 09:34:16.680917,0.1071850192338274,2056.788101707674,2056.68091668844
2026-05-04 09:34:17.072804,0.0969178574605369,2057.169721814436,2057.0728039569753
2026-05-04 09:34:17.947889,0.07267281964432158,2058.020562054447,2057.947889234803
2026-05-04 09:34:18.253669,0.20693673360051745,2058.4606057211677,2058.253668987567
2026-05-04 09:34:18.431049,0.5846591533641371,2059.0452648745318,2058.431048689503
2026-05-04 09:34:18.443947,0.17723320755485483,2059.2224980820865,2058.443947109097
2026-05-04 09:34:19.326137,0.07485146797193853,2059.4009884919797,2059.326137024008
2026-05-04 09:34:19.326408,0.2778402491154194,2059.678828741095,2059.3264079587448
2026-05-04 09:34:20.381048,0.3275624426383021,2060.7086101767954,2060.381047734157
2026-05-04 09:34:21.013503,0.2578956867123784,2061.271398346441,2061.0135026597286
2026-05-04 09:34:21.211900,0.054622765903722184,2061.3260211123447,2061.2119004883525
2026-05-04 09:34:21.666870,0.7849942305152646,2062.451863824807,2061.6668695942917
2026-05-04 09:34:21.951772,0.15128754106709788,2062.603151365874,2061.951771883057
2026-05-04 09:34:22.392644,0.09022080713709281,2062.693372173011,2062.3926443880196
2026-05-04 09:34:22.565315,0.12462796667848137,2062.8180001396895,2062.5653149960053
2026-05-04 09:34:23.661737,0.25778404379889935,2063.919520929646,2063.661736885847
2026-05-04 09:34:24.037160,0.6440727407747139,2064.6812326727686,2064.0371599319938
2026-05-04 09:34:24.076252,0.6404534773625282,2065.321686150131,2064.076252417283
2026-05-04 09:34:24.215070,0.020421523695992747,2065.342107673827,2064.2150695980604
2026-05-04 09:34:24.400299,0.08963294459950849,2065.4317406184264,2064.400299425045
2026-05-04 09:34:26.315629,0.6113517132716461,2066.926980927121,2066.315629213849
2026-05-04 09:34:26.344452,0.06026274931656233,2066.9872436764376,2066.344451968919
2026-05-04 09:34:27.409750,0.007392371048758091,2067.417142044871,2067.4097496738223
2026-05-04 09:34:27.507902,0.5252437894609309,2068.033145892078,2067.507902102617
2026-05-04 09:34:27.626699,0.04747437339239832,2068.0806202654708,2067.6266992219907
2026-05-04 09:34:27.665939,0.40985183240810746,2068.490472097879,2067.665939296162
2026-05-04 09:34:27.907611,0.10453562172704603,2068.5950077196057,2067.907611397014
2026-05-04 09:34:28.102154,0.13441228449775466,2068.7294200041033,2068.1021541463438
2026-05-04 09:34:28.460782,0.07560222383016486,2068.8050222279335,2068.4607815272
2026-05-04 09:34:28.719720,0.07077061777645115,2068.87579284571,2068.7197204011673
2026-05-04 09:34:30.022541,0.067444721025867,2070.089985341518,2070.0225406204922
2026-05-04 09:34:30.539732,0.16764129103991054,2070.7073734825863,2070.539732191546
2026-05-04 09:34:30.604621,0.5001359371155241,2071.2075094197016,2070.6046208836583
2026-05-04 09:34:30.631537,0.0272554495946386,2071.234764869296,2070.631537170323
2026-05-04 09:34:30.823781,0.40503158534157013,2071.6397964546377,2070.8237806950183
2026-05-04 09:34:31.233918,0.2442859917901986,2071.884082446428,2071.2339180000936
2026-05-04 09:34:31.443278,0.05744506755458626,2071.9415275139822,2071.4432783822617
2026-05-04 09:34:31.526115,0.05371024785700071,2071.9952377618392,2071.5261153323913
2026-05-04 09:34:31.530528,0.6463090797833818,2072.6415468416226,2071.5305277241305
2026-05-04 09:34:31.700039,0.3970279916450969,2073.038574833268,2071.700038995034
2026-05-04 09:34:32.392309,0.04828383551479651,2073.0868586687825,2072.3923085893975
2026-05-04 09:34:32.854747,0.4640598283458688,2073.5509184971284,2072.8547469563487
2026-05-04 09:34:33.233350,0.03582931065741627,2073.5867478077857,2073.2333504627964
2026-05-04 09:34:33.701935,0.029005574097904364,2073.730940216422,2073.701934642324
2026-05-04 09:34:34.058687,0.6345529174303604,2074.6932400933924,2074.058687175962
2026-05-04 09:34:34.161494,0.1475876232697236,2074.8408277166623,2074.161493609111
2026-05-04 09:34:34.222514,0.6304653251690776,2075.4712930418314,2074.2225140455953
2026-05-04 09:34:35.007724,0.1176927418067409,2075.5889857836382,2075.0077241993035
2026-05-04 09:34:35.414257,0.04830785305879254,2075.637293636697,2075.41425716047
2026-05-04 09:34:35.812358,0.07901817987004123,2075.8913765854822,2075.812358405612
2026-05-04 09:34:36.403100,0.1820450585659635,2076.5851455113852,2076.403100452819
2026-05-04 09:34:36.410658,0.17126288877017876,2076.7564084001556,2076.410657585934
2026-05-04 09:34:37.243035,0.7051876409267219,2077.948222506868,2077.2430348659414
2026-05-04 09:34:37.741175,0.03835908775202807,2077.98658159462,2077.7411746683847
2026-05-04 09:34:37.920773,0.036730947182838564,2078.023312541803,2077.920772746285
2026-05-04 09:34:38.579486,0.18237543056064703,2078.761861265756,2078.5794858351956
2026-05-04 09:34:38.803825,0.08934402748420492,2078.8931687237364,2078.8038246962524
2026-05-04 09:34:38.974788,0.5251449312105982,2079.4999333273017,2078.9747883960913
2026-05-04 09:34:39.228132,0.23385799369762178,2079.7337913209994,2079.228131707511
2026-05-04 09:34:39.458938,0.011011984123171677,2079.744803305123,2079.4589380746083
2026-05-04 09:34:39.541632,0.1138297059684422,2079.858633011091,2079.5416321859593
2026-05-04 09:34:39.611174,1.0837732303334864,2080.9424062414246,2079.611174316201
2026-05-04 09:34:39.682373,0.13772844241921842,2081.080134683844,2079.6823729188363
2026-05-04 09:34:39.977798,0.08187661295847926,2081.1620112968026,2079.9777978921134
2026-05-04 09:34:40.017136,0.29425807431320755,2081.456269371116,2080.0171362749684
2026-05-04 09:34:40.040554,0.000258373167049572,2081.456527744283,2080.0405544835526
2026-05-04 09:34:40.671608,0.28377193946740736,2081.7402996837504,2080.6716080751553
2026-05-04 09:34:41.864475,0.23276962978323354,2082.097244393345,2081.8644747635617
2026-05-04 09:34:41.901571,0.13382174013528186,2082.2310661334805,2081.901571074506
2026-05-04 09:34:42.090975,0.1177802649572828,2082.3488463984377,2082.09097521221
2026-05-04 09:34:42.151575,0.6905445004150066,2083.0393908988526,2082.151575178763
2026-05-04 09:34:42.402665,0.05034267450861342,2083.089733573361,2082.402664711883
2026-05-04 09:34:42.448663,0.2046788344657216,2083.2944124078267,2082.448662878872
2026-05-04 09:34:43.135964,0.14250453652335637,2083.4369169443503,2083.1359638008844
2026-05-04 09:34:43.295303,0.4309185461032888,2083.8678354904537,2083.295302542624
2026-05-04 09:34:43.364847,0.18403837233661818,2084.05187386279,2083.3648469209493
2026-05-04 09:34:43.609971,0.0646608587762355,2084.1165347215665,2083.609971413138
2026-05-04 09:34:43.672627,0.19938745027365395,2084.31592217184,2083.6726274000475
2026-05-04 09:34:43.767650,0.3530291642364846,2084.6689513360766,2083.7676497412044
2026-05-04 09:34:44.377458,0.08609494820318263,2084.7550462842796,2084.3774578744997
2026-05-04 09:34:44.539668,0.08069557262182396,2084.835741856901,2084.5396677150716
2026-05-04 09:34:45.463518,0.11043307573314394,2085.5739515367713,2085.4635184610383
2026-05-04 09:34:45.468515,0.27558942962325933,2085.8495409663947,2085.468514568569
2026-05-04 09:34:45.583054,0.05189026747916786,2085.901431233874,2085.58305361252
2026-05-04 09:34:45.658670,0.02266652675563377,2085.9240977606296,2085.6586700961334
2026-05-04 09:34:45.673614,0.06682676600191269,2085.9909245266317,2085.67361395305
2026-05-04 09:34:45.734092,0.4054139611960798,2086.396338487828,2085.7340918668538
2026-05-04 09:34:45.770869,0.39108466374439116,2086.7874231515725,2085.7708689437495
2026-05-04 09:34:46.061340,0.47345307224305877,2087.2608762238156,2086.0613404180363
2026-05-04 09:34:46.102134,0.084207703717065,2087.3450839275324,2086.1021335620603
2026-05-04 09:34:46.156545,0.5661275281195203,2087.911211455652,2086.15654504701
2026-05-04 09:34:47.130328,0.011117333485178406,2087.9223287891373,2087.130328355291
2026-05-04 09:34:47.414711,0.4844870497855549,2088.4068158389227,2087.414710747005
2026-05-04 09:34:47.942818,0.495092773535324,2088.901908612458,2087.9428182711054
2026-05-04 09:34:48.169169,0.11808211155641697,2089.0199907240144,2088.169169496102
2026-05-04 09:34:48.420463,0.19253816214272115,2089.212528886157,2088.420463055138
2026-05-04 09:34:48.466804,0.18746088609959397,2089.3999897722565,2088.4668042325907
2026-05-04 09:34:48.629613,0.6911513085490867,2090.0911410808058,2088.6296128408294
2026-05-04 09:34:48.790297,0.20899167167593535,2090.3001327524817,2088.7902970676273
2026-05-04 09:34:49.577908,0.008851017301310675,2090.308983769783,2089.57790815138
2026-05-04 09:34:49.766274,0.10370825330355932,2090.4126920230865,2089.766273667238
2026-05-04 09:34:49.816512,0.4785235798884059,2090.891215602975,2089.8165121557468
2026-05-04 09:34:50.087646,0.1260507702642943,2091.017266373239,2090.0876459837204
2026-05-04 09:34:50.120437,0.024392111106710704,2091.041658484346,2090.1204374762056
2026-05-04 09:34:50.595168,0.2370493896304099,2091.2787078739766,2090.595167749734
2026-05-04 09:34:50.763442,0.1203799304918573,2091.3990878044683,2090.7634422438127
2026-05-04 09:34:50.814129,0.2603624097074737,2091.6594502141756,2090.8141292783594
2026-05-04 09:34:50.894372,0.117565907107104,2091.777016121283,2090.8943724360092
2026-05-04 09:34:51.643308,0.10120124186380819,2091.8782173631466,2091.6433079500957
2026-05-04 09:34:51.873375,0.4276429339151756,2092.305860297062,2091.873375324692
2026-05-04 09:34:52.452052,0.10769325461371182,2092.55974530335,2092.4520520487363
2026-05-04 09:34:52.679221,0.38417612248836225,2093.0633973120052,2092.6792211895167
2026-05-04 09:34:52.696607,0.13759022090932935,2093.2009875329145,2092.696607025385
2026-05-04 09:34:52.703598,0.09574250678379657,2093.296730039698,2092.7035984142567
2026-05-04 09:34:52.801000,0.13328938237207832,2093.43001942207,2092.8010003700438
2026-05-04 09:34:53.500539,0.41201695557054097,2093.912556279962,2093.5005393243914
2026-05-04 09:34:53.713448,0.004203529619130998,2093.916759809581,2093.713448451062
2026-05-04 09:34:53.897660,0.0036015225557406183,2093.9203613321365,2093.8976600533874
2026-05-04 09:34:54.136863,0.29998724949250627,2094.4368501269837,2094.1368628774912
2026-05-04 09:34:54.341127,0.06714335197759684,2094.503993478961,2094.3411270523907
2026-05-04 09:34:54.423182,0.28571092451642366,2094.7897044034776,2094.4231817301143
2026-05-04 09:34:54.445477,0.3031471996667997,2095.0928516031445,2094.445476811112
2026-05-04 09:34:55.487868,0.4642714867482455,2095.9521390659916,2095.4878675792434
2026-05-04 09:34:56.183240,0.3931544123830543,2096.5763945138583,2096.1832401014753
2026-05-04 09:34:56.500468,0.5536173720096846,2097.130011885868,2096.500468209612
2026-05-04 09:34:56.923483,0.04467212291756135,2097.174684008786,2096.9234828230615
2026-05-04 09:34:57.178415,0.0308271928863193,2097.209242448754,2097.178415255868
2026-05-04 09:34:57.758578,0.3578442032644139,2098.1164219645752,2097.758577761311
2026-05-04 09:34:58.164572,0.4349804230937946,2098.5995523393813,2098.1645719162875
2026-05-04 09:34:58.534867,0.17873345303347024,2098.778285792415,2098.534866925137
2026-05-04 09:34:59.116694,0.2923770501505738,2099.4090708536814,2099.116693803531
2026-05-04 09:34:59.128509,0.06132038428558853,2099.470391237967,2099.1285085192458
2026-05-04 09:34:59.250391,0.4751680248272383,2099.945559262794,2099.2503911373174
2026-05-04 09:34:59.339245,0.0023535070665144458,2099.9479127698605,2099.3392449650896
2026-05-04 09:34:59.745810,0.363927196779358,2100.31183996664,2099.745810229836
2026-05-04 09:35:00.608743,0.12045517992952866,2100.7291980604973,2100.6087428805677
2026-05-04 09:35:00.825209,0.4386295460563422,2101.2638388303167,2100.8252092842604
2026-05-04 09:35:01.078387,0.12431532273072583,2101.3881541530473,2101.0783868844233
2026-05-04 09:35:01.496072,0.4156720690446723,2101.911743948941,2101.496071879896
2026-05-04 09:35:01.553426,0.03748382644763108,2101.9492277753884,2101.553426376552
2026-05-04 09:35:01.911227,0.3273913620368561,2102.2766191374253,2101.9112270490027
2026-05-04 09:35:01.983924,0.052101513097176616,2102.3287206505224,2101.9839240588904
2026-05-04 09:35:02.401672,0.2217409681051204,2102.623413364413,2102.4016723963077
2026-05-04 09:35:02.417771,0.1886338003745257,2102.8120471647876,2102.4177711421635
2026-05-04 09:35:03.038200,0.16949257948664484,2103.207693029363,2103.038200449876
2026-05-04 09:35:04.305442,0.2837813974590454,2104.5892237471194,2104.3054423496606
2026-05-04 09:35:04.390597,0.3067281304547906,2104.895951877574,2104.390596792724
2026-05-04 09:35:05.089594,0.057147029912705455,2105.1467408203334,2105.0895937904206
2026-05-04 09:35:05.189827,0.8439141958454377,2106.03374127826,2105.1898270824145
2026-05-04 09:35:05.409947,0.021169454756830734,2106.054910733017,2105.409946721021
2026-05-04 09:35:05.694072,0.06657574445806821,2106.121486477475,2105.6940719117733
2026-05-04 09:35:06.235740,0.04119086840527196,2106.276931255101,2106.2357403866954
2026-05-04 09:35:07.090641,0.08754863643323901,2107.17818918028,2107.0906405438463
2026-05-04 09:35:07.095212,0.14940854150114344,2107.327597721781,2107.0952121640753
2026-05-04 09:35:07.148507,0.009085861256325555,2107.336683583037,2107.148507481713
2026-05-04 09:35:07.675707,0.11167120974025505,2107.787378703822,2107.675707494082
2026-05-04 09:35:07.864411,0.2597165868441315,2108.12412732365,2107.864410736806
2026-05-04 09:35:08.420393,0.5869496457379575,2109.0073424796715,2108.4203928339334
2026-05-04 09:35:08.769021,0.028205748519808144,2109.035548228191,2108.7690208647364
2026-05-04 09:35:09.052668,0.048549143366645384,2109.1012167055023,2109.052667562136
2026-05-04 09:35:09.397441,0.045730229496103,2109.443171482504,2109.397441253008
2026-05-04 09:35:09.635942,0.10581061813406341,2109.7417524462453,2109.6359418281113
2026-05-04 09:35:10.572156,0.05315228308694221,2110.625307979964,2110.572155696877
2026-05-04 09:35:10.738049,0.29740476766291446,2111.0354537464286,2110.7380489787656
2026-05-04 09:35:10.903294,0.7237633699681486,2111.759217116397,2110.903294239276
2026-05-04 09:35:11.125750,0.027311073288502265,2111.7865281896857,2111.1257500607667
2026-05-04 09:35:11.230512,0.36950728229164737,2112.1560354719772,2111.230512342245
2026-05-04 09:35:11.333444,0.17427149418072477,2112.330306966158,2111.3334436681207
2026-05-04 09:35:11.499707,0.034744246483060036,2112.365051212641,2111.4997071640964
2026-05-04 09:35:12.018673,0.07278756656387592,2112.437838779205,2112.0186726304473
2026-05-04 09:35:12.067338,0.5219592708242489,2112.959798050029,2112.0673384496617
2026-05-04 09:35:12.135800,0.047066818072254164,2113.0068648681013,2112.1357995004923
2026-05-04 09:35:12.385055,0.17452705043595185,2113.1813919185374,2112.385055467528
2026-05-04 09:35:12.394357,0.41230318869933114,2113.5936951072367,2112.39435685805
2026-05-04 09:35:12.457449,0.13435481131230984,2113.728049918549,2112.457448981754
2026-05-04 09:35:12.844360,0.056315799179441565,2113.7843657177286,2112.84435993488
2026-05-04 09:35:13.289794,0.21307980656078207,2113.9974455242896,2113.2897935149654
2026-05-04 09:35:13.540663,1.062064695793977,2115.0595102200837,2113.540663148876
2026-05-04 09:35:13.649213,0.03647253757867432,2115.095982757662,2113.6492127168412
2026-05-04 09:35:14.704409,0.0011506214078350469,2115.09713337907,2114.70440858013
2026-05-04 09:35:14.812866,0.08602343555770799,2115.1831568146276,2114.812865791179
2026-05-04 09:35:15.252053,0.07658237020786902,2115.3286354420266,2115.252053071819
2026-05-04 09:35:15.779770,0.2714499453999182,2116.051219844602,2115.779769899202
2026-05-04 09:35:16.441421,0.22771182273031912,2116.6691323804266,2116.4414205576963
2026-05-04 09:35:16.539608,0.13932268694553754,2116.808455067372,2116.539607926358
2026-05-04 09:35:16.668355,0.14326912405545814,2116.9517241914277,2116.668355242095
2026-05-04 09:35:16.770655,0.041834928552127254,2116.9935591199796,2116.7706554291103
2026-05-04 09:35:16.789058,0.944082368209368,2117.937641488189,2116.789057507937
2026-05-04 09:35:16.893811,0.8367057863600078,2118.774347274549,2116.8938112336537
2026-05-04 09:35:17.855979,0.1869795928702663,2118.9613268674193,2117.855979222202
2026-05-04 09:35:18.390007,0.20646342152603323,2119.1677902889455,2118.3900065121265
2026-05-04 09:35:18.411620,0.27231776747981135,2119.4401080564253,2118.4116197384847
2026-05-04 09:35:19.005540,0.10092014958243123,2119.541028206008,2119.005539608413
2026-05-04 09:35:19.326812,0.2600604153035943,2119.8010886213115,2119.3268122720306
2026-05-04 09:35:19.475784,0.21618452473468458,2120.017273146046,2119.475783830524
2026-05-04 09:35:19.902917,0.5039343191483049,2120.5212074651945,2119.902916917176
2026-05-04 09:35:19.951577,0.013980762564801486,2120.535188227759,2119.951576846846
2026-05-04 09:35:19.965544,0.34831212149744706,2120.883500349257,2119.965543912805
2026-05-04 09:35:20.217474,0.07877716659522627,2120.962277515852,2120.21747428087
2026-05-04 09:35:20.394277,0.0088417598582636,2120.97111927571,2120.3942766037103
2026-05-04 09:35:20.621748,0.1504601831170455,2121.121579458827,2120.621747782879
2026-05-04 09:35:21.115911,0.06899891690160849,2121.190578375729,2121.1159107450267
2026-05-04 09:35:21.214260,0.00010586057870472411,2121.214365494,2121.2142596334215
2026-05-04 09:35:22.497528,0.5422994144645424,2123.0398269236607,2122.497527509196
2026-05-04 09:35:23.137511,0.14550823285058306,2123.2830191806297,2123.137510947779
2026-05-04 09:35:23.649120,0.29453665579430155,2123.9436571054307,2123.6491204496365
2026-05-04 09:35:23.940486,0.150784351354513,2124.0944414567853,2123.9404855978614
2026-05-04 09:35:24.166877,0.0581315308655094,2124.2250086116587,2124.1668770807933
2026-05-04 09:35:24.827662,0.3441364332560568,2125.171798516924,2124.8276620836677
2026-05-04 09:35:25.364174,0.0006623567939193774,2125.364835969861,2125.364173613067
2026-05-04 09:35:25.404188,0.16258674718081523,2125.5667751171923,2125.4041883700115
2026-05-04 09:35:25.531527,0.02518879748568789,2125.5919639146778,2125.5315267077026
2026-05-04 09:35:25.531646,0.019780635245701138,2125.6117445499235,2125.53164567355
2026-05-04 09:35:25.574257,0.2975097930570161,2125.9092543429806,2125.57425654463
2026-05-04 09:35:25.755535,0.04994442127061569,2125.959198764251,2125.7555353216385
2026-05-04 09:35:26.067191,0.37669282665140286,2126.443883408664,2126.0671905820127
2026-05-04 09:35:26.153199,0.16428597023273725,2126.608169378897,2126.1531987660155
2026-05-04 09:35:26.372814,0.28745635792397495,2126.895625736821,2126.3728135579395
2026-05-04 09:35:26.611676,0.06658006061366775,2126.9622057974348,2126.6116756959673
2026-05-04 09:35:26.694767,0.029450001925492072,2126.99165579936,2126.694766778418
2026-05-04 09:35:26.873243,0.7755646928267634,2127.767220492187,2126.873242571179
2026-05-04 09:35:27.085074,0.3636229446185363,2128.130843436805,2127.0850740687183
2026-05-04 09:35:27.285000,0.2018107116256445,2128.3326541484307,2127.2850002594205
2026-05-04 09:35:27.466967,0.3543739651108773,2128.6870281135416,2127.466967373672
2026-05-04 09:35:27.567830,0.0174350207300773,2128.7044631342715,2127.567830289855
2026-05-04 09:35:27.762637,0.49743145619576085,2129.2018945904674,2127.7626365905885
2026-05-04 09:35:28.422152,0.06731234616077353,2129.269206936628,2128.4221518138547
2026-05-04 09:35:29.254967,0.0844664584156903,2129.3536733950436,2129.2549670769668
2026-05-04 09:35:30.059630,0.04738048509334308,2130.1070109277407,2130.059630442647
2026-05-04 09:35:30.100722,0.08963142074106645,2130.196642348482,2130.1007224611376
2026-05-04 09:35:30.146646,0.019880386985047047,2130.2165227354667,2130.146646011373
2026-05-04 09:35:30.216968,0.2039493892985009,2130.4209178825035,2130.216968493205
2026-05-04 09:35:30.289027,0.28287302485068394,2130.7037909073542,2130.2890265187166
2026-05-04 09:35:30.309294,0.3679153676549036,2131.071706275009,2130.3092940447164
2026-05-04 09:35:30.413530,0.08138261276611342,2131.153088887775,2130.413530056136
2026-05-04 09:35:30.665551,0.19028292509884964,2131.343371812874,2130.665551217844
2026-05-04 09:35:31.041748,0.27179273695072503,2131.615164549825,2131.041748298208
2026-05-04 09:35:31.042755,0.11175216733132132,2131.726916717156,2131.0427549953306
2026-05-04 09:35:31.478486,0.11597284439842626,2131.842889561555,2131.478485859813
2026-05-04 09:35:31.541097,0.03792465757461809,2131.880814219129,2131.5410967308303
2026-05-04 09:35:31.643322,0.2777769455628341,2132.158591164692,2131.6433221362777
2026-05-04 09:35:32.516055,0.28243763577467307,2132.798492747239,2132.516055111464
2026-05-04 09:35:32.941047,0.09276374069008993,2133.0338110185253,2132.941047277835
2026-05-04 09:35:32.945871,0.06579004671416933,2133.0996010652393,2132.9458705548595
2026-05-04 09:35:33.053543,0.14049202952190828,2133.240093094761,2133.053542908401
2026-05-04 09:35:33.284084,0.008664121081673146,2133.2927479286627,2133.284083807581
2026-05-04 09:35:34.911505,0.08622565666491395,2134.9977305597595,2134.9115049030947
2026-05-04 09:35:34.975712,0.10462202852378338,2135.1023525882833,2134.9757115671123
2026-05-04 09:35:35.499116,0.2650187548860112,2135.7641349935825,2135.4991162386964
2026-05-04 09:35:35.505952,0.16324972529178627,2135.9273847188742,2135.5059518941516
2026-05-04 09:35:35.680737,0.06917840863709525,2135.9965631275113,2135.6807372134895
2026-05-04 09:35:35.796450,0.06251043028137535,2136.0590735577925,2135.7964499308423
2026-05-04 09:35:36.285925,0.3859360972100468,2136.6718614015226,2136.2859253043125
2026-05-04 09:35:36.517360,0.013362696191007124,2136.6852240977137,2136.5173604570077
2026-05-04 09:35:37.268857,0.7281600960011444,2137.9970166221674,2137.2688565261665
2026-05-04 09:35:37.587798,0.26805087940122396,2138.2650675015684,2137.587798000065
2026-05-04 09:35:38.374526,0.24011083494722826,2138.614637108837,2138.37452627389
2026-05-04 09:35:39.719722,0.030370602832737237,2139.750092608437,2139.7197220056046
2026-05-04 09:35:40.255356,0.13308079791454008,2140.3884365822396,2140.2553557843253
2026-05-04 09:35:40.465176,0.0384450361722188,2140.5036210685657,2140.4651760323936
2026-05-04 09:35:41.460161,0.13784918343595232,2141.598010024381,2141.460160840945
2026-05-04 09:35:41.548092,0.017625451518559248,2141.6156354758996,2141.5480922958636
2026-05-04 09:35:41.668324,0.042097231044926096,2141.7104216423895,2141.6683244113447
2026-05-04 09:35:41.828518,0.05506161056237037,2141.883579916241,2141.8285183056787
2026-05-04 09:35:41.961227,0.6015799840768541,2142.5628071548167,2141.9612271707397
2026-05-04 09:35:42.051983,0.7982673231191081,2143.3610744779357,2142.051983376836
2026-05-04 09:35:43.366080,0.4306485209121127,2143.7967288228024,2143.36608030189
2026-05-04 09:35:44.023331,0.29846536844390953,2144.321796619442,2144.023331250998
2026-05-04 09:35:44.105575,0.061284897581984854,2144.383081517024,2144.105574713697
2026-05-04 09:35:44.372184,0.6249237472011422,2145.008005264225,2144.3721841277543
2026-05-04 09:35:44.512950,0.1277681863117797,2145.135773450537,2144.5129499926084
2026-05-04 09:35:44.767314,0.12498624166775817,2145.2607596922044,2144.76731408043
2026-05-04 09:35:44.787408,0.07163724341815694,2145.3323969356225,2144.7874077349857
2026-05-04 09:35:45.176373,0.05961139140457547,2145.392008327027,2145.176372520242
2026-05-04 09:35:45.339819,0.5454599970706951,2145.9374683240976,2145.3398194693405
2026-05-04 09:35:45.596531,0.021730468474182425,2145.959198792572,2145.5965307429246
2026-05-04 09:35:45.945519,0.26869779752290984,2146.2278965900946,2145.945519206461
2026-05-04 09:35:46.104554,0.024813291822093464,2146.252709881917,2146.1045537964433
2026-05-04 09:35:46.558334,0.005699321068267729,2146.56403369454,2146.5583343734716
2026-05-04 09:35:47.000261,0.145015666123215,2147.1452769774614,2147.0002613113384
2026-05-04 09:35:47.035404,0.4467206490963051,2147.5919976265577,2147.0354042403765
2026-05-04 09:35:47.123076,0.522377161022393,2148.11437478758,2147.1230759067994
2026-05-04 09:35:47.992459,0.25051175643567775,2148.3648865440155,2147.9924591721256
2026-05-04 09:35:47.997578,0.007333629404183688,2148.3722201734195,2147.9975783075943
2026-05-04 09:35:48.686192,0.024935627161847607,2148.71112743164,2148.686191804478
2026-05-04 09:35:48.773924,0.03369023711167166,2148.807613826726,2148.7739235896142
2026-05-04 09:35:49.035384,0.17257550574422578,2149.2079594730553,2149.035383967311
2026-05-04 09:35:49.068539,0.1653942924021622,2149.3733537654575,2149.0685394021093
2026-05-04 09:35:49.270657,0.05744506243308542,2149.4307988278906,2149.270657369831
2026-05-04 09:35:49.775165,0.007653408306008806,2149.7828182735648,2149.775164865259
2026-05-04 09:35:50.144891,0.4532789715770988,2150.5981702753425,2150.1448913037652
2026-05-04 09:35:50.272945,0.5855941653168134,2151.183764440659,2150.272945113107
2026-05-04 09:35:50.610930,0.09808931610419303,2151.281853756763,2150.610929948197
2026-05-04 09:35:50.618880,0.015364756269713559,2151.297218513033,2150.6188803491564
2026-05-04 09:35:50.640998,0.11958335010206161,2151.416801863135,2150.640998408326
2026-05-04 09:35:50.809300,0.08993930477345255,2151.5067411679083,2150.809299604733
2026-05-04 09:35:51.384889,0.08876910787962443,2151.595510275788,2151.3848889605897
2026-05-04 09:35:51.949915,0.1253330073034513,2152.0752484289387,2151.949915421635
2026-05-04 09:35:52.271931,0.31907591189624807,2152.591006849733,2152.2719309378367
2026-05-04 09:35:52.311080,0.358536748452577,2152.9495435981853,2152.311080025952
2026-05-04 09:35:52.498828,0.34517556732464794,2153.29471916551,2152.498827547201
2026-05-04 09:35:52.807144,0.4382334620604197,2153.7329526275703,2152.8071441801344
2026-05-04 09:35:53.646747,0.08471189895701274,2153.817664526527,2153.646747222023
2026-05-04 09:35:53.667905,0.040962752415487996,2153.8586272789425,2153.667905370534
2026-05-04 09:35:53.700954,0.039437916550054075,2153.8980651954926,2153.700953790345
2026-05-04 09:35:53.764592,0.4726490215231171,2154.3707142170156,2153.764591949103
2026-05-04 09:35:53.832898,0.2091972566898911,2154.5799114737056,2153.832898443862
2026-05-04 09:35:54.187113,0.14251637412700294,2154.7224278478325,2154.187112798428
2026-05-04 09:35:54.203152,0.16076103435133926,2154.8831888821837,2154.20315214677
2026-05-04 09:35:54.432527,0.6143748793240016,2155.4975637615075,2154.432526633074
2026-05-04 09:35:55.243160,0.032846863607472514,2155.530410625115,2155.243159976339
2026-05-04 09:35:55.338972,0.009370867981009924,2155.539781493096,2155.338972346008
2026-05-04 09:35:55.969813,0.22505221592554428,2156.1948648379916,2155.969812622066
2026-05-04 09:35:56.187867,0.14663110125362924,2156.3414959392453,2156.1878672699836
2026-05-04 09:35:56.205664,0.13509528172233368,2156.4765912209677,2156.205664013302
2026-05-04 09:35:56.509538,0.4555591126051904,2156.965096784398,2156.509537671793
2026-05-04 09:35:56.543936,0.14308806834170104,2157.1081848527397,2156.543936057028
2026-05-04 09:35:56.703981,0.31813062184013463,2157.42631547458,2156.7039810552114
2026-05-04 09:35:57.182518,0.13233580929962152,2157.5586512838795,2157.182517582429
2026-05-04 09:35:57.199439,0.23649132763543698,2157.795142611515,2157.1994393092723
2026-05-04 09:35:58.303200,0.6453065997194155,2158.9485062867734,2158.303199687054
2026-05-04 09:35:58.409619,0.06267333983262542,2159.011179626606,2158.40961879818
2026-05-04 09:35:58.767664,0.1306986417965787,2159.1418782684027,2158.7676636676006
2026-05-04 09:35:58.866268,0.07377010473913741,2159.215648373142,2158.8662679074955
2026-05-04 09:35:59.090571,0.12901052591695342,2159.3446588990587,2159.090570902436
2026-05-04 09:35:59.484923,0.01050255913072922,2159.495425101389,2159.4849225422586
2026-05-04 09:35:59.745039,0.4256509205125684,2160.1706900289864,2159.745039108474
2026-05-04 09:35:59.849057,0.32390441753326615,2160.49459444652,2159.8490570313807
2026-05-04 09:36:00.446408,0.8091984018241916,2161.303792848344,2160.4464077638872
2026-05-04 09:36:00.790159,0.1464853910715513,2161.4502782394156,2160.7901592063467
2026-05-04 09:36:01.199216,0.010351855651847118,2161.4606300950677,2161.1992156987585
2026-05-04 09:36:01.315542,0.11211952304242734,2161.5727496181103,2161.3155424916536
2026-05-04 09:36:01.668157,0.6311104784204093,2162.2992676763283,2161.668157197908
2026-05-04 09:36:02.300577,0.07826469736047806,2162.378841795379,2162.3005770980185
2026-05-04 09:36:02.365925,0.23074619346348657,2162.609587988842,2162.3659246819257
2026-05-04 09:36:02.616452,0.16995233936162363,2162.7864042972387,2162.616451957877
2026-05-04 09:36:03.332566,0.7628126433210125,2164.095378823406,2163.332566180085
2026-05-04 09:36:03.812221,0.4598685029444755,2164.5552473263506,2163.812220860353
2026-05-04 09:36:04.100635,0.037978098556174004,2164.593225424907,2164.1006346987306
2026-05-04 09:36:04.988589,0.005270341277436183,2164.993859823625,2164.9885894823474
2026-05-04 09:36:05.412903,1.274694224484561,2166.68759690266,2165.4129026781757
2026-05-04 09:36:06.648831,0.3841879175373885,2167.0717848201975,2166.6488311156063
2026-05-04 09:36:06.780133,0.11689148436570829,2167.188676304563,2166.7801327883385
2026-05-04 09:36:06.828573,2.1214754927067268,2169.31015179727,2166.828572870849
2026-05-04 09:36:07.222949,0.03246463365252676,2169.3426164309226,2167.222949058749
2026-05-04 09:36:07.378344,0.031936055596946976,2169.3745524865194,2167.3783441568967
2026-05-04 09:36:07.384402,0.22965399154508412,2169.6042064780645,2167.3844024406976
2026-05-04 09:36:07.471677,0.0621835516930995,2169.6663900297576,2167.471676950395
2026-05-04 09:36:08.519641,0.22393055213243024,2169.89032058189,2168.5196409048426
2026-05-04 09:36:09.358814,0.012296974916009111,2169.902617556806,2169.358814076097
2026-05-04 09:36:09.412997,0.3934444862125235,2170.2960620430185,2169.4129973649824
2026-05-04 09:36:09.791236,0.0024343299780788777,2170.2984963729964,2169.791235960185
2026-05-04 09:36:09.828512,0.17341830540002903,2170.4719146783964,2169.8285122585535
2026-05-04 09:36:10.134710,0.058802244906063186,2170.5307169233024,2170.1347101382044
2026-05-04 09:36:10.312640,0.15309665193030225,2170.6838135752328,2170.3126396527214
2026-05-04 09:36:10.648900,0.11998269810117304,2170.803796273334,2170.6489004619916
2026-05-04 09:36:10.841450,0.11748769565604114,2170.9589380762295,2170.8414503805734
2026-05-04 09:36:11.251546,0.6580720337404539,2171.909617798545,2171.251545764804
2026-05-04 09:36:11.658537,0.15312455800769642,2172.0627423565525,2171.658536795995
2026-05-04 09:36:12.176896,0.028170025617531666,2172.205066252057,2172.1768962264396
2026-05-04 09:36:12.574780,0.03416415530722904,2172.6089440737087,2172.5747799184014
2026-05-04 09:36:12.621878,0.10129430481402396,2172.7231725455636,2172.6218782407495
2026-05-04 09:36:13.298481,0.010600750067994637,2173.309081561564,2173.298480811496
2026-05-04 09:36:13.457889,0.37248729238460765,2173.8303765722976,2173.457889279913
2026-05-04 09:36:13.500738,0.4013646478112143,2174.2317412201087,2173.5007380557913
2026-05-04 09:36:13.979600,0.10005407069822383,2174.331795290807,2173.9795996699845
2026-05-04 09:36:14.352247,0.28911669435507664,2174.641363236484,2174.352246542129
2026-05-04 09:36:14.417600,0.25525118183756706,2174.8966144183214,2174.41760013065
2026-05-04 09:36:14.424260,0.1670966044623385,2175.0637110227835,2174.4242595842966
2026-05-04 09:36:16.023850,0.3600298392299558,2176.383879663766,2176.0238498245362
2026-05-04 09:36:16.059062,0.2850060201880653,2176.668885683954,2176.0590624683896
2026-05-04 09:36:16.112940,0.046426792169183245,2176.7153124761235,2176.1129400762693
2026-05-04 09:36:16.139000,0.23243673938140838,2176.9477492155047,2176.1389997097435
2026-05-04 09:36:16.167890,0.07383811708702266,2177.021587332592,2176.1678899107733
2026-05-04 09:36:16.452061,0.08392210851339149,2177.1055094411054,2176.4520613470227
2026-05-04 09:36:17.031148,0.038051273785836705,2177.143560714891,2177.0311483130945
2026-05-04 09:36:17.183407,0.07609211522769554,2177.25949867709,2177.1834065618623
2026-05-04 09:36:17.212192,0.3844530531393841,2177.643951730229,2177.212192104041
2026-05-04 09:36:17.408967,0.019323402078589777,2177.6632751323077,2177.4089668732904
2026-05-04 09:36:18.465994,0.07907754957233289,2178.545071404064,2178.4659938544914
2026-05-04 09:36:18.557623,0.3310463123096403,2178.8886697273547,2178.557623415045
2026-05-04 09:36:19.010009,0.4315726424753245,2179.4415811636877,2179.0100085212125
2026-05-04 09:36:20.276296,0.11538230695011278,2180.391678720502,2180.276296413552
2026-05-04 09:36:20.367174,0.08109906920721226,2180.472777789709,2180.367173976633
2026-05-04 09:36:21.176408,0.5408789284863466,2181.717286978541,2181.1764080500543
2026-05-04 09:36:21.617668,0.09405149114147816,2181.811338469682,2181.6176675491943
2026-05-04 09:36:21.711558,0.09515539054376448,2181.906493860226,2181.7115582935635
2026-05-04 09:36:22.218374,0.6149216489742282,2182.8332958946394,2182.218374245665
2026-05-04 09:36:22.434206,0.20271082207221888,2183.0360067167117,2182.434206439507
2026-05-04 09:36:22.457436,0.017059315554032724,2183.0530660322656,2182.457436350518
2026-05-04 09:36:22.613199,0.15355286733971532,2183.2066188996055,2182.613198664573
2026-05-04 09:36:23.070513,0.06385336982957605,2183.2704722694352,2183.0705127484534
2026-05-04 09:36:23.191812,0.1936625768113292,2183.4641348462465,2183.1918119490797
2026-05-04 09:36:23.788023,0.030009624912427382,2183.8180327226078,2183.7880230976953
2026-05-04 09:36:23.827012,0.07582818803021682,2183.9028398592495,2183.827011671219
2026-05-04 09:36:23.837474,0.04466399889032548,2183.94750385814,2183.8374737569293
2026-05-04 09:36:24.139465,0.08190743228315346,2184.2213726982172,2184.139465265934
2026-05-04 09:36:24.187316,0.03120681884802569,2184.2525795170654,2184.1873162445263
2026-05-04 09:36:24.435536,0.07061088612873874,2184.5061468481904,2184.4355359620617
2026-05-04 09:36:24.483608,0.03945920030710928,2184.5456060484976,2184.483608415097
2026-05-04 09:36:24.790246,0.010086315187353674,2184.8003322856594,2184.790245970472
2026-05-04 09:36:24.812675,0.36735826018208184,2185.180033577725,2184.812675317543
2026-05-04 09:36:25.192091,0.15824482543482532,2185.3503358050684,2185.1920909796336
2026-05-04 09:36:26.947919,0.36879653408229185,2187.3167150446116,2186.9479185105292
2026-05-04 09:36:27.044595,0.0006075632328585989,2187.3173226078443,2187.044594953557
2026-05-04 09:36:29.456531,0.059134664807137666,2189.51566558958,2189.456530924773
2026-05-04 09:36:29.950401,0.5681142895174309,2190.5185150961133,2189.950400806596
2026-05-04 09:36:30.853616,0.18268997716257027,2191.036305865554,2190.8536158883912
2026-05-04 09:36:31.572903,0.03072953117923015,2191.603632869692,2191.572903338513
2026-05-04 09:36:31.633482,0.538934019514777,2192.172416212406,2191.6334821928913
2026-05-04 09:36:31.678782,0.18582487864919936,2192.3582410910553,2191.6787821029275
2026-05-04 09:36:31.732435,0.003900901817663582,2192.362141992873,2191.732435293014
2026-05-04 09:36:31.766353,0.38841811673939786,2192.7505601096127,2191.766353283197
2026-05-04 09:36:31.809537,0.2625035627955844,2193.0130636724084,2191.8095365594004
2026-05-04 09:36:31.999474,0.00420486395439392,2193.0172685363627,2191.9994740747466
2026-05-04 09:36:32.345733,0.08586216905781342,2193.1031307054204,2192.3457332175717
2026-05-04 09:36:32.446144,0.4405977169052898,2193.543728422326,2192.446143559737
2026-05-04 09:36:33.018718,0.1510052044720487,2193.6947336267976,2193.018718321072
2026-05-04 09:36:33.299980,0.016708935524722156,2193.711442562322,2193.299980495311
2026-05-04 09:36:33.738656,0.25673054205079643,2193.995386563654,2193.738656021603
2026-05-04 09:36:33.936271,0.14114857800577785,2194.13653514166,2193.9362710303967
2026-05-04 09:36:34.382796,0.19350062762728795,2194.5762964468086,2194.3827958191814
2026-05-04 09:36:34.638343,0.04398063522627404,2194.6823240035674,2194.638343368341
2026-05-04 09:36:34.692821,0.12132609883519821,2194.814146843683,2194.6928207448477
2026-05-04 09:36:35.413888,0.28048548517076005,2195.694373571553,2195.4138880863825
2026-05-04 09:36:35.519447,0.012007927609200698,2195.7063814991625,2195.519447294299
2026-05-04 09:36:35.801422,0.2580578304371847,2196.059480093591,2195.8014222631537
2026-05-04 09:36:36.070592,0.02773680409398445,2196.098328744413,2196.070591940319
2026-05-04 09:36:36.637365,0.14567755902727794,2196.783042895815,2196.6373653367878
2026-05-04 09:36:36.639063,0.08620387599832041,2196.8692467718133,2196.6390626441716
2026-05-04 09:36:37.256091,0.03032861679342834,2197.2864194844037,2197.2560908676105
2026-05-04 09:36:37.411305,0.1441531621983649,2197.5554580040866,2197.411304841888
2026-05-04 09:36:37.671729,0.012322802793998085,2197.6840516726966,2197.6717288699024
2026-05-04 09:36:38.046006,0.3207667713846811,2198.3667729736385,2198.046006202254
2026-05-04 09:36:38.154649,0.293012920742234,2198.6597858943805,2198.1546488083036
2026-05-04 09:36:39.168771,0.16423186977025253,2199.333002729213,2199.1687708594427
2026-05-04 09:36:39.562496,0.055810973885180665,2199.618307205995,2199.5624962321094
2026-05-04 09:36:39.900220,0.5875170642263078,2200.48773674319,2199.900219678964
2026-05-04 09:36:39.930504,0.05227109266544349,2200.5400078358552,2199.9305036000164
2026-05-04 09:36:40.146313,0.5743997606811219,2201.1144075965362,2200.146313051293
2026-05-04 09:36:41.261926,0.2491406080099152,2201.511066133229,2201.2619255252193
2026-05-04 09:36:41.287264,0.28797111566695355,2201.799037248896,2201.2872641125323
2026-05-04 09:36:41.800787,0.22262335112101972,2202.0234099041486,2201.8007865530276
2026-05-04 09:36:41.899858,0.10511005868015305,2202.1285199628287,2201.899858143221
2026-05-04 09:36:42.807006,0.16283231105668067,2202.969838003604,2202.807005692547
2026-05-04 09:36:42.820722,0.20364977965572073,2203.1734877832596,2202.8207218446073
2026-05-04 09:36:44.718677,0.673340872771245,2205.3920181642843,2204.718677291513
2026-05-04 09:36:45.003001,0.1603953898371075,2205.5524135541214,2205.003001175632
2026-05-04 09:36:45.674654,0.024532496272068865,2205.6991869807566,2205.6746544844846
2026-05-04 09:36:45.825422,1.3003764899984744,2207.125798438342,2205.8254219483433
2026-05-04 09:36:46.201026,0.03172419563821185,2207.15752263398,2206.2010257041916
2026-05-04 09:36:46.792598,0.11439271237570557,2207.271915346356,2206.792598220229
2026-05-04 09:36:46.926626,0.3904029127785148,2207.6623182591343,2206.9266263236527
2026-05-04 09:36:46.980475,0.018342860199785548,2207.680661119334,2206.980474877659
2026-05-04 09:36:47.093052,0.38134247052012593,2208.062003589854,2207.0930515597715
2026-05-04 09:36:47.382364,0.08835833807347283,2208.1503619279274,2207.3823644497456
2026-05-04 09:36:47.453615,0.07180619872004661,2208.2221681266474,2207.4536150847657
2026-05-04 09:36:47.478451,0.10373216667919889,2208.3259002933264,2207.478451486596
2026-05-04 09:36:47.496658,0.2068144666965994,2208.532714760023,2207.4966582842635
2026-05-04 09:36:47.697554,0.5688154932237561,2209.1015302532464,2207.6975542743353
2026-05-04 09:36:48.745172,0.32899747135625773,2209.4305277246026,2208.7451715618536
2026-05-04 09:36:50.797733,0.04845556600372137,2210.8461881006288,2210.797732534625
2026-05-04 09:36:50.958459,0.21202146848094838,2211.170480945525,2210.958459477044
2026-05-04 09:36:51.298323,0.06206626638380541,2211.3603894479643,2211.2983231815806
2026-05-04 09:36:51.310497,0.003685776219844548,2211.364075224184,2211.310497302892
2026-05-04 09:36:51.618400,0.12005134375141567,2211.7384517219357,2211.618400378184
2026-05-04 09:36:51.847920,0.07552826574204136,2211.9234486557025,2211.8479203899606
2026-05-04 09:36:51.955169,0.4208304391078594,2212.37599972295,2211.955169283842
2026-05-04 09:36:52.358723,0.5335394713614409,2212.9095391943115,2212.358722985934
2026-05-04 09:36:52.737871,0.1238247112331306,2213.033363905545,2212.737871045361
2026-05-04 09:36:52.882917,0.17267407660827944,2213.2060379821532,2212.8829165227985
2026-05-04 09:36:53.038412,0.06359029383450863,2213.2696282759875,2213.0384118434995
2026-05-04 09:36:53.421603,0.04557393294959034,2213.467176591173,2213.4216026582235
2026-05-04 09:36:53.638410,0.45854967856282053,2214.096959626078,2213.638409947515
2026-05-04 09:36:53.887798,0.05341511347181136,2214.1503747395495,2213.8877978283795
2026-05-04 09:36:55.463812,0.07029890045042488,2215.534111262373,2215.4638123619225
2026-05-04 09:36:56.074675,0.051071085019003364,2216.1257456177477,2216.0746745327287
2026-05-04 09:36:56.554404,0.41059853762064213,2216.9650023549684,2216.554403817348
2026-05-04 09:36:56.597205,0.022069132876709592,2216.9870714878452,2216.597204810624
2026-05-04 09:36:56.821821,0.22887507226509995,2217.2159465601103,2216.821820976853
2026-05-04 09:36:56.857782,0.5916054443362929,2217.8075520044467,2216.8577821536746
2026-05-04 09:36:57.682502,0.5784044825843195,2218.385956487031,2217.6825022415214
2026-05-04 09:36:57.981769,0.03770970254137816,2218.423666189572,2217.9817693281516
2026-05-04 09:36:58.039340,0.14419775236051874,2218.5678639419325,2218.0393397727175
2026-05-04 09:36:58.069459,0.044710238974856174,2218.6125741809074,2218.06945879639
2026-05-04 09:36:58.459472,0.12339162305877649,2218.7359658039663,2218.459472325233
2026-05-04 09:36:58.663624,0.3816701005842291,2219.1176359045508,2218.6636241762576
2026-05-04 09:36:58.978096,0.0006071268805462007,2219.118243031431,2218.9780963632643
2026-05-04 09:36:59.487303,0.1908496393366318,2219.6781529069144,2219.4873032675778
2026-05-04 09:36:59.891013,0.7664666709852452,2220.657479713575,2219.8910130425897
2026-05-04 09:37:00.080689,0.21996803498689257,2220.8774477485617,2220.0806891384973
2026-05-04 09:37:00.447783,0.018698721789492983,2220.896146470351,2220.447783429543
2026-05-04 09:37:00.668280,0.16040190337829693,2221.0565483737296,2220.668280035381
2026-05-04 09:37:01.228533,0.03381518263033078,2221.2623483160473,2221.228533133417
2026-05-04 09:37:01.967795,0.014673753706984857,2221.9824688682606,2221.9677951145536
2026-05-04 09:37:02.043873,0.1806275311277381,2222.224500332054,2222.0438728009262
2026-05-04 09:37:03.101564,0.18792197054676538,2223.2894854787082,2223.1015635081617
2026-05-04 09:37:03.540108,0.09641029513038735,2223.6365180026078,2223.5401077074775
2026-05-04 09:37:03.961708,0.41448488686405754,2224.376193175498,2223.961708288634
2026-05-04 09:37:04.609516,0.15854216887097763,2224.7680586593247,2224.6095164904536
2026-05-04 09:37:05.038001,0.1254493977660692,2225.1634508905495,2225.038001492783
2026-05-04 09:37:05.268288,0.14190626322664454,2225.4101944842787,2225.268288221052
2026-05-04 09:37:05.293902,0.3478596280283872,2225.758054112307,2225.2939021172315
2026-05-04 09:37:05.882530,0.7201896497210223,2226.6027199412215,2225.8825302915006
2026-05-04 09:37:06.137919,0.017232581566699143,2226.619952522788,2226.137918657299
2026-05-04 09:37:06.341056,0.23914294191229535,2226.8590954647,2226.3410555330533
2026-05-04 09:37:06.691834,0.541759245873793,2227.400854710574,2226.691833671987
2026-05-04 09:37:06.811279,0.017135283921210297,2227.417989994495,2226.811279199006
2026-05-04 09:37:06.919253,0.020359700920883475,2227.438349695416,2226.919252960853
2026-05-04 09:37:07.231192,0.20979992461310304,2227.648149620029,2227.231192321583
2026-05-04 09:37:07.648784,0.32879625964208864,2227.977580385637,2227.648784125995
2026-05-04 09:37:08.798895,0.49865190771021234,2229.2975473645565,2228.7988954568464
2026-05-04 09:37:09.295444,0.31967822971551674,2229.617225594272,2229.295444223649
2026-05-04 09:37:09.975851,0.011533711097498633,2229.9873847410786,2229.975851029981
2026-05-04 09:37:10.915333,0.021882440618095994,2230.9372153374384,2230.9153328968205
2026-05-04 09:37:11.983581,0.06215328439693475,2232.045734074134,2231.983580789737
2026-05-04 09:37:12.064489,0.012280160187021754,2232.0767688949854,2232.0644887347985
2026-05-04 09:37:12.131593,0.13459476469105955,2232.266188015161,2232.13159325047
2026-05-04 09:37:12.603405,0.22181419408726777,2232.8252190033113,2232.6034048092242
2026-05-04 09:37:12.728647,0.12251566207944038,2232.9477346653907,2232.7286465480215
2026-05-04 09:37:13.583037,0.2596719308742714,2233.8427089495303,2233.583037018656
2026-05-04 09:37:14.680195,0.08370150205703837,2234.7638969416294,2234.6801954395723
2026-05-04 09:37:14.712349,0.3045153861085871,2235.068412327738,2234.712348545786
2026-05-04 09:37:14.909842,0.09752352726848915,2235.1659358550064,2234.9098419042725
2026-05-04 09:37:14.930153,0.17077689797748047,2235.336712752984,2234.93015318511
2026-05-04 09:37:15.038810,0.1363695930999051,2235.473082346084,2235.0388099789616
2026-05-04 09:37:15.191837,0.4721254687264062,2235.9452078148106,2235.1918365619968
2026-05-04 09:37:15.367995,0.354224734482389,2236.299432549293,2235.367995122185
2026-05-04 09:37:15.563452,0.003120801746558399,2236.30255335104,2235.563451802225
2026-05-04 09:37:15.619771,0.011363419669275274,2236.313916770709,2235.619771302294
2026-05-04 09:37:15.966551,0.24826034877149603,2236.5621771194806,2235.966550754413
2026-05-04 09:37:16.085428,0.2942073620590659,2236.8563844815394,2236.0854275825955
2026-05-04 09:37:16.109888,0.34867854426800815,2237.2050630258072,2236.109887857666
2026-05-04 09:37:16.293497,0.6897281246837097,2237.894791150491,2236.2934971572945
2026-05-04 09:37:17.042618,0.06735738440770599,2237.962148534899,2237.0426182407864
2026-05-04 09:37:17.084053,0.15421471636266543,2238.1163632512616,2237.0840528912577
2026-05-04 09:37:17.670288,0.11474087330963419,2238.231104124571,2237.67028832514
2026-05-04 09:37:17.874023,0.047013803476552665,2238.278117928048,2237.8740226747386
2026-05-04 09:37:18.749492,0.13425465922514954,2238.8837463548666,2238.7494916956416
2026-05-04 09:37:19.129987,0.23438702442277842,2239.3643740999664,2239.129987075544
2026-05-04 09:37:19.559685,0.03129982037108845,2239.590984378845,2239.5596845584737
2026-05-04 09:37:20.055509,0.0624147632481889,2240.117923870562,2240.055509107314
2026-05-04 09:37:20.719164,0.04864359457769788,2240.767807394335,2240.719163799757
2026-05-04 09:37:20.780584,0.0026592422965891127,2240.7832431521797,2240.7805839098833
2026-05-04 09:37:21.514432,0.020574249470966522,2241.5350062490575,2241.5144319995866
2026-05-04 09:37:22.085956,0.2345694245541976,2242.320525714405,2242.085956289851
2026-05-04 09:37:22.234508,0.40335692902901593,2242.723882643434,2242.2345084671724
2026-05-04 09:37:22.320978,0.23660751205852493,2242.9604901554926,2242.3209776075123
2026-05-04 09:37:22.855363,0.14969261707948595,2243.110182772572,2242.855363114362
2026-05-04 09:37:23.204858,0.011807163239662903,2243.2166652427777,2243.204858079538
2026-05-04 09:37:23.891060,0.061830605156470486,2243.952890160753,2243.8910595555967
2026-05-04 09:37:24.018736,0.13433420637302027,2244.1530703249405,2244.0187361185676
2026-05-04 09:37:24.048774,0.09788852876535932,2244.250958853706,2244.0487735853644
2026-05-04 09:37:24.147513,0.006265623329951762,2244.257224477036,2244.147513359887
2026-05-04 09:37:24.414153,0.10364066384732835,2244.517793814351,2244.414153150504
2026-05-04 09:37:24.580894,0.06432400754626963,2244.6452176700873,2244.580893662541
2026-05-04 09:37:24.683017,0.1979084502087643,2244.8809253266622,2244.6830168764536
2026-05-04 09:37:24.853280,0.09825515854436692,2244.9791804852066,2244.853280382882
2026-05-04 09:37:24.872835,0.14485017066375372,2245.1240306558702,2244.872835415072
2026-05-04 09:37:25.409951,0.07474786773837824,2245.4846991684076,2245.409951300669
2026-05-04 09:37:26.258808,0.5019742830281605,2246.7607822255627,2246.2588079425345
2026-05-04 09:37:26.315987,0.022504931936330984,2246.783287157499,2246.315986796773
2026-05-04 09:37:26.746629,0.45811567505903716,2247.2414028325584,2246.7466289262265
2026-05-04 09:37:26.752063,0.47101256549203674,2247.7124153980503,2246.7520629653063
2026-05-04 09:37:26.848181,0.17815909686075335,2247.890574494911,2246.848181028529
2026-05-04 09:37:27.761789,0.000675656984763519,2247.8912501518957,2247.7617885070385
2026-05-04 09:37:28.294188,0.06970187755866428,2248.363890146855,2248.2941882692962
2026-05-04 09:37:29.223060,0.016660714210004125,2249.239721129956,2249.2230604157457
2026-05-04 09:37:29.471439,0.28615755644997337,2249.757596136645,2249.4714385801954
2026-05-04 09:37:29.621886,0.06369240245567852,2249.821288539101,2249.6218858004836
2026-05-04 09:37:30.441549,0.08066366307569256,2250.5222123098933,2250.441548646818
2026-05-04 09:37:30.992490,0.2630367927404091,2251.2555271462293,2250.992490353489
2026-05-04 09:37:31.050868,0.6500623435469901,2251.905589489776,2251.0508682258123
2026-05-04 09:37:31.681886,0.31708375869929784,2252.2226732484755,2251.6818862556256
2026-05-04 09:37:31.916828,0.12162839771096745,2252.3443016461865,2251.9168281327848
2026-05-04 09:37:32.026796,0.020334216333584107,2252.36463586252,2252.0267962769503
2026-05-04 09:37:32.786997,0.03948640746142807,2252.8264837534152,2252.7869973459538
2026-05-04 09:37:33.441717,0.017531039741378082,2253.459248391855,2253.4417173521138
2026-05-04 09:37:33.876701,0.024486633985979306,2253.901187949619,2253.876701315633
2026-05-04 09:37:34.229078,0.2370800998014071,2254.4661585357107,2254.2290784359093
2026-05-04 09:37:34.267235,0.12691231315226284,2254.593070848863,2254.267234625874
2026-05-04 09:37:34.439266,0.5313180364890775,2255.1243888853523,2254.439265622556
2026-05-04 09:37:34.481098,0.40981979703946547,2255.5342086823916,2254.4810976343547
2026-05-04 09:37:34.546698,0.2954837517024926,2255.8296924340943,2254.546697846581
2026-05-04 09:37:34.670158,0.07967086251677984,2255.909363296611,2254.670158479144
2026-05-04 09:37:34.843422,0.26288406265946146,2256.1722473592704,2254.8434215037573
2026-05-04 09:37:35.029255,0.11803157438294881,2256.2902789336536,2255.029254993606
2026-05-04 09:37:35.279748,0.14995007476219252,2256.440229008416,2255.279747892587
2026-05-04 09:37:35.660869,0.08958766764915631,2256.529816676065,2255.6608690582148
2026-05-04 09:37:36.362352,0.04481343664391957,2256.5746301127087,2256.3623520309347
2026-05-04 09:37:36.435169,0.4024238237846137,2256.9770539364936,2256.4351685506263
2026-05-04 09:37:37.007164,0.10810026116520606,2257.1152643124287,2257.0071640512633
2026-05-04 09:37:37.113378,0.07059273669174568,2257.1858570491204,2257.1133783499863
2026-05-04 09:37:37.211142,0.10355740304479849,2257.3146998575744,2257.2111424545296
2026-05-04 09:37:37.275981,0.11934673640377957,2257.434046593978,2257.275981153387
2026-05-04 09:37:37.282707,0.01423635230699068,2257.448282946285,2257.2827072336004
2026-05-04 09:37:37.446146,0.15983361175275315,2257.6081165580376,2257.446146005117
2026-05-04 09:37:37.848773,0.09874356757857267,2257.947516099838,2257.8487725322598
2026-05-04 09:37:37.866687,0.02883175956870044,2257.976347859407,2257.8666869092067
2026-05-04 09:37:38.125575,0.29817154660088296,2258.4237464386115,2258.1255748920107
2026-05-04 09:37:38.258532,0.021876199285401864,2258.445622637897,2258.258531516877
2026-05-04 09:37:38.412632,0.016471748000191067,2258.462094385897,2258.412631571457
2026-05-04 09:37:38.823769,0.1576839045383375,2258.9814533354884,2258.82376943095
2026-05-04 09:37:39.146587,0.0926433150166601,2259.2392303856973,2259.1465870706807
2026-05-04 09:37:39.166024,0.9250089542803839,2260.1642393399775,2259.166023821111
2026-05-04 09:37:39.220370,0.33697711187966184,2260.501216451857,2259.2203698242797
2026-05-04 09:37:39.375917,0.24287049424926133,2260.7440869461066,2259.375916577913
2026-05-04 09:37:39.462130,0.18733182549327412,2260.9314187716,2259.4621302003907
2026-05-04 09:37:39.712748,0.015978634753458027,2260.9473974063535,2259.71274762329
2026-05-04 09:37:40.594633,0.17792953463038183,2261.125326940984,2260.594633124074
2026-05-04 09:37:40.961054,0.5109018333265622,2261.6362287743104,2260.9610540503636
2026-05-04 09:37:41.022043,0.15255977416326533,2261.788788548474,2261.0220434382386
2026-05-04 09:37:41.354424,0.02773147596160428,2261.8165200244352,2261.3544240343817
2026-05-04 09:37:41.399503,0.13189172662032006,2261.9484117510556,2261.3995030877945
2026-05-04 09:37:41.456228,0.07944352997177702,2262.0278552810273,2261.4562280988484
2026-05-04 09:37:42.035765,0.4123673749758228,2262.4481327963217,2262.035765421346
2026-05-04 09:37:42.078545,0.10087694104712647,2262.549009737369,2262.0785449726673
2026-05-04 09:37:42.385929,0.15036193149799215,2262.699371668867,2262.385929354394
2026-05-04 09:37:42.804539,0.05457241013722583,2262.8591111342325,2262.8045387240954
2026-05-04 09:37:43.020376,0.33237085086728724,2263.3527471340153,2263.020376283148
2026-05-04 09:37:43.691013,0.011193350791033117,2263.702206355975,2263.691013005184
2026-05-04 09:37:44.186073,0.07170349207820341,2264.2577762400674,2264.1860727479893
2026-05-04 09:37:44.719916,0.0009155855089220153,2264.720831325039,2264.71991573953
2026-05-04 09:37:45.023473,0.04028323571411096,2265.063756159309,2265.023472923595
2026-05-04 09:37:46.022238,0.002708065299770558,2266.0249459061506,2266.0222378408507
2026-05-04 09:37:46.108694,0.4000284294507873,2266.5087223239784,2266.1086938945277
2026-05-04 09:37:46.118740,0.11936149011469516,2266.6280838140933,2266.118739917695
2026-05-04 09:37:46.170498,0.11233921180147276,2266.740423025895,2266.1704983745785
2026-05-04 09:37:46.654673,0.0034350451820451596,2266.743858071077,2266.654672588633
2026-05-04 09:37:46.986502,0.08983909488399808,2267.076341465073,2266.9865023701886
2026-05-04 09:37:47.004217,0.2776447619500424,2267.3539862270227,2267.0042174693594
2026-05-04 09:37:47.821929,0.04834288410241197,2267.870271852598,2267.8219289684953
2026-05-04 09:37:48.254177,0.4328364165121569,2268.687013297994,2268.2541768814817
2026-05-04 09:37:48.276474,0.25961084201725504,2268.946624140011,2268.2764738649103
2026-05-04 09:37:48.678505,0.16606026701451734,2269.1126844070254,2268.6785048493443
2026-05-04 09:37:49.356454,0.08003549818807433,2269.4364892828617,2269.3564537846737
2026-05-04 09:37:49.787017,0.029905933359442395,2269.8169225864062,2269.787016653047
2026-05-04 09:37:49.860779,0.06009839545161634,2269.9208774440754,2269.860779048624
2026-05-04 09:37:50.857944,0.10065221699406622,2270.9585965763877,2270.8579443593935
2026-05-04 09:37:51.260355,0.23420337028559654,2271.4945584606276,2271.260355090342
2026-05-04 09:37:52.038205,0.00770683623278402,2272.045911486879,2272.038204650646
2026-05-04 09:37:52.264823,0.48616849337530366,2272.750991910327,2272.2648234169515
2026-05-04 09:37:52.645331,0.14126071570583007,2272.8922526260326,2272.645331015566
2026-05-04 09:37:53.457220,0.19982850897137738,2273.6570482549573,2273.457219745986
2026-05-04 09:37:54.481970,0.12557286649357577,2274.6075426875955,2274.4819698211018
2026-05-04 09:37:54.641776,0.05796416143476803,2274.699739696307,2274.641775534872
2026-05-04 09:37:54.890648,0.5813537029140758,2275.4720018031867,2274.8906481002728
2026-05-04 09:37:55.406777,0.15584390718810925,2275.627845710375,2275.406776663862
2026-05-04 09:37:56.317392,0.6410167115959046,2276.9584091415577,2276.3173924299617
2026-05-04 09:37:56.594869,0.20087862982616145,2277.159287771384,2276.5948690974715
2026-05-04 09:37:57.257653,0.16043156360733116,2277.4180843310155,2277.257652767408
2026-05-04 09:37:57.308470,0.3043153823809742,2277.7223997133965,2277.3084699465903
2026-05-04 09:37:57.911186,0.1437537424053256,2278.0549392457506,2277.911185503345
2026-05-04 09:37:57.960204,0.024827428962081132,2278.0797666747126,2277.9602044126805
2026-05-04 09:37:58.393186,0.10621694518759513,2278.499402656349,2278.3931857111615
2026-05-04 09:37:58.793599,0.39007578609942867,2279.1836748133073,2278.793599027208
2026-05-04 09:37:59.536161,0.058929811804207734,2279.5950910335323,2279.536161221728
2026-05-04 09:37:59.874533,0.19978221602916418,2280.0743151051,2279.874532889071
2026-05-04 09:37:59.875636,0.11469345575104309,2280.189008560851,2279.875636298824
2026-05-04 09:38:00.026071,0.09652537515932058,2280.2855339360103,2280.026070638289
2026-05-04 09:38:00.635233,0.16945886014571576,2280.8046921430205,2280.6352332828747
2026-05-04 09:38:00.690767,0.0014172402393129405,2280.80610938326,2280.69076726787
2026-05-04 09:38:00.783376,0.3927233607718068,2281.1988327440317,2280.783376064873
2026-05-04 09:38:01.015489,0.005963789536721769,2281.2047965335682,2281.015489206178
2026-05-04 09:38:03.025309,0.014222270352650467,2283.0395316893723,2283.02530941902
2026-05-04 09:38:03.222093,0.05705486726054493,2283.279147782301,2283.222092915041
2026-05-04 09:38:03.225151,0.06649712341259276,2283.345644905714,2283.2251514068253
2026-05-04 09:38:03.232229,0.01782832971792388,2283.3634732354317,2283.232229121829
2026-05-04 09:38:03.969605,0.10526484692162137,2284.074870026378,2283.9696051794563
2026-05-04 09:38:04.021860,0.07599435267692667,2284.150864379055,2284.0218599010186
2026-05-04 09:38:04.195330,0.17669142006356509,2284.3720215311164,2284.195330111053
2026-05-04 09:38:04.457975,0.020359737521024393,2284.4783343508357,2284.4579746133145
2026-05-04 09:38:04.505396,0.13608053453744234,2284.641476291975,2284.5053957574373
2026-05-04 09:38:04.877620,0.025013776395982786,2284.902633597726,2284.87761982133
2026-05-04 09:38:05.058071,0.061690727565705,2285.1197612882524,2285.0580705606867
2026-05-04 09:38:05.386963,0.24732337935576326,2285.634286503219,2285.386963123863
2026-05-04 09:38:05.518482,0.03375735190882822,2285.6680438551275,2285.51848230922
2026-05-04 09:38:05.752197,0.18288717547689387,2285.935084661329,2285.752197485852
2026-05-04 09:38:05.978965,0.022156121139811805,2286.001121253298,2285.9789651321585
2026-05-04 09:38:06.496113,0.058591012362229,2286.5547043597776,2286.4961133474153
2026-05-04 09:38:06.758868,0.005985306839684735,2286.7648536610736,2286.758868354234
2026-05-04 09:38:06.786071,0.04018762805751896,2286.8262585453413,2286.7860709172837
2026-05-04 09:38:06.818948,0.041896735382061324,2286.8681552807234,2286.818947897457
2026-05-04 09:38:06.977323,0.04301749004570219,2287.0203400356104,2286.9773225455647
2026-05-04 09:38:08.061182,0.10309270217573284,2288.1642746041894,2288.0611819020137
2026-05-04 09:38:08.442510,0.11194986604543584,2288.5544598995816,2288.442510033536
2026-05-04 09:38:08.819055,0.471336918447845,2289.2903919038704,2288.8190549854226
2026-05-04 09:38:09.291953,0.10110408702744603,2289.3930570050366,2289.291952918009
2026-05-04 09:38:09.845966,0.12583933598413885,2289.9718053291185,2289.8459659931345
2026-05-04 09:38:09.946752,0.05826009400032697,2290.0300654231187,2289.9467519275245
2026-05-04 09:38:10.116819,0.10121063884703929,2290.2180298596,2290.116819220753
2026-05-04 09:38:10.506537,0.1691874252983567,2290.67572461047,2290.5065371851715
2026-05-04 09:38:10.536066,0.32135740523062095,2290.9970820157005,2290.536065814183
2026-05-04 09:38:10.832202,0.35763767021199555,2291.3547196859126,2290.8322020157766
2026-05-04 09:38:11.139333,0.00669864209824924,2291.361418328011,2291.139332664493
2026-05-04 09:38:11.574134,0.04936464997568026,2291.6234990513444,2291.5741344013686
2026-05-04 09:38:12.007420,0.18549187647563317,2292.1929122421802,2292.0074203657045
2026-05-04 09:38:12.237206,0.08499759785543393,2292.3222040252012,2292.237206427346
2026-05-04 09:38:12.788768,0.30924256890314217,2293.0980110211312,2292.788768452228
2026-05-04 09:38:13.574795,0.11344783390555864,2293.6882426795314,2293.574794845626
2026-05-04 09:38:13.597095,0.11441891758352617,2293.802661597115,2293.59709523812
2026-05-04 09:38:14.295038,0.06842521127403071,2294.3634630563306,2294.2950378450564
2026-05-04 09:38:14.681727,0.016779240194776862,2294.698505891851,2294.681726651656
2026-05-04 09:38:14.951012,0.01453152726369785,2294.9655432304335,2294.9510117031696
2026-05-04 09:38:15.116147,0.27044524336867143,2295.38659260859,2295.1161473652214
2026-05-04 09:38:15.165500,0.4661796110871011,2295.8527722196773,2295.165499858786
2026-05-04 09:38:15.497803,0.2787638410786423,2296.131536060756,2295.4978030197617
2026-05-04 09:38:15.834377,0.2358955167218454,2296.367431577478,2295.834376634002
2026-05-04 09:38:16.756274,0.08353895807396165,2296.8398125748768,2296.756273616803
2026-05-04 09:38:17.709780,0.011044057089605248,2297.720823597418,2297.7097795403283
2026-05-04 09:38:17.716272,0.16338525612216562,2297.8842088535403,2297.7162717667284
2026-05-04 09:38:17.751637,0.1350407506409552,2298.0192496041814,2297.75163693409
2026-05-04 09:38:17.853979,0.17479966045071227,2298.194049264632,2297.8539785807934
2026-05-04 09:38:17.942268,0.17064149718075042,2298.364690761813,2297.9422676698864
2026-05-04 09:38:17.955266,0.07899831029457197,2298.4436890721076,2297.955265504544
2026-05-04 09:38:18.278423,0.03154201242826649,2298.475231084536,2298.2784226052318
2026-05-04 09:38:18.997578,0.08474629056254546,2299.0823242417623,2298.9975779511997
2026-05-04 09:38:19.565468,0.1422495209355607,2299.7077176634803,2299.565468142545
2026-05-04 09:38:19.807086,0.34645307569249645,2300.153538779738,2299.8070857040457
2026-05-04 09:38:19.948318,0.07985523445946881,2300.2333940141975,2299.948317708038
2026-05-04 09:38:19.965133,0.08987918964016185,2300.3232732038377,2299.965132896304
2026-05-04 09:38:20.129872,0.09851786479827371,2300.421791068636,2300.12987237055
2026-05-04 09:38:20.202369,0.26578365166732276,2300.6875747203035,2300.202369179166
2026-05-04 09:38:20.398107,0.04773819508586732,2300.7353129153894,2300.3981070814584
2026-05-04 09:38:20.408409,0.21034932039749946,2300.945662235787,2300.408409271859
2026-05-04 09:38:20.843134,0.10683602544799134,2301.052498261235,2300.843134149355
2026-05-04 09:38:20.904861,0.33742201939403754,2301.389920280629,2300.9048612269257
2026-05-04 09:38:20.972767,0.14611823471976151,2301.536038515349,2300.9727669045874
2026-05-04 09:38:21.189753,0.02901492804462953,2301.5650534433935,2301.1897529468124
2026-05-04 09:38:21.714852,0.18384823902617076,2301.8987000924126,2301.7148518533863
2026-05-04 09:38:21.718066,0.2841700784255468,2302.182870170838,2301.718066349696
2026-05-04 09:38:22.100010,0.2090798811133613,2302.3919500519514,2302.1000099901216
2026-05-04 09:38:22.239703,0.20548843457496663,2302.5974384865262,2302.2397030530265
2026-05-04 09:38:22.394032,0.08678707260862996,2302.684225559135,2302.3940321575433
2026-05-04 09:38:22.649858,0.3333342063234481,2303.0175597654584,2302.6498575306678
2026-05-04 09:38:23.210396,0.15037224383899198,2303.360767874046,2303.210395630207
2026-05-04 09:38:23.691582,0.18939701490314542,2303.8809790779774,2303.6915820630743
2026-05-04 09:38:23.704825,0.04839472663370746,2303.9293738046113,2303.7048253798316
2026-05-04 09:38:23.907259,0.7687080140953717,2304.6980818187067,2303.9072592142156
2026-05-04 09:38:24.732019,0.2937713774586192,2305.025789883566,2304.7320185061076
2026-05-04 09:38:25.704192,0.37362585028319023,2306.0778181390237,2305.7041922887406
2026-05-04 09:38:25.752620,0.11142820599641497,2306.1892463450204,2305.752620229712
2026-05-04 09:38:26.074685,0.07241419534279905,2306.261660540363,2306.074685380541
2026-05-04 09:38:26.075528,0.3408596349770274,2306.60252017534,2306.0755275119627
2026-05-04 09:38:26.520944,0.09906572058614235,2306.701585895926,2306.520943698438
2026-05-04 09:38:26.705739,0.26876550929419213,2306.9745044381502,2306.705738928856
2026-05-04 09:38:26.846515,0.7820912471817911,2307.756595685332,2306.8465152673134
2026-05-04 09:38:26.953358,0.05384131509587117,2307.8104370004276,2306.9533580466095
2026-05-04 09:38:27.227755,0.14627303144687878,2307.9567100318745,2307.227755247239
2026-05-04 09:38:27.859387,0.19229642788808565,2308.1490064597624,2307.859387131718
2026-05-04 09:38:27.883038,0.6460024050760134,2308.7950088648386,2307.883037998785
2026-05-04 09:38:27.976861,0.08507363478284999,2308.8800824996215,2307.9768606858916
2026-05-04 09:38:28.028962,0.45075942366062655,2309.330841923282,2308.0289620773083
2026-05-04 09:38:28.225630,0.09269714473130339,2309.4235390680133,2308.2256300698987
2026-05-04 09:38:28.328802,0.09267192992354101,2309.516210997937,2308.3288020955765
2026-05-04 09:38:28.880594,0.05397977006475783,2309.570190768002,2308.88059350464
2026-05-04 09:38:28.888558,0.4374909508752296,2310.007681718877,2308.888558369071
2026-05-04 09:38:28.905640,0.3858883859940949,2310.393570104871,2308.9056402612223
2026-05-04 09:38:29.385492,0.012716195562496216,2310.4062863004333,2309.3854922479463
2026-05-04 09:38:29.419093,0.36840811914768656,2310.774694419581,2309.419093493156
2026-05-04 09:38:29.506378,0.24232781331177988,2311.017022232893,2309.5063783070386
2026-05-04 09:38:29.681924,0.2805170983137691,2311.2975393312067,2309.6819239642973
2026-05-04 09:38:29.947598,0.6027081416440172,2311.900247472851,2309.947597548136
2026-05-04 09:38:30.021098,0.07298824000295809,2311.9732357128537,2310.0210978232167
2026-05-04 09:38:30.833683,0.0830534320798894,2312.0562891449335,2310.833683023269
2026-05-04 09:38:30.837576,0.1663245831229543,2312.2226137280563,2310.8375760926237
2026-05-04 09:38:31.657195,0.3952022377809252,2312.617815965837,2311.657194651519
2026-05-04 09:38:31.726708,0.0007297808710544349,2312.618545746708,2311.7267084461873
2026-05-04 09:38:32.084586,0.012064360530336635,2312.6306101072387,2312.0845861871867
2026-05-04 09:38:32.336108,0.24795034272678676,2312.8785604499653,2312.33610823118
2026-05-04 09:38:32.450331,0.40816527701599875,2313.2867257269813,2312.4503312932957
2026-05-04 09:38:32.602436,0.04232637528630027,2313.3290521022677,2312.602436404087
2026-05-04 09:38:32.754376,0.5063257140457841,2313.8353778163137,2312.7543756150017
2026-05-04 09:38:33.210291,0.4462071578834628,2314.281584974197,2313.2102913289154
2026-05-04 09:38:33.513563,0.05141486074603246,2314.3329998349427,2313.513563262519
2026-05-04 09:38:34.445826,0.15662934546200735,2314.6024552121235,2314.4458258666614
2026-05-04 09:38:34.613938,0.20341235716760045,2314.8173503049397,2314.6139379477722
2026-05-04 09:38:34.771819,0.19342907559819497,2315.0107793805378,2314.7718192147945
2026-05-04 09:38:35.107810,0.08675397332084761,2315.1945639311116,2315.107809957791
2026-05-04 09:38:35.183768,0.05081990075962936,2315.245383831871,2315.18376776963
2026-05-04 09:38:35.387920,0.6627414376878211,2316.0506616062376,2315.38792016855
2026-05-04 09:38:35.422100,0.09214399939230909,2316.1428056056297,2315.422099601747
2026-05-04 09:38:35.926970,0.5839834886153227,2316.726789094245,2315.926970253981
2026-05-04 09:38:36.005611,0.080766975782907,2316.8075560700277,2316.0056114380754
2026-05-04 09:38:36.330737,0.104625391366657,2316.9121814613945,2316.330736720984
2026-05-04 09:38:37.004385,0.08718861417377266,2317.0915740461783,2317.0043854320047
2026-05-04 09:38:37.634943,0.1954788049248237,2317.8304218774138,2317.634943072489
2026-05-04 09:38:37.688004,0.26088823210198,2318.0913101095157,2317.688003938913
2026-05-04 09:38:37.723192,0.7601697617692192,2318.851479871285,2317.7231921069642
2026-05-04 09:38:38.176516,0.1014720572674255,2318.9529519285525,2318.17651618537
2026-05-04 09:38:38.196399,0.0012110136164191721,2318.9541629421688,2318.196399321947
2026-05-04 09:38:38.425241,0.08970947787533234,2319.043872420044,2318.4252414987045
2026-05-04 09:38:38.656040,0.23146139783936134,2319.275333817883,2318.6560396797463
2026-05-04 09:38:38.685348,0.314072628162796,2319.589406446046,2318.685348332302
2026-05-04 09:38:39.074808,0.11308778475708817,2319.702494230803,2319.074807542419
2026-05-04 09:38:39.136548,0.012188241486970475,2319.71468247229,2319.1365476884375
2026-05-04 09:38:39.826444,0.11972098008248111,2319.9461646645773,2319.8264436844947
2026-05-04 09:38:39.971236,0.29068430716989924,2320.26192000248,2319.97123569531
2026-05-04 09:38:40.082360,0.6416197144027321,2320.9035397168827,2320.0823598775737
2026-05-04 09:38:40.510525,0.08143178307279704,2320.9849714999555,2320.5105246515977
2026-05-04 09:38:41.049175,0.010216432156298742,2321.059391435573,2321.049175003417
2026-05-04 09:38:42.736886,0.00516117063629982,2322.742047443562,2322.736886272926
2026-05-04 09:38:42.950329,0.05526177286220049,2323.005590861038,2322.9503290881757
2026-05-04 09:38:43.021430,0.02160161763575155,2323.0430312821663,2323.0214296645304
2026-05-04 09:38:43.133158,0.22726939923127523,2323.360427695034,2323.133158295803
2026-05-04 09:38:43.385120,0.4071556322966692,2323.79227514086,2323.3851195085635
2026-05-04 09:38:43.669503,0.3776631947557808,2324.169938335616,2323.669503127537
2026-05-04 09:38:43.695744,0.03553854639031639,2324.205476882006,2323.6957442924213
2026-05-04 09:38:43.723721,0.12374913173238451,2324.3292260137387,2323.723720787559
2026-05-04 09:38:45.099677,0.06401010815584202,2325.163687231922,2325.099677123766
2026-05-04 09:38:45.184219,0.3345103481589022,2325.5187295186247,2325.184219170466
2026-05-04 09:38:45.240954,0.0887176681903985,2325.607447186815,2325.2409535677725
2026-05-04 09:38:45.277080,0.0029759225090828256,2325.610423109324,2325.2770798898305
2026-05-04 09:38:45.636169,0.6401776149479236,2326.276346757451,2325.636169142503
2026-05-04 09:38:45.943624,0.4013323138022913,2326.6776790712534,2325.943623750812
2026-05-04 09:38:47.078238,0.03643760600079318,2327.1146752449563,2327.0782376389557
2026-05-04 09:38:47.262816,0.17874095542028515,2327.441557273851,2327.2628163184304
2026-05-04 09:38:47.433730,0.2002159164684391,2327.6417731903193,2327.433730058608
2026-05-04 09:38:47.633131,0.04326807225884805,2327.685041262578,2327.6331314463555
2026-05-04 09:38:48.392082,0.1444779138451286,2328.5365596146394,2328.3920817007943
2026-05-04 09:38:48.494957,0.012804950680969047,2328.5493645653205,2328.494956577949
2026-05-04 09:38:48.706824,0.3590590440113961,2329.065883037542,2328.7068239935306
2026-05-04 09:38:49.078166,0.18321936767973732,2329.261385341078,2329.0781659733984
2026-05-04 09:38:49.630239,0.16970814681618662,2329.7999471342273,2329.6302389874113
2026-05-04 09:38:49.776001,0.3163588890085136,2330.1163060232357,2329.776001484935
2026-05-04 09:38:49.812310,0.0980854110117448,2330.2143914342473,2329.8123103233966
2026-05-04 09:38:50.124757,0.02191767311598577,2330.2363091073635,2330.1247567639984
2026-05-04 09:38:50.324931,0.010879883758298467,2330.3358104174686,2330.3249305337104
2026-05-04 09:38:50.413369,0.2225824188565524,2330.6359513916377,2330.413368972781
2026-05-04 09:38:50.722434,0.16168807313861908,2330.884121732746,2330.7224336596073
2026-05-04 09:38:50.733141,1.0132731090064908,2331.8973948417524,2330.7331405065056
2026-05-04 09:38:50.777136,0.310714670729372,2332.2081095124818,2330.777136415801
2026-05-04 09:38:50.924217,0.0006879930564594184,2332.2087975055383,2330.924216792148
2026-05-04 09:38:51.042086,0.3181990963488053,2332.5269966018873,2331.042085838944
2026-05-04 09:38:51.431537,0.20329397341605981,2332.730290575303,2331.431537172073
2026-05-04 09:38:51.930435,0.09153783842207602,2332.821828413725,2331.93043517184
2026-05-04 09:38:52.283519,0.09913049036802075,2332.9209589040934,2332.283518731203
2026-05-04 09:38:53.918093,0.06182555411059174,2333.979918810056,2333.918093255945
2026-05-04 09:38:54.562810,0.06207770945741046,2334.624887449046,2334.562809739589
2026-05-04 09:38:54.587199,0.30081264486334236,2334.9257000939097,2334.587199168435
2026-05-04 09:38:54.623726,0.05612661116546991,2334.981826705075,2334.623726490632
2026-05-04 09:38:54.697437,0.11890995839693817,2335.100736663472,2334.6974371304163
2026-05-04 09:38:55.271210,0.07454866847046625,2335.345758808045,2335.2712101395746
2026-05-04 09:38:55.392757,0.02030817623729408,2335.4130648289047,2335.3927566526672
2026-05-04 09:38:55.518479,0.04067477522860717,2335.559153398228,2335.5184786229993
2026-05-04 09:38:55.818104,0.17935526759421414,2335.9974593417182,2335.818104074124
2026-05-04 09:38:55.843334,0.34580674967118447,2336.3432660913895,2335.843333531843
2026-05-04 09:38:56.004437,0.3418492897876595,2336.685115381177,2336.004436510248
2026-05-04 09:38:56.056682,0.02470620949827013,2336.7098215906753,2336.05668160424
2026-05-04 09:38:56.139082,0.03407553255221164,2336.7438971232277,2336.1390815997825
2026-05-04 09:38:56.632791,0.7202515518439048,2337.4641486750716,2336.6327908950852
2026-05-04 09:38:56.917933,0.1912886391433415,2337.655437314215,2336.917932803438
2026-05-04 09:38:56.950792,0.48979704169347765,2338.1452343559085,2336.9507920169417
2026-05-04 09:38:57.035682,0.1072284710155566,2338.252462826924,2337.035682080951
2026-05-04 09:38:58.001724,0.0072540978056317195,2338.2597169247297,2338.001724175258
2026-05-04 09:38:58.055933,0.0654317580315065,2338.325148682761,2338.0559327291485
2026-05-04 09:38:58.170136,0.04287407482059172,2338.368022757582,2338.170135730824
2026-05-04 09:38:58.442785,0.012721564638048508,2338.4555061950664,2338.4427846304284
2026-05-04 09:38:58.465447,0.12082530013256201,2338.5862723433347,2338.465447043202
2026-05-04 09:38:58.993943,0.009596924865261232,2339.0035401268915,2338.9939432020265
2026-05-04 09:38:59.043942,0.036585491645084275,2339.080527416261,2339.043941924616
2026-05-04 09:38:59.232189,0.2490209498563195,2339.4812103978015,2339.232189447945
2026-05-04 09:38:59.239817,0.36843184261196593,2339.8496422404137,2339.239816761629
2026-05-04 09:38:59.491044,0.06255026413298247,2339.9121925045465,2339.4910444238176
2026-05-04 09:38:59.878225,0.12276571297176014,2340.034958217518,2339.878224746263
2026-05-04 09:39:00.804507,0.02706305759034206,2340.8315697468947,2340.804506689304
2026-05-04 09:39:01.111432,0.2125425138704872,2341.3239741829957,2341.111431669125
2026-05-04 09:39:01.700815,0.09215604029816257,2341.792970683944,2341.700814643646
2026-05-04 09:39:02.397780,0.3667582275801105,2342.7645378004877,2342.3977795729074
2026-05-04 09:39:02.763539,0.026776639674745674,2342.7913144401623,2342.7635392902816
2026-05-04 09:39:03.381403,0.344122663304435,2343.7255252023488,2343.3814025390443
2026-05-04 09:39:03.580922,0.9137400145755082,2344.6392652169243,2343.580922208833
2026-05-04 09:39:03.850764,0.06147270950336695,2344.700737926428,2343.8507640937733
2026-05-04 09:39:03.894100,0.5378049085266595,2345.2385428349544,2343.8941004741573
2026-05-04 09:39:04.184738,0.08534490602016262,2345.3238877409744,2344.184737621685
2026-05-04 09:39:04.311718,0.042555154286477034,2345.366442895261,2344.3117184388416
2026-05-04 09:39:04.546372,0.06012235254180875,2345.426565247803,2344.5463715856263
2026-05-04 09:39:05.839429,0.21279131689175315,2346.052220148351,2345.839428831459
2026-05-04 09:39:06.356709,0.04965548772047515,2346.406364514964,2346.3567090272436
2026-05-04 09:39:06.419533,0.05183520434867944,2346.4713686342784,2346.4195334299297
2026-05-04 09:39:06.657293,0.10271868484112544,2346.760011752711,2346.65729306787
2026-05-04 09:39:07.252468,0.33553524792128564,2347.5880036795324,2347.2524684316113
2026-05-04 09:39:07.293147,0.33804744805596304,2347.9260511275884,2347.293146725418
2026-05-04 09:39:07.663304,0.011131694716283941,2347.9371828223047,2347.6633042967005
2026-05-04 09:39:07.812935,0.0874532131571329,2348.0246360354618,2347.812935482689
2026-05-04 09:39:07.848651,0.07518548086898799,2348.099821516331,2347.8486513672474
2026-05-04 09:39:08.043475,0.27340648693564323,2348.3732280032664,2348.0434752263322
2026-05-04 09:39:08.052790,0.004485666723074283,2348.3777136699896,2348.0527899194653
2026-05-04 09:39:08.419212,0.2095075332797631,2348.628719435287,2348.419211902007
2026-05-04 09:39:08.467996,0.12926561111688226,2348.757985046404,2348.46799625241
2026-05-04 09:39:08.781285,0.016032501479357943,2348.7973170950518,2348.7812845935723
2026-05-04 09:39:08.967783,0.3842606564829052,2349.3520432009295,2348.9677825444464
2026-05-04 09:39:09.165966,0.4320579266791126,2349.7841011276087,2349.165966129045
2026-05-04 09:39:09.173376,0.30744141233537264,2350.091542539944,2349.173375526224
2026-05-04 09:39:10.768362,0.003823663053554937,2350.7721858324735,2350.76836216942
2026-05-04 09:39:10.811083,0.1951863005476674,2351.006268919639,2350.8110826190914
2026-05-04 09:39:11.235737,0.13383161657788048,2351.369568489263,2351.2357368726853
2026-05-04 09:39:11.359978,0.1221301809874795,2351.4916986702506,2351.359977967978
2026-05-04 09:39:11.783401,0.04323927501390104,2351.8266401332144,2351.7834008582004
2026-05-04 09:39:12.476390,0.19223280137338983,2352.668622421498,2352.476389620125
2026-05-04 09:39:12.671985,0.1323224762703224,2352.804307142271,2352.6719846660008
2026-05-04 09:39:12.676032,0.288017818915255,2353.0923249611865,2352.6760321202273
2026-05-04 09:39:13.625626,0.20560583673605307,2353.8312315080107,2353.6256256712745
2026-05-04 09:39:13.632957,0.24758392708759938,2354.0788154350985,2353.632957149188
2026-05-04 09:39:14.695514,0.11100824507239802,2354.806521788798,2354.6955135437256
2026-05-04 09:39:15.170470,0.3894161371272032,2355.5598861383014,2355.170470001174
2026-05-04 09:39:15.534133,0.043364676852976236,2355.6032508151543,2355.5341326961952
2026-05-04 09:39:15.630609,0.890142230059688,2356.52075148093,2355.6306092508703
2026-05-04 09:39:16.304180,0.43504639183340726,2356.9557978727635,2356.3041800889337
2026-05-04 09:39:17.411757,0.021990743692531282,2357.4337480747085,2357.411757331016
2026-05-04 09:39:17.879958,0.11763861534109087,2357.997596817354,2357.879958202013
2026-05-04 09:39:17.962058,0.002101753379581872,2357.9996985707335,2357.962058279468
2026-05-04 09:39:18.112985,0.14615905944324278,2358.2591439472176,2358.1129848877745
2026-05-04 09:39:18.122985,0.027057079813314205,2358.286201027031,2358.122984744411
2026-05-04 09:39:18.282301,0.06252976143800702,2358.348730788469,2358.2823007111083
2026-05-04 09:39:18.749012,0.5362173535827185,2359.2852296243195,2358.749012270737
2026-05-04 09:39:18.806934,0.24447871277897867,2359.5297083370983,2358.806933813179
2026-05-04 09:39:19.525335,0.07334770341804799,2359.6030560405165,2359.5253347575836
2026-05-04 09:39:19.745245,0.015410429393625278,2359.7606552204497,2359.745244791056
2026-05-04 09:39:19.808946,0.09740455936257018,2359.906350435872,2359.8089458765094
2026-05-04 09:39:20.048161,0.5939691424730551,2360.6421300254465,2360.048160882973
2026-05-04 09:39:20.245769,0.11320833045001506,2360.7553383558966,2360.245768665499
2026-05-04 09:39:20.611524,0.029222791228194767,2360.784561147125,2360.6115244336393
2026-05-04 09:39:20.906037,0.16349615524319236,2361.0695334316247,2360.9060372763815
2026-05-04 09:39:21.032497,0.324168498418959,2361.393701930044,2361.0324970107863
2026-05-04 09:39:21.231018,0.3664671327397843,2361.7601690627835,2361.231017670293
2026-05-04 09:39:21.473967,0.09480278938074806,2361.854971852164,2361.4739670095696
2026-05-04 09:39:22.135981,0.17086701017048944,2362.3068475923255,2362.135980582155
2026-05-04 09:39:22.156278,0.005470625850572834,2362.312318218176,2362.1562775279144
2026-05-04 09:39:22.893534,0.13926107345549163,2363.0327952023536,2362.893534128898
2026-05-04 09:39:23.458980,0.49017237672497704,2363.9491521403743,2363.4589797636495
2026-05-04 09:39:23.843545,0.12807794948374213,2364.077230089858,2363.843544912312
2026-05-04 09:39:23.882105,0.387406657647682,2364.4646367475057,2363.8821050941697
2026-05-04 09:39:24.658444,0.2736669976987442,2364.9321113781243,2364.6584443804254
2026-05-04 09:39:24.660215,0.13819504760279766,2365.0703064257273,2364.6602153994527
2026-05-04 09:39:24.734639,0.06613362217876978,2365.136440047906,2364.7346388904384
2026-05-04 09:39:24.788104,0.11833735477498245,2365.254777402681,2364.7881044722812
2026-05-04 09:39:25.060528,0.13316834678806722,2365.387945749469,2365.0605276765205
2026-05-04 09:39:25.476028,0.0537744097421607,2365.5298024024323,2365.47602799269
2026-05-04 09:39:25.544858,0.0885546126630506,2365.6334130719015,2365.5448584592386
2026-05-04 09:39:25.860958,0.005974875215818246,2365.866932614515,2365.860957739299
2026-05-04 09:39:26.032907,0.09091792044224918,2366.123824980626,2366.032907060184
2026-05-04 09:39:26.402074,0.20051592139630783,2366.6025898077028,2366.4020738863064
2026-05-04 09:39:26.522381,0.06938655505384125,2366.6719763627566,2366.5223812926074
2026-05-04 09:39:26.849294,0.014891930079828294,2366.8641859827253,2366.8492940526453
2026-05-04 09:39:26.980094,0.05525536187339408,2367.035348899357,2366.9800935374833
2026-05-04 09:39:27.292792,0.9381063454951182,2368.2308987780652,2367.29279243257
2026-05-04 09:39:27.683312,0.6354442085339549,2368.866342986599,2367.68331158996
2026-05-04 09:39:28.017442,0.1652560187421217,2369.0315990053414,2368.017442421481
2026-05-04 09:39:28.046456,0.25351639178767704,2369.285115397129,2368.046456204635
2026-05-04 09:39:28.322944,0.09148146136280277,2369.376596858492,2368.322943676882
2026-05-04 09:39:28.433633,0.2168495658556455,2369.593446424348,2368.433633170757
2026-05-04 09:39:28.439147,0.04414550103078865,2369.6375919253787,2368.439147216826
2026-05-04 09:39:28.678164,0.05251635227686614,2369.690108277656,2368.6781636005962
2026-05-04 09:39:29.157445,0.27160656344817186,2369.961714841104,2369.1574447796906
2026-05-04 09:39:29.346792,0.09013485414038427,2370.051849695244,2369.3467922641044
2026-05-04 09:39:30.696772,0.1202261567405625,2370.8169980893567,2370.6967719326162
2026-05-04 09:39:30.853874,0.18016779687139522,2371.034042169841,2370.8538743729696
2026-05-04 09:39:31.415813,0.304225009041488,2371.720037813785,2371.4158128047434
2026-05-04 09:39:32.258944,0.09917873123561118,2372.3581224885274,2372.258943757292
2026-05-04 09:39:33.333831,0.004069207500953364,2373.3379003569225,2373.3338311494217
2026-05-04 09:39:34.262819,0.5669887422773382,2374.829807310539,2374.2628185682615
2026-05-04 09:39:34.508705,0.2943686496419226,2375.1241759601808,2374.508705147123
2026-05-04 09:39:34.792319,0.2690857339389173,2375.3932616941197,2374.7923186704647
2026-05-04 09:39:36.156061,0.06928621086548879,2376.225347370907,2376.1560611600416
2026-05-04 09:39:36.568290,0.052248320228234904,2376.620537858615,2376.568289538387
2026-05-04 09:39:36.824750,0.1000495717562302,2376.9247994043803,2376.824749832624
2026-05-04 09:39:38.071624,0.2183365062996915,2378.2899606535016,2378.071624147202
2026-05-04 09:39:38.275403,0.11514597587165228,2378.405106629373,2378.275402621593
2026-05-04 09:39:38.351650,0.06435627246536979,2378.4694629018386,2378.351650453303
2026-05-04 09:39:38.390121,0.15629018796944252,2378.625753089808,2378.390121441257
2026-05-04 09:39:38.413242,0.585965066247016,2379.2117181560548,2378.4132422405173
2026-05-04 09:39:38.487546,0.1264316065909518,2379.3381497626456,2378.4875457478524
2026-05-04 09:39:39.301001,0.21820726075900188,2379.5563570234044,2379.3010008281885
2026-05-04 09:39:39.319382,0.19076494380642967,2379.7471219672107,2379.319381979952
2026-05-04 09:39:39.369536,0.2396033057763771,2379.986725272987,2379.369535829185
2026-05-04 09:39:39.463125,0.12642136954323754,2380.11314664253,2379.4631247862303
2026-05-04 09:39:40.224861,0.030812529379392148,2380.2556733544593,2380.2248608250798
2026-05-04 09:39:40.299995,0.5171842014447808,2380.8171793950414,2380.2999951935967
2026-05-04 09:39:41.367735,0.4080561422215807,2381.7757910341875,2381.367734891966
2026-05-04 09:39:41.987780,0.025628464029109413,2382.0134083040557,2381.9877798400266
2026-05-04 09:39:42.177910,0.008722975217822148,2382.186632875658,2382.1779099004398
2026-05-04 09:39:42.253178,0.08014418017511435,2382.3333225515285,2382.2531783713534
2026-05-04 09:39:42.684221,0.12403507821434323,2382.8082559539735,2382.684220875759
2026-05-04 09:39:42.909404,0.163162195328586,2383.0725659886625,2382.909403793334
2026-05-04 09:39:43.490163,0.16923756245358434,2383.6594001899925,2383.490162627539
2026-05-04 09:39:44.073839,0.15263631090737084,2384.2264753990457,2384.0738390881384
2026-05-04 09:39:44.216518,0.09963529932096024,2384.326110698367,2384.216518260353
2026-05-04 09:39:44.292607,0.30185900116233577,2384.6279696995293,2384.2926071942243
2026-05-04 09:39:45.769850,0.10901984696900638,2385.8788703453547,2385.7698504983855
2026-05-04 09:39:46.040527,0.14163439069994221,2386.1821615185204,2386.0405271278205
2026-05-04 09:39:46.052682,0.052488433034497274,2386.2346499515547,2386.0526816195193
2026-05-04 09:39:46.179409,0.09536570014646856,2386.330015651701,2386.179409088109
2026-05-04 09:39:46.481409,0.03401374008915142,2386.5154226739405,2386.4814089338515
2026-05-04 09:39:46.609894,0.1305276575703735,2386.7404215933907,2386.6098939358203
2026-05-04 09:39:47.184817,0.01167512258365512,2387.1964920725813,2387.1848169499976
2026-05-04 09:39:47.627107,0.21296394945999153,2387.840070872605,2387.6271069231448
2026-05-04 09:39:48.141453,0.07565400685306323,2388.217106561648,2388.141452554795
2026-05-04 09:39:48.484053,0.2942767334242168,2388.778329536143,2388.4840528027185
2026-05-04 09:39:48.679382,0.019394625111157894,2388.797724161254,2388.679382449191
2026-05-04 09:39:48.757253,0.21610325777228448,2389.0138274190263,2388.757252719954
2026-05-04 09:39:49.242728,0.016465085131566092,2389.259193063336,2389.2427279782046
2026-05-04 09:39:49.687644,0.1172406023902971,2389.804884938285,2389.6876443358947
2026-05-04 09:39:49.781173,0.23383863830170745,2390.0387235765866,2389.7811730443127
2026-05-04 09:39:50.223029,0.48383251113221476,2390.706861537646,2390.223029026514
2026-05-04 09:39:50.554671,0.10005111099542119,2390.8069126486416,2390.5546707620524
2026-05-04 09:39:51.482179,0.9533769727779872,2392.43555563888,2391.482178666102
2026-05-04 09:39:52.135381,0.02401662065028915,2392.4595722595304,2392.135380548884
2026-05-04 09:39:52.678523,0.21607933820771794,2392.8946022864147,2392.678522948207
2026-05-04 09:39:52.700952,0.33365434125101073,2393.228256627666,2392.7009520806473
2026-05-04 09:39:53.916247,0.14869111942442345,2394.0649379506185,2393.9162468311943
2026-05-04 09:39:54.887774,0.451577599894769,2395.339351256658,2394.8877736567633
2026-05-04 09:39:55.354656,0.8153504926188404,2396.1700067450743,2395.3546562524552
2026-05-04 09:39:55.410219,0.15890239671194628,2396.3289091417864,2395.410219077658
2026-05-04 09:39:55.893500,0.23065716028311198,2396.5595663020695,2395.8935000420493
2026-05-04 09:39:55.951558,0.2290591240043217,2396.788625426074,2395.9515582235313
2026-05-04 09:39:56.145270,0.16833176513735312,2396.956957191211,2396.1452698183193
2026-05-04 09:39:56.966791,0.015426814150067691,2396.9822174684264,2396.9667906542763
2026-05-04 09:39:56.967226,0.10004529268605988,2397.0822627611124,2396.967225755494
2026-05-04 09:39:57.086155,0.5304703570896184,2397.616624991971,2397.0861546348815
2026-05-04 09:39:57.206642,0.30462110811179005,2397.921246100083,2397.20664159127
2026-05-04 09:39:57.550332,0.24104772808014283,2398.162293828163,2397.5503322699296
2026-05-04 09:39:57.762256,0.12230334741785576,2398.284597175581,2397.7622560017517
2026-05-04 09:39:58.023815,0.01066952107648085,2398.2952666966576,2398.023815082244
2026-05-04 09:39:58.103456,0.26518882614773637,2398.560455522805,2398.1034562937257
2026-05-04 09:39:58.276348,0.39887276824468987,2398.9593282910496,2398.2763475444026
2026-05-04 09:39:58.328836,0.09624583407989439,2399.0555741251296,2398.3288355741256
2026-05-04 09:39:58.569943,0.140281446418394,2399.1958555715482,2398.569942615757
2026-05-04 09:39:58.776494,0.0007337683236767163,2399.196589339872,2398.776494483108
2026-05-04 09:39:59.988410,0.14433157369161562,2400.132742041375,2399.9884104676835
2026-05-04 09:40:00.140796,0.28029458208558056,2400.4210904618935,2400.140795879808
2026-05-04 09:40:00.847378,0.2298014477019864,2401.077178968081,2400.8473775203793
2026-05-04 09:40:00.972709,0.03980388944886293,2401.11698285753,2400.9727091972554
2026-05-04 09:40:01.955762,0.046932028669738786,2402.0026943193416,2401.955762290672
2026-05-04 09:40:02.275979,0.2638363716152513,2402.539815544149,2402.275979172534
2026-05-04 09:40:02.425333,0.011312491680647858,2402.5511280358296,2402.4253325467107
2026-05-04 09:40:02.458317,0.10865955533578703,2402.6597875911652,2402.4583171390586
2026-05-04 09:40:02.532505,0.21096076070863357,2402.8707483518738,2402.532504809475
2026-05-04 09:40:03.292970,0.036154698024742395,2403.3291244540546,2403.29296975603
2026-05-04 09:40:03.595667,0.23320012849664506,2403.8288674375326,2403.595667309036
2026-05-04 09:40:03.862684,0.22071866478395014,2404.083402901486,2403.862684236702
2026-05-04 09:40:04.056141,0.4432018243691886,2404.526604725855,2404.056140592916
2026-05-04 09:40:04.068927,0.02167002631018432,2404.5482747521655,2404.0689265769583
2026-05-04 09:40:04.498049,0.12214414975287642,2404.6704189019183,2404.4980493840476
2026-05-04 09:40:04.816329,0.11974305863710884,2404.936072527455,2404.816329468818
2026-05-04 09:40:05.006509,0.10185004225601882,2405.1083594731854,2405.0065094309293
2026-05-04 09:40:05.125485,0.1299958570432877,2405.2554808296422,2405.1254849725988
2026-05-04 09:40:05.308742,0.30305213849308105,2405.6117941770776,2405.3087420385846
2026-05-04 09:40:06.129941,0.8388473225435027,2406.968788080357,2406.1299407578135
2026-05-04 09:40:06.813332,0.3804213077492755,2407.3492093881064,2406.8133324701294
2026-05-04 09:40:07.430804,0.9261503159349435,2408.3569538316387,2407.4308035157037
2026-05-04 09:40:07.578603,0.004632334661564998,2408.3615861663,2407.578603247341
2026-05-04 09:40:07.992673,0.0375904074808189,2408.399176573781,2407.992672987689
2026-05-04 09:40:08.039334,0.2024270212922534,2408.6016035950734,2408.03933362305
2026-05-04 09:40:08.289038,0.09192674708405964,2408.6935303421574,2408.28903755733
2026-05-04 09:40:08.745120,0.083202400688186,2408.8283219432074,2408.745119542519
2026-05-04 09:40:08.965076,0.1565455813583363,2409.1216211261917,2408.9650755448333
2026-05-04 09:40:08.980117,0.14702803760163907,2409.2686491637933,2408.980116639702
2026-05-04 09:40:08.990716,0.29161787656792354,2409.5602670403614,2408.990715565853
2026-05-04 09:40:09.160177,0.05261757887190715,2409.6128846192332,2409.160177234419
2026-05-04 09:40:09.369080,0.2398595927695717,2409.852744212003,2409.3690804064195
2026-05-04 09:40:09.555337,0.2193610493709985,2410.072105261374,2409.555336971073
2026-05-04 09:40:09.929663,0.677086907697583,2410.7491921690716,2409.9296634186426
2026-05-04 09:40:10.009531,0.20125823732686496,2410.9504504063984,2410.0095310909574
2026-05-04 09:40:10.967137,0.2866378622858675,2411.2537753517377,2410.967137489452
2026-05-04 09:40:11.019565,0.04334629665984976,2411.2971216483975,2411.019565348173
2026-05-04 09:40:11.285982,0.03970981214113271,2411.3368314605386,2411.2859815016523
2026-05-04 09:40:11.375899,0.05539564724519541,2411.431294900919,2411.3758992536737
2026-05-04 09:40:11.552391,0.020185185869855824,2411.5725762072225,2411.552391021353
2026-05-04 09:40:11.686305,0.23778827648441264,2411.9240933376814,2411.686305061197
2026-05-04 09:40:11.840745,0.43389881940030306,2412.3579921570818,2411.8407454159533
2026-05-04 09:40:12.334024,0.12193812573223728,2412.479930282814,2412.334023976818
2026-05-04 09:40:12.672548,0.20572338473924648,2412.878271661272,2412.672548276533
2026-05-04 09:40:12.689744,0.015889033225502325,2412.8941606944973,2412.6897442488307
2026-05-04 09:40:12.857287,0.003609473002576673,2412.8977701675,2412.857286765444
2026-05-04 09:40:13.107103,0.019419334843182836,2413.1265224242093,2413.107103089366
2026-05-04 09:40:13.303675,0.2580185051810752,2413.5616938056946,2413.3036753005135
2026-05-04 09:40:13.346195,0.17901107195652213,2413.7407048776513,2413.3461953548494
2026-05-04 09:40:13.513626,0.04357729614814985,2413.7842821737995,2413.5136260226877
2026-05-04 09:40:13.536385,0.2766392789066465,2414.060921452706,2413.536384933427
2026-05-04 09:40:14.355186,0.2663881024889573,2414.6215740641255,2414.3551859616364
2026-05-04 09:40:14.433136,0.1796667949154597,2414.801240859041,2414.433135733377
2026-05-04 09:40:14.730226,0.6605862731369712,2415.4618271321783,2414.730226165032
2026-05-04 09:40:15.636837,0.46318651933542254,2416.1000232673546,2415.636836748019
2026-05-04 09:40:16.659920,0.013773801120797123,2416.673693523343,2416.659919722222
2026-05-04 09:40:17.174683,0.09285194744212227,2417.267535172181,2417.1746832247386
2026-05-04 09:40:17.310892,0.18768757269920916,2417.498579767792,2417.3108921950925
2026-05-04 09:40:17.565758,0.13019104630178024,2417.6959490302,2417.5657579838985
2026-05-04 09:40:18.373169,0.6641184332752029,2419.0372870357223,2418.373168602447
2026-05-04 09:40:19.361652,0.03061548971274915,2419.3922676764723,2419.36165218676
2026-05-04 09:40:19.559883,0.016628708823210964,2419.576511470755,2419.559882761932
2026-05-04 09:40:20.285237,0.4756796351041539,2420.760916349686,2420.2852367145815
2026-05-04 09:40:20.388967,0.09607985600918342,2420.856996205695,2420.3889666586306
2026-05-04 09:40:20.550910,0.19772763023252668,2421.0547238359277,2420.5509095827656
2026-05-04 09:40:20.584862,0.30945426486023303,2421.3641781007877,2420.5848620979764
2026-05-04 09:40:20.687466,0.25828509074289935,2421.6224631915306,2420.6874656686723
2026-05-04 09:40:20.974187,0.03697361937366052,2421.6594368109045,2420.974186621775
2026-05-04 09:40:21.568086,0.2891071308483769,2421.9485439417526,2421.5680864482224
2026-05-04 09:40:21.686335,0.20723379765663355,2422.155777739409,2421.6863352814435
2026-05-04 09:40:22.291919,0.11184952743290846,2422.4037683011716,2422.291918773739
2026-05-04 09:40:22.683065,0.022263972612881638,2422.7053285491675,2422.6830645765544
2026-05-04 09:40:22.704938,0.14151659454147583,2422.846845143709,2422.7049383014255
2026-05-04 09:40:22.887564,0.02325718150347411,2422.910820964665,2422.8875637831616
2026-05-04 09:40:23.014829,0.1822783093979759,2423.197107075371,2423.014828765973
2026-05-04 09:40:23.098439,0.020683448026007172,2423.217790523397,2423.0984391586644
2026-05-04 09:40:23.937356,0.08744383477918438,2424.0247997697957,2423.9373559350165
2026-05-04 09:40:24.216903,0.026295985632549153,2424.243198759561,2424.2169027739283
2026-05-04 09:40:24.446043,0.13583550740959136,2424.5818786248315,2424.446043117422
2026-05-04 09:40:24.660820,0.18103359208935924,2424.841853394173,2424.6608198020836
2026-05-04 09:40:24.771200,0.34249966768341,2425.1843530618567,2424.7712003070014
2026-05-04 09:40:25.354082,0.05867686528532934,2425.4127584748117,2425.3540816095265
2026-05-04 09:40:25.652583,0.04595098242964302,2425.6985338840254,2425.652582901596
2026-05-04 09:40:26.241265,0.08175646593676722,2426.323021213782,2426.241264747845
2026-05-04 09:40:26.509543,0.5693387225457135,2427.0788815215474,2426.509542799002
2026-05-04 09:40:26.659147,0.3297458928734084,2427.4086274144206,2426.659147011673
2026-05-04 09:40:26.890817,0.23978622501417052,2427.6484136394347,2426.890816878405
2026-05-04 09:40:26.935999,0.06285535940386046,2427.7112689988385,2426.9359991622414
2026-05-04 09:40:27.091560,0.25735296568127924,2427.9686219645196,2427.091559997986
2026-05-04 09:40:27.255122,0.04465494722254162,2428.013276911742,2427.255121918486
2026-05-04 09:40:27.360386,0.6673096754430007,2428.680586587185,2427.360386075776
2026-05-04 09:40:27.400972,0.022960596281235705,2428.7035471834665,2427.400971840894
2026-05-04 09:40:28.336763,0.04133269062844908,2428.7448798740947,2428.3367625603964
2026-05-04 09:40:28.725804,0.0685687731530825,2428.8134486472477,2428.7258043760457
2026-05-04 09:40:28.940848,0.1894844897913506,2429.130332704175,2428.9408482143835
2026-05-04 09:40:29.028772,0.35887523150831174,2429.489207935683,2429.0287721099235
2026-05-04 09:40:29.207582,0.3153345478909955,2429.804542483574,2429.2075818101216
2026-05-04 09:40:29.300299,0.03726275559075975,2429.841805239165,2429.300298607955
2026-05-04 09:40:29.399223,0.16168379221632867,2430.0034890313814,2429.3992234858038
2026-05-04 09:40:29.502483,0.056398822878474975,2430.05988785426,2429.5024834971887
2026-05-04 09:40:29.629341,0.15645904651072742,2430.216346900771,2429.6293411913507
2026-05-04 09:40:29.647997,0.0036465290859968324,2430.219993429857,2429.6479968250433
2026-05-04 09:40:30.146076,0.5397285018704707,2430.759721931727,2430.1460763340733
2026-05-04 09:40:30.209840,0.33376067152669847,2431.093482603254,2430.209839870087
2026-05-04 09:40:30.297411,0.24127325275857703,2431.3347558560126,2430.2974114539693
2026-05-04 09:40:30.484102,0.08747012961184236,2431.4222259856247,2430.4841019932637
2026-05-04 09:40:30.498529,0.321826843326533,2431.744052828951,2430.49852852654
2026-05-04 09:40:30.614735,0.27714484169714215,2432.0211976706482,2430.6147349687362
2026-05-04 09:40:30.841946,0.0466285303166899,2432.067826200965,2430.8419463731484
2026-05-04 09:40:31.004083,0.038549083553023396,2432.106375284518,2431.0040832171076
2026-05-04 09:40:32.668435,0.15965818186714664,2432.8280927560327,2432.6684345741655
2026-05-04 09:40:32.833228,0.2906420385022508,2433.1238697182025,2432.8332276797005
2026-05-04 09:40:33.287711,0.13380942669507864,2433.4215200616686,2433.2877106349733
2026-05-04 09:40:33.377254,0.26273441521308183,2433.6842544768815,2433.3772541943267
2026-05-04 09:40:35.099131,0.4165777547672727,2435.51570906463,2435.0991313098625
2026-05-04 09:40:35.411186,0.29037383713334686,2435.806082901763,2435.4111863522157
2026-05-04 09:40:35.457321,0.1341482671665942,2435.9402311689296,2435.457321450984
2026-05-04 09:40:35.486414,0.030056683029291764,2435.970287851959,2435.4864141892563
2026-05-04 09:40:35.918890,0.4545207978264352,2436.424808649785,2435.918889669608
2026-05-04 09:40:36.287549,0.0870782050261481,2436.511886854811,2436.287548515214
2026-05-04 09:40:36.483939,0.4173042884056433,2436.929191143217,2436.483938598813
2026-05-04 09:40:36.763756,0.6123415759417417,2437.5415327191586,2436.763755578542
2026-05-04 09:40:36.920347,0.17480146884393874,2437.7163341880023,2436.920346662138
2026-05-04 09:40:37.798373,0.0509569180219685,2437.849329628766,2437.798372710744
2026-05-04 09:40:37.960307,0.2987584668683911,2438.259065109204,2437.9603066423356
2026-05-04 09:40:38.266555,0.19952206469550948,2438.466076968464,2438.266554903769
2026-05-04 09:40:39.210636,0.10421994639661025,2439.314856331959,2439.2106363855623
2026-05-04 09:40:39.274593,0.021734609223116666,2439.3365909411823,2439.2745926892226
2026-05-04 09:40:40.541254,0.07447048536637851,2440.6157243442526,2440.541253858886
2026-05-04 09:40:41.031610,0.11060076769130085,2441.142210988568,2441.0316102208767
2026-05-04 09:40:41.237510,0.01342432381466237,2441.2509345211206,2441.2375101973057
2026-05-04 09:40:41.419260,0.08081252143908246,2441.5000726927597,2441.4192601713207
2026-05-04 09:40:41.512853,0.02452380799858236,2441.5373765447057,2441.512852736707
2026-05-04 09:40:41.653346,0.2370215019380198,2441.890367976941,2441.6533464750028
2026-05-04 09:40:41.917778,0.09150716440698925,2442.0092856059523,2441.917778441545
2026-05-04 09:40:42.022186,0.003453662261012557,2442.025639712743,2442.022186050482
2026-05-04 09:40:42.065917,0.2811149525337935,2442.3470319767684,2442.0659170242347
2026-05-04 09:40:42.553431,0.31284510702637863,2442.8662761478577,2442.553431040831
2026-05-04 09:40:43.040441,0.21899421095368732,2443.259434779356,2443.0404405684026
2026-05-04 09:40:43.445793,0.04080368005156415,2443.4865964110427,2443.4457927309913
2026-05-04 09:40:44.255354,0.03658904738196124,2444.291942605168,2444.2553535577863
2026-05-04 09:40:44.259402,0.26925346241865333,2444.561196067587,2444.259401747283
2026-05-04 09:40:44.452453,0.10945624748116317,2444.6706523150683,2444.452452674349
2026-05-04 09:40:44.636758,0.09404041958801118,2444.7646927346564,2444.636758186174
2026-05-04 09:40:45.079750,0.06326837913215434,2445.143018024849,2445.0797496457167
2026-05-04 09:40:45.709784,0.13583718194101474,2445.8456211239723,2445.709783942031
2026-05-04 09:40:45.849404,0.06671929235969914,2445.9161235799206,2445.849404287561
2026-05-04 09:40:46.765314,0.02547485784121032,2446.790788403972,2446.7653135461305
2026-05-04 09:40:46.876510,0.12044004172887056,2446.9969496572276,2446.876509615499
2026-05-04 09:40:47.684755,0.6396920990643629,2448.3244470353925,2447.6847549363283
2026-05-04 09:40:47.697361,0.2960968644136962,2448.6205438998063,2447.6973612302877
2026-05-04 09:40:48.428722,0.08804809444937686,2448.7085919942556,2448.428721830254
2026-05-04 09:40:48.728148,0.3179909606489644,2449.0461389697944,2448.7281480091456
2026-05-04 09:40:48.913992,0.5502194335038276,2449.5963584032984,2448.9139921925953
2026-05-04 09:40:49.064923,0.1793272640357899,2449.775685667334,2449.0649232773662
2026-05-04 09:40:49.612197,0.2800219705444601,2450.0557076378786,2449.612196782106
2026-05-04 09:40:50.375592,0.08647049949350238,2450.4620620404644,2450.375591540971
2026-05-04 09:40:50.463093,0.3223803344113447,2450.7854729267638,2450.4630925923525
2026-05-04 09:40:50.664761,0.1342229422960094,2450.91969586906,2450.6647613392774
2026-05-04 09:40:50.685734,0.08400954231411532,2451.003705411374,2450.685734282358
2026-05-04 09:40:51.175614,0.1292743143321043,2451.3048878631453,2451.175613548813
2026-05-04 09:40:51.365662,0.19282649149439227,2451.5584887912514,2451.365662299757
2026-05-04 09:40:51.391212,0.11690657461079478,2451.675395365862,2451.3912117218547
2026-05-04 09:40:51.488495,0.10375294497895822,2451.7791483108413,2451.488494952488
2026-05-04 09:40:51.499761,0.16236064833542083,2451.9415089591766,2451.4997606953016
2026-05-04 09:40:51.507145,0.16454662468923387,2452.106055583866,2451.507145154564
2026-05-04 09:40:51.528598,0.2751106472724611,2452.381166231138,2451.528597872982
2026-05-04 09:40:51.703923,0.23002102012153136,2452.6111872512597,2451.7039228428234
2026-05-04 09:40:51.786689,0.005795255975733449,2452.6169825072357,2451.7866894572826
2026-05-04 09:40:51.803326,0.15325197719120523,2452.770234484427,2451.8033262566664
2026-05-04 09:40:52.398483,0.2316345668571258,2453.0018690512843,2452.3984830908676
2026-05-04 09:40:54.154299,0.766558597703084,2454.920857790708,2454.154299193005
2026-05-04 09:40:54.931956,0.012068658372675742,2454.9440246550216,2454.931955996649
2026-05-04 09:40:55.027202,0.19085963786352556,2455.2180611933363,2455.027201555473
2026-05-04 09:40:55.152713,0.10993009256318649,2455.3279912858993,2455.152713308315
2026-05-04 09:40:56.495901,0.08704919387270149,2456.5829499712463,2456.4959007773737
2026-05-04 09:40:56.543352,0.13050536142290656,2456.713455332669,2456.5433518781683
2026-05-04 09:40:57.146088,0.3198929710074998,2457.4659806439636,2457.146087672956
2026-05-04 09:40:57.363639,0.35536044327372185,2457.821341087237,2457.363638562346
2026-05-04 09:40:58.056379,0.12820951109468845,2458.1845882961993,2458.0563787851047
2026-05-04 09:40:58.509600,0.17586815289028437,2458.6854683297693,2458.509600176879
2026-05-04 09:40:58.821946,0.3594530284389392,2459.1813992999623,2458.8219462715233
2026-05-04 09:40:58.968724,0.21364071276458685,2459.395040012727,2458.9687242084883
2026-05-04 09:40:59.107146,0.02768124381253996,2459.4227212565393,2459.1071457150833
2026-05-04 09:40:59.443929,0.048801659764873134,2459.492730946703,2459.4439292869383
2026-05-04 09:40:59.453935,0.055757460049327134,2459.5484884067523,2459.4539354304693
2026-05-04 09:40:59.633752,0.1961501127286853,2459.8299022956603,2459.6337521829314
2026-05-04 09:40:59.638300,0.564955699318811,2460.3948579949792,2459.63830029639
2026-05-04 09:40:59.757846,0.36781514987968,2460.762673144859,2459.757845750531
2026-05-04 09:41:00.702546,0.42178331083996545,2461.184456455699,2460.702545693442
2026-05-04 09:41:01.702311,0.23755601063132317,2461.939867310205,2461.702311299574
2026-05-04 09:41:02.206726,0.01744944438127199,2462.2241755352898,2462.2067260909084
2026-05-04 09:41:02.326160,0.073164718332871,2462.399324595764,2462.326159877431
2026-05-04 09:41:02.512513,0.10671535645628656,2462.6192284686344,2462.512513112178
2026-05-04 09:41:02.523557,0.06618943583716337,2462.6854179044717,2462.5235569495712
2026-05-04 09:41:02.764915,0.16162762014013207,2462.926542928265,2462.7649153081247
2026-05-04 09:41:02.769112,0.0692383791388761,2462.995781307404,2462.769112015535
2026-05-04 09:41:02.905461,0.04155181022347973,2463.0373331176274,2462.9054609201166
2026-05-04 09:41:03.087379,0.06772924072133607,2463.15510873304,2463.0873794923186
2026-05-04 09:41:03.625119,0.04706690902038558,2463.672186405941,2463.6251194969204
2026-05-04 09:41:03.713042,0.04511521700510759,2463.7581574139163,2463.713042196911
2026-05-04 09:41:03.845514,0.1398969827741081,2463.985411407309,2463.845514424535
2026-05-04 09:41:04.008715,0.5924836093247636,2464.6011987157576,2464.0087151064326
2026-05-04 09:41:04.311730,0.08422037976695812,2464.6854190955246,2464.3117299912274
2026-05-04 09:41:04.522778,0.04844406837190818,2464.7338631638963,2464.5227776625875
2026-05-04 09:41:04.933486,0.278787776180805,2465.2122735144244,2464.9334857382437
2026-05-04 09:41:05.125751,0.06359844394930828,2465.2758719583735,2465.1257513492915
2026-05-04 09:41:05.190380,0.002485918076090751,2465.2783578764497,2465.1903797360037
2026-05-04 09:41:05.413431,0.03046832645615474,2465.4438989030014,2465.413430576545
2026-05-04 09:41:06.708673,0.03485489130446613,2466.7435276026386,2466.708672711334
2026-05-04 09:41:07.042600,0.21842265009296963,2467.2610231242306,2467.0426004741375
2026-05-04 09:41:07.593683,0.2651168589155925,2467.8587999413307,2467.5936830824153
2026-05-04 09:41:08.137558,0.18564591775443318,2468.3232038968868,2468.1375579791325
2026-05-04 09:41:08.163388,0.13381825252181387,2468.4570221494087,2468.16338785762
2026-05-04 09:41:08.597105,0.4235973544252645,2469.0207020416588,2468.5971046872337
2026-05-04 09:41:09.267670,0.2048486784362599,2469.47251880646,2469.267670128024
2026-05-04 09:41:09.323407,0.00404944914862515,2469.4765682556085,2469.3234067937624
2026-05-04 09:41:09.352416,0.27053340125940945,2469.747101656868,2469.3524161014343
2026-05-04 09:41:09.604209,0.19383892000499858,2469.940940576873,2469.6042086254192
2026-05-04 09:41:09.739609,0.0423370486794554,2469.9832776255525,2469.739608728674
2026-05-04 09:41:10.035538,0.4485297361384942,2470.484067587639,2470.0355378515005
2026-05-04 09:41:10.239561,0.00789754207268112,2470.491965129712,2470.239560658108
2026-05-04 09:41:10.248129,0.44260881297218146,2470.934573942684,2470.248128525797
2026-05-04 09:41:11.333243,0.017861659781115362,2471.351104334552,2471.333242674771
2026-05-04 09:41:11.769238,0.40182787810979914,2472.1710657872723,2471.7692379091623
2026-05-04 09:41:11.842894,0.1411515647585184,2472.312217352031,2471.8428935092247
2026-05-04 09:41:11.885271,0.14818779263274615,2472.4604051446636,2471.8852713384867
2026-05-04 09:41:12.262869,0.011663294897626795,2472.472068439561,2472.262869337864
2026-05-04 09:41:12.329652,0.20110146295030362,2472.6731699025113,2472.329652123464
2026-05-04 09:41:12.576192,0.009938842020665837,2472.683108744532,2472.576192155993
2026-05-04 09:41:13.521954,0.10043166308613526,2473.6223858719827,2473.5219542088967
2026-05-04 09:41:13.587162,0.19720636149884702,2473.8195922334817,2473.58716178764
2026-05-04 09:41:14.227430,0.2650055021500402,2474.492435517209,2474.227430015059
2026-05-04 09:41:14.387811,0.11423773995223935,2474.606673257161,2474.387810945848
2026-05-04 09:41:14.393437,0.1713994777902152,2474.7780727349514,2474.3934374801734
2026-05-04 09:41:14.472123,0.023217296126982732,2474.801290031078,2474.472122715596
2026-05-04 09:41:14.669131,0.24361457848725496,2475.0449046095655,2474.669130627964
2026-05-04 09:41:16.655234,0.10241666918679693,2476.7576504429467,2476.65523377376
2026-05-04 09:41:17.182395,0.01406481045956917,2477.1964595038135,2477.1823946933537
2026-05-04 09:41:17.314852,0.20094531718294417,2477.515797036002,2477.3148517188188
2026-05-04 09:41:17.494205,0.06950719919672835,2477.5853042351987,2477.494205363632
2026-05-04 09:41:18.567300,0.08689033258606013,2478.6541905548384,2478.5673002222525
2026-05-04 09:41:18.793203,0.27581621698252323,2479.0690189319284,2478.793202714946
2026-05-04 09:41:19.046348,1.021210351462022,2480.0902292833903,2479.0463479220743
2026-05-04 09:41:19.330413,0.23453063904410443,2480.324759922434,2479.3304134400196
2026-05-04 09:41:19.659230,0.3046361507572675,2480.6293960731914,2479.659230046767
2026-05-04 09:41:19.719762,0.33187408238096333,2480.9612701555725,2479.7197621328073
2026-05-04 09:41:19.775695,0.35930216338133725,2481.320572318954,2479.7756947175576
2026-05-04 09:41:20.191935,0.3199576229664094,2481.6405299419202,2480.1919352792174
2026-05-04 09:41:20.971795,0.17840003699656448,2481.818929978917,2480.971794752719
2026-05-04 09:41:21.206178,0.3766226962208084,2482.1955526751376,2481.20617792287
2026-05-04 09:41:21.277457,0.0021962263968723496,2482.1977489015344,2481.277457417912
2026-05-04 09:41:21.417739,0.5714313575790121,2482.7691802591135,2481.4177390037316
2026-05-04 09:41:21.812994,0.012156823406674615,2482.78133708252,2481.812994487499
2026-05-04 09:41:22.117098,0.29777809348011147,2483.0791151760004,2482.117098497872
2026-05-04 09:41:22.292961,0.08198703485521952,2483.1611022108555,2482.292961485627
2026-05-04 09:41:23.015974,0.07929296129691998,2483.2403951721526,2483.0159739171318
2026-05-04 09:41:23.079428,0.3348823261332845,2483.5752774982857,2483.0794275081957
2026-05-04 09:41:23.215726,0.04647128154607502,2483.6217487798317,2483.2157261864063
2026-05-04 09:41:24.083565,0.03617159414816209,2484.1197367829586,2484.0835651888106
2026-05-04 09:41:24.151126,0.11138177201343531,2484.2625074167368,2484.1511256447234
2026-05-04 09:41:24.270040,0.13528817998048984,2484.405328502145,2484.2700403221647
2026-05-04 09:41:24.668859,0.1429740330279893,2484.811833203116,2484.6688591700877
2026-05-04 09:41:24.691102,0.05662080036780307,2484.8684540034837,2484.691101999809
2026-05-04 09:41:24.878843,0.04132354100105302,2484.9201665407563,2484.8788429997553
2026-05-04 09:41:25.625951,0.3202714095528311,2485.9462219630273,2485.6259505534745
2026-05-04 09:41:26.337443,0.1456266857998238,2486.4830699482072,2486.3374432624073
2026-05-04 09:41:26.573799,0.06625659077955497,2486.640055421109,2486.5737988303295
2026-05-04 09:41:27.095064,0.16741271659614235,2487.2624771923297,2487.0950644757336
2026-05-04 09:41:28.214276,0.05179711000901188,2488.2660726571885,2488.2142755471796
2026-05-04 09:41:28.362249,0.2611555987022389,2488.6234045958217,2488.3622489971194
2026-05-04 09:41:28.446875,0.7938722913377909,2489.4172768871595,2488.4468753570422
2026-05-04 09:41:28.665036,0.07965602056607905,2489.4969329077257,2488.6650356170126
2026-05-04 09:41:29.077735,0.016813988047459892,2489.5137468957732,2489.0777348749475
2026-05-04 09:41:29.100099,0.0020384617849588914,2489.5157853575583,2489.100098826089
2026-05-04 09:41:29.194028,0.17899753193591633,2489.694782889494,2489.1940280593144
2026-05-04 09:41:30.030013,0.02676197599568564,2490.0567746522684,2490.0300126762727
2026-05-04 09:41:30.394554,0.05284719434881692,2490.447400705603,2490.394553511254
2026-05-04 09:41:30.643103,0.4302862528048169,2491.0733888086893,2490.6431025558845
2026-05-04 09:41:30.666438,0.04393249258589803,2491.1173213012753,2490.6664382914582
2026-05-04 09:41:30.833299,0.1047949363747741,2491.22211623765,2490.833299102186
2026-05-04 09:41:30.918674,0.2003890088805269,2491.4225052465304,2490.918673634288
2026-05-04 09:41:31.333543,0.5371229840171282,2491.9596282305474,2491.333543374535
2026-05-04 09:41:32.018458,0.4168658407009826,2492.4353239096904,2492.0184580689893
2026-05-04 09:41:32.189932,0.19251578857728602,2492.6278396982675,2492.189931706607
2026-05-04 09:41:32.820589,0.17555116271835608,2492.996140319382,2492.8205891566636
2026-05-04 09:41:35.463023,0.21342241313065802,2495.6764457759286,2495.463023362798
2026-05-04 09:41:36.043966,0.17822456351715596,2496.2221907223134,2496.043966158796
2026-05-04 09:41:36.139317,0.31344587904144044,2496.535636601355,2496.1393173945753
2026-05-04 09:41:36.604347,0.12291343866941828,2496.7272608912704,2496.604347452601
2026-05-04 09:41:36.997056,0.004566296315578968,2497.0016221312176,2496.997055834902
2026-05-04 09:41:37.495696,0.0004000786749667133,2497.4960960766675,2497.4956959979927
2026-05-04 09:41:37.774221,0.09062847551739814,2497.8648492898446,2497.7742208143272
2026-05-04 09:41:38.210414,0.40811842850190794,2498.6185324932007,2498.210414064699
2026-05-04 09:41:38.591061,0.7095136163688538,2499.3280461095696,2498.5910610187793
2026-05-04 09:41:38.702667,0.6177347827724085,2499.945780892342,2498.7026667744685
2026-05-04 09:41:39.636323,0.4762455427394316,2500.4220264350815,2499.636322986694
2026-05-04 09:41:39.661479,0.4509009125624808,2500.8729273476442,2499.661478579187
2026-05-04 09:41:39.704595,0.305938017831523,2501.1788653654758,2499.7045945276104
2026-05-04 09:41:39.909878,0.43943146086123064,2501.618296826337,2499.909877843187
2026-05-04 09:41:39.964418,0.04582196204076225,2501.664118788378,2499.9644175257686
2026-05-04 09:41:40.239334,0.22475102142411246,2501.888869809802,2500.239334289695
2026-05-04 09:41:40.552936,0.2373926508797431,2502.126262460682,2500.5529358183758
2026-05-04 09:41:40.878492,0.3014602027199165,2502.427722663402,2500.8784924111783
2026-05-04 09:41:41.216022,0.10215763841789763,2502.52988030182,2501.216022490832
2026-05-04 09:41:41.533273,0.37138970679315797,2502.901270008613,2501.533273246591
2026-05-04 09:41:41.784898,0.08492572993890887,2502.986195738552,2501.7848983920135
2026-05-04 09:41:42.043891,0.2017592326055465,2503.1879549711575,2502.0438910568814
2026-05-04 09:41:42.817820,0.004685641580767255,2503.192640612738,2502.817819703499
2026-05-04 09:41:42.839865,0.021259412514746008,2503.2139000252528,2502.8398653335807
2026-05-04 09:41:43.220319,0.5219491176092038,2503.7422684160856,2503.2203192984766
2026-05-04 09:41:43.632132,0.01486690369837209,2503.757135319784,2503.632131706593
2026-05-04 09:41:43.754933,0.08402984124460325,2503.8411651610286,2503.75493269404
2026-05-04 09:41:44.212447,0.14874669065592067,2504.361193662698,2504.212446972042
2026-05-04 09:41:44.723830,0.26921815455203396,2504.9930478453834,2504.7238296908313
2026-05-04 09:41:45.042649,0.005164052637450523,2505.0478126522958,2505.042648599658
2026-05-04 09:41:46.652440,0.3935254736426719,2507.0459652512104,2506.652439777568
2026-05-04 09:41:46.684547,0.22795516200679167,2507.273920413217,2506.6845465253073
2026-05-04 09:41:46.773765,0.04397446866217475,2507.3178948818795,2506.7737649718383
2026-05-04 09:41:47.668341,0.21069104533907163,2507.8790320518215,2507.6683410064825
2026-05-04 09:41:48.007934,0.07284060887821289,2508.080774995729,2508.0079343868506
2026-05-04 09:41:48.229424,0.10788398782711038,2508.3373078201857,2508.2294238323584
2026-05-04 09:41:49.150267,1.0066378912091518,2510.156905004783,2509.1502671135736
2026-05-04 09:41:49.643432,0.1106321828395839,2510.2675371876226,2509.643432121862
2026-05-04 09:41:49.974422,0.9060108737281397,2511.1735480613506,2509.9744215267615
2026-05-04 09:41:50.222855,0.008841980277247847,2511.182390041628,2510.2228545358307
2026-05-04 09:41:50.479239,0.05251040470825209,2511.2349004463363,2510.479239117574
2026-05-04 09:41:50.832240,0.04393529259093085,2511.2788357389272,2510.832240097874
2026-05-04 09:41:51.083382,0.2258685727458567,2511.504704311673,2511.0833821901906
2026-05-04 09:41:51.438676,0.19932029647155428,2511.704024608144,2511.438675704827
2026-05-04 09:41:52.436051,0.36125533484167477,2512.797306319107,2512.4360509842654
2026-05-04 09:41:53.051498,0.5157954592641106,2513.56729300945,2513.051497550186
2026-05-04 09:41:53.498354,0.18426192341857656,2513.7515549328687,2513.498353635534
2026-05-04 09:41:53.551287,0.08462573372567773,2513.8361806665944,2513.551286506704
2026-05-04 09:41:54.315917,0.23311536512233755,2514.5490323786103,2514.3159170134877
2026-05-04 09:41:54.959013,0.4009304870227201,2515.35994366046,2514.959013173437
2026-05-04 09:41:55.197260,0.26544028458005203,2515.62538394504,2515.197260207808
2026-05-04 09:41:55.257315,0.0008002917104187371,2515.6261842367503,2515.257315038192
2026-05-04 09:41:55.262516,0.3490816349087347,2515.975265871659,2515.26251613033
2026-05-04 09:41:55.504869,0.11881202661554179,2516.0940778982745,2515.5048694369057
2026-05-04 09:41:56.218781,0.23691822122231093,2516.455698837844,2516.2187806166216
2026-05-04 09:41:56.299444,0.014434235446984309,2516.470133073291,2516.299444151568
2026-05-04 09:41:56.331242,0.06518503797888874,2516.53531811127,2516.331242186069
2026-05-04 09:41:56.494978,0.11429886040093735,2516.649616971671,2516.4949776089225
2026-05-04 09:41:57.232352,0.22648111343792712,2517.458833482653,2517.2323523692153
2026-05-04 09:41:57.261560,0.01342162559234059,2517.4722551082455,2517.2615601763405
2026-05-04 09:41:57.684746,0.4922747477473027,2518.177020638856,2517.684745891109
2026-05-04 09:41:57.841263,0.7617172316395433,2518.9387378704955,2517.841263250064
2026-05-04 09:41:57.929853,0.1390765613937199,2519.0778144318892,2517.9298529159314
2026-05-04 09:41:57.973349,0.3758241642871303,2519.4536385961765,2517.973348841766
2026-05-04 09:41:58.895105,0.1496442376202133,2519.6032828337966,2518.8951050402256
2026-05-04 09:41:59.370236,0.6901415478907238,2520.293424381687,2519.370235526121
2026-05-04 09:41:59.620242,0.2572724680761772,2520.5506968497634,2519.620242452635
2026-05-04 09:41:59.785420,0.1100911134207378,2520.6607879631842,2519.7854197964357
2026-05-04 09:42:00.067188,0.05158652929428853,2520.7123744924784,2520.0671883760456
2026-05-04 09:42:00.237742,0.9130913771649958,2521.6254658696434,2520.2377422777026
2026-05-04 09:42:00.620835,0.09161234059375592,2521.717078210237,2520.6208353744096
2026-05-04 09:42:00.772286,0.0033614757597196,2521.720439685997,2520.77228617843
2026-05-04 09:42:00.846288,0.25879244319534894,2521.9792321291925,2520.8462881590103
2026-05-04 09:42:00.981965,0.06523091470317958,2522.0444630438956,2520.9819654826865
2026-05-04 09:42:01.561046,0.2462598984132729,2522.290722942309,2521.5610455590813
2026-05-04 09:42:01.835010,0.12296341031974654,2522.4136863526287,2521.8350100887224
2026-05-04 09:42:01.858965,0.22410541405442622,2522.637791766683,2521.8589648886737
2026-05-04 09:42:02.025135,0.3596470229561781,2522.9974387896395,2522.0251345263077
2026-05-04 09:42:02.759722,0.015785602124358217,2523.0132243917637,2522.759722382267
2026-05-04 09:42:03.060725,0.10036736296633975,2523.1610921099136,2523.0607247469475
2026-05-04 09:42:03.823184,0.15080399981278217,2523.9739882779068,2523.823184278094
2026-05-04 09:42:04.284253,0.22394044384559086,2524.5081934769705,2524.284253033125
2026-05-04 09:42:04.399274,0.014266640757722574,2524.5224601177283,2524.399273890513
2026-05-04 09:42:04.420105,0.13966442750580452,2524.6621245452343,2524.42010520844
2026-05-04 09:42:05.012071,0.14486142323613976,2525.15693257413,2525.012071150894
2026-05-04 09:42:05.962750,0.14140737677638604,2526.104157436949,2525.9627500601728
2026-05-04 09:42:06.429971,0.011242759979961832,2526.441213654103,2526.429970894123
2026-05-04 09:42:06.565451,0.3362545622020942,2526.901705402662,2526.56545084046
2026-05-04 09:42:06.978317,0.16380341678959043,2527.1421208326205,2526.978317415831
2026-05-04 09:42:07.705130,0.1320677143886467,2527.8371976075396,2527.705129893151
2026-05-04 09:42:07.720569,0.08660454613123243,2527.9238021536707,2527.720569458752
2026-05-04 09:42:07.871872,0.5473558994143991,2528.471158053085,2527.871871783631
2026-05-04 09:42:08.446359,0.6498839430762736,2529.1210419961617,2528.4463594440626
2026-05-04 09:42:08.620990,0.3084461630917899,2529.4294881592537,2528.620990048009
2026-05-04 09:42:08.864383,0.10612222408566117,2529.535610383339,2528.86438340875
2026-05-04 09:42:09.021336,0.08524189131884868,2529.620852274658,2529.0213357707607
2026-05-04 09:42:09.111231,0.06592104560591477,2529.686773320264,2529.1112305394076
2026-05-04 09:42:09.205154,0.04509568930608184,2529.73186900957,2529.205154212764
2026-05-04 09:42:09.317258,0.21408794148596344,2529.945956951056,2529.3172582502366
2026-05-04 09:42:09.730582,0.02945348031566667,2529.9754104313715,2529.730582212988
2026-05-04 09:42:09.872733,0.031100479876184202,2530.006510911248,2529.8727325554078
2026-05-04 09:42:10.557108,0.05188581825047522,2530.60899395214,2530.5571081338894
2026-05-04 09:42:11.303945,0.16364759433897869,2531.4675924789426,2531.3039448846034
2026-05-04 09:42:11.634886,0.0022731701551375926,2531.63715928131,2531.6348861111546
2026-05-04 09:42:12.183097,0.017925738316633848,2532.2010226659745,2532.183096927658
2026-05-04 09:42:12.444047,0.4766163289142183,2532.920663130731,2532.444046801817
2026-05-04 09:42:12.551673,0.23761892396556838,2533.158282054697,2532.5516732013702
2026-05-04 09:42:12.665967,0.020229689186427865,2533.1785117438835,2532.6659671692078
2026-05-04 09:42:12.777881,0.07941516848833445,2533.2579269123717,2532.7778810576087
2026-05-04 09:42:13.266687,0.0075340134550863766,2533.2742210903284,2533.2666870768735
2026-05-04 09:42:13.363097,0.025809372850172676,2533.38890627434,2533.36309690149
2026-05-04 09:42:13.541961,0.4009664564449154,2533.9429272864973,2533.541960830052
2026-05-04 09:42:13.645678,0.4122102813613824,2534.3551375678585,2533.645677733941
2026-05-04 09:42:13.955390,0.5542838288344843,2534.909421396693,2533.955390281485
2026-05-04 09:42:13.988427,0.6500509881118934,2535.559472384805,2533.988427395948
2026-05-04 09:42:14.148216,0.05094645303158252,2535.6104188378363,2534.148216109951
2026-05-04 09:42:14.393837,0.39447169765917495,2536.0048905354956,2534.3938367871206
2026-05-04 09:42:14.463536,0.2972675287275309,2536.302158064223,2534.4635361260666
2026-05-04 09:42:14.821589,0.03277910402207631,2536.3349371682452,2534.82158941223
2026-05-04 09:42:15.830542,0.05511942254531976,2536.3900565907907,2535.830542311281
2026-05-04 09:42:15.953540,0.19259131249507133,2536.5826479032858,2535.953539511315
2026-05-04 09:42:16.910923,0.18972708113157863,2537.1006502598843,2536.910923178753
2026-05-04 09:42:17.212244,0.04112436604739901,2537.2533680722113,2537.212243706164
2026-05-04 09:42:17.342434,0.47710248727621035,2537.81953661062,2537.342434123344
2026-05-04 09:42:17.664264,0.14746215608379784,2537.966998766704,2537.664263730368
2026-05-04 09:42:18.506964,0.06811685809535122,2538.575081105771,2538.5069642476756
2026-05-04 09:42:18.982183,0.15963795754998616,2539.1418208288947,2538.982182871345
2026-05-04 09:42:19.749716,0.017531679696371396,2539.7672480587526,2539.7497163790563
2026-05-04 09:42:19.949868,0.26718362360153514,2540.2170513669057,2539.9498677433044
2026-05-04 09:42:20.491563,0.02987139447039048,2540.521434534759,2540.4915631402887
2026-05-04 09:42:20.665904,0.3376676171487678,2541.0035720537817,2540.665904436633
2026-05-04 09:42:21.124222,0.3393272977888531,2541.463549652381,2541.1242223545923
2026-05-04 09:42:21.296760,0.006588281491621564,2541.4701379338726,2541.2967602622543
2026-05-04 09:42:21.375690,0.07750477042664733,2541.547642704299,2541.3756902012246
2026-05-04 09:42:21.756856,0.17963693269032066,2541.9364930940224,2541.756856161332
2026-05-04 09:42:22.713980,0.013764237403469529,2542.727744366245,2542.7139801288417
2026-05-04 09:42:23.098774,0.15948164756635813,2543.258255761858,2543.0987741142917
2026-05-04 09:42:23.153307,0.5087828613715165,2543.7670386232294,2543.153307027994
2026-05-04 09:42:23.826572,0.35046136188756083,2544.1770334370044,2543.826572075117
2026-05-04 09:42:23.904076,0.09011739413467532,2544.267150831139,2543.9040757376133
2026-05-04 09:42:23.911750,0.07207684506256144,2544.3392276762015,2543.911750278102
2026-05-04 09:42:23.914220,0.054449347234258795,2544.393677023436,2543.9142201587824
2026-05-04 09:42:24.800196,0.10298422989176109,2544.9031802578716,2544.80019602798
2026-05-04 09:42:24.851373,0.15390789268286342,2545.0570881505546,2544.8513732463894
2026-05-04 09:42:24.932928,0.006039825642829728,2545.0631279761974,2544.93292802798
2026-05-04 09:42:25.046117,0.05689955153463399,2545.120027527732,2545.0461167811422
2026-05-04 09:42:25.393885,0.21851000040722357,2545.6123947141105,2545.3938847137033
2026-05-04 09:42:25.735604,0.39058890166761207,2546.1261933319092,2545.7356044302414
2026-05-04 09:42:26.119468,0.00725278199628284,2546.1334461139054,2546.1194683033323
2026-05-04 09:42:26.383162,0.31139332779823614,2546.694555179182,2546.3831618513836
2026-05-04 09:42:27.091970,0.2306915262406673,2547.322661508889,2547.091969982648
2026-05-04 09:42:27.264245,0.2783622736851892,2547.601023782574,2547.264245206475
2026-05-04 09:42:27.924915,0.004110428780397006,2547.929025673497,2547.924915244717
2026-05-04 09:42:28.162063,0.18487706182666186,2548.3469400832837,2548.162063021457
2026-05-04 09:42:29.296202,0.04461270702630533,2549.3408144922014,2549.296201785175
2026-05-04 09:42:29.326508,0.01992441678487449,2549.360738908986,2549.326507833624
2026-05-04 09:42:29.553033,0.0294290165565757,2549.5824620719386,2549.553033055382
2026-05-04 09:42:30.794140,0.0789825617259904,2550.8731229909863,2550.79414042926
2026-05-04 09:42:30.903807,0.06054230389177151,2550.964349048202,2550.9038067443103
2026-05-04 09:42:31.054406,0.09412261065343193,2551.1485287588,2551.0544061481464
2026-05-04 09:42:31.598780,0.04020442290326476,2551.6389841034206,2551.5987796805175
2026-05-04 09:42:32.316486,0.05459980270333462,2552.3710861760096,2552.3164863733064
2026-05-04 09:42:32.330398,0.03508476849557822,2552.406170944505,2552.3303983245833
2026-05-04 09:42:32.567906,0.03594086234075436,2552.603847299663,2552.567906437322
2026-05-04 09:42:32.662293,0.6079279672944424,2553.2702213131756,2552.662293345881
2026-05-04 09:42:32.717406,0.0566836035286648,2553.3269049167043,2552.7174055766304
2026-05-04 09:42:32.887288,0.24370523886412193,2553.5706101555684,2552.8872875490683
2026-05-04 09:42:33.178225,0.07179867343147227,2553.642408829,2553.178224806422
2026-05-04 09:42:33.327993,0.002118776774817185,2553.644527605775,2553.327993374978
2026-05-04 09:42:33.407954,0.017632125317757017,2553.6621597310927,2553.407953762045
2026-05-04 09:42:33.482600,0.3347477503513669,2553.996907481444,2553.482599928701
2026-05-04 09:42:33.699938,0.21522086866088871,2554.2121283501046,2553.6999379918443
2026-05-04 09:42:33.942437,0.1882912505697847,2554.4004196006745,2553.942437195376
2026-05-04 09:42:33.990346,1.306518318525245,2555.7069379192,2553.9903464350614
2026-05-04 09:42:34.059666,0.18185361800939118,2555.8887915372093,2554.05966563942
2026-05-04 09:42:35.452347,0.13730024094075036,2556.02609177815,2555.452347051872
2026-05-04 09:42:35.518698,0.01936598030521711,2556.0454577584555,2555.5186975723277
2026-05-04 09:42:35.535763,0.2102497201791231,2556.2557074786346,2555.5357625204488
2026-05-04 09:42:35.613059,0.3092209563685098,2556.564928435003,2555.6130590154057
2026-05-04 09:42:35.661096,0.040777564572840964,2556.6057059995755,2555.661096095878
2026-05-04 09:42:35.941522,0.09240189970378591,2556.6981078992794,2555.9415216283037
2026-05-04 09:42:36.016379,0.6185164391431428,2557.3166243384226,2556.0163786593757
2026-05-04 09:42:36.295159,0.165461446159373,2557.482085784582,2556.2951591476544
2026-05-04 09:42:36.373397,0.3652493104736249,2557.8473350950558,2556.3733973147214
2026-05-04 09:42:36.854107,0.00975074533378374,2557.8570858403896,2556.8541073887154
2026-05-04 09:42:37.150911,0.13181581070324785,2557.988901651093,2557.150911327528
2026-05-04 09:42:37.705164,0.05657755917059912,2558.0454792102637,2557.70516382996
2026-05-04 09:42:37.708597,0.18502016019134723,2558.230499370455,2557.7085972592995
2026-05-04 09:42:38.191722,0.13182649343709343,2558.3623258638922,2558.191721662607
2026-05-04 09:42:39.371161,0.013115709787505743,2559.384276862166,2559.3711611523786
2026-05-04 09:42:39.505317,0.04788538326049506,2559.553202479824,2559.5053170965634
2026-05-04 09:42:40.150980,0.07522508811638351,2560.2262052143396,2560.150980126223
2026-05-04 09:42:40.255846,0.3951102921340857,2560.650956155735,2560.255845863601
2026-05-04 09:42:40.760553,0.33632351719881076,2561.096876367291,2560.760552850092
2026-05-04 09:42:40.859454,0.05216761061003159,2561.149043977901,2560.8594544217003
2026-05-04 09:42:41.089984,0.07355948099000306,2561.2226034588907,2561.0899843053276
2026-05-04 09:42:41.367824,0.25897676413619947,2561.626800382698,2561.367823618562
2026-05-04 09:42:41.602868,0.02355907243157628,2561.6503594551295,2561.602867528397
2026-05-04 09:42:41.787542,0.7431896991095026,2562.5307321246773,2561.787542425568
2026-05-04 09:42:41.844522,0.01986728145615403,2562.5505994061336,2561.844521958896
2026-05-04 09:42:42.214223,0.0041603953699788174,2562.5547598015037,2562.214222612381
2026-05-04 09:42:42.696524,0.10206830766105855,2562.7985924064747,2562.6965240988134
2026-05-04 09:42:42.917041,0.021423846908186973,2562.938464817231,2562.917040970323
2026-05-04 09:42:43.387320,0.008599755341151602,2563.395919918357,2563.387320163016
2026-05-04 09:42:43.665995,0.011698666293239214,2563.6776940397694,2563.665995373476
2026-05-04 09:42:43.691907,0.26204251934284317,2563.9539490817842,2563.6919065624415
2026-05-04 09:42:44.079004,0.34992553285159783,2564.4289296276947,2564.079004094843
2026-05-04 09:42:44.081578,0.25958141594843326,2564.6885110436433,2564.081578140745
2026-05-04 09:42:44.503781,0.16916285044107468,2564.857673894084,2564.503780835147
2026-05-04 09:42:44.744372,0.044726303608891946,2564.902400197693,2564.7443718305403
2026-05-04 09:42:45.536352,0.24773672399284774,2565.784088464455,2565.536351740462
2026-05-04 09:42:45.839376,0.151680369381022,2565.991056362106,2565.839375992725
2026-05-04 09:42:46.515735,0.03865007330941736,2566.554385112496,2566.515735039187
2026-05-04 09:42:46.757327,0.05404364839625384,2566.8113706254267,2566.7573269770305
2026-05-04 09:42:46.818409,0.171259020781906,2566.9896681373534,2566.8184091165717
2026-05-04 09:42:47.179838,0.3055136313651623,2567.4853511342208,2567.1798375028557
2026-05-04 09:42:47.257700,0.18374333172452229,2567.6690944659454,2567.257700450416
2026-05-04 09:42:47.352146,0.23441190012352242,2567.903506366069,2567.3521458732926
2026-05-04 09:42:47.693730,0.059679955857347956,2567.9631863219265,2567.6937297515715
2026-05-04 09:42:48.125594,0.26825900566367794,2568.3938529443662,2568.1255939387024
2026-05-04 09:42:48.668800,0.5288582134211155,2569.1976585825296,2568.6688003691083
2026-05-04 09:42:49.507898,0.4198091459649563,2569.9277069782124,2569.5078978322476
2026-05-04 09:42:49.960609,0.21318461993200064,2570.173793354263,2569.9606087343313
2026-05-04 09:42:50.030746,0.04018901393017909,2570.2139823681932,2570.030746102856
2026-05-04 09:42:50.243859,0.27024799162698726,2570.5141065743865,2570.2438585827595
2026-05-04 09:42:50.486806,0.08420974476026351,2570.5983163191468,2570.486806126151
2026-05-04 09:42:50.537872,0.06983827605826412,2570.668154595205,2570.5378718264283
2026-05-04 09:42:50.557454,0.01768420102328024,2570.6858387962284,2570.5574540124103
2026-05-04 09:42:50.659095,0.2680438411939784,2570.9538826374223,2570.6590951066273
2026-05-04 09:42:50.710371,0.05388426532847595,2571.007766902751,2570.710370674581
2026-05-04 09:42:50.789987,0.1936377915427212,2571.2014046942936,2570.7899867439
2026-05-04 09:42:50.860260,0.5639470105863394,2571.76535170488,2570.8602596011606
2026-05-04 09:42:51.654328,0.21236373865900862,2571.9777154435387,2571.654328198411
2026-05-04 09:42:51.979670,0.029626019128701137,2572.009295797548,2571.9796697784195
2026-05-04 09:42:52.121999,0.058871737473098165,2572.180870545079,2572.121998807606
2026-05-04 09:42:52.145323,0.01471962554467875,2572.1955901706237,2572.1453226810927
2026-05-04 09:42:52.699105,0.08555341311328235,2572.7846586393957,2572.6991052262824
2026-05-04 09:42:53.827470,0.3594347935106339,2574.186904701686,2573.8274699081758
2026-05-04 09:42:54.142367,0.16971294557897265,2574.356617647265,2574.1423670638314
2026-05-04 09:42:54.150508,0.03659715480767738,2574.3932148020726,2574.150507769913
2026-05-04 09:42:54.519980,0.07614876657794559,2574.596128380826,2574.519979614248
2026-05-04 09:42:54.600141,0.12725414963624002,2574.7273952816104,2574.600141131974
2026-05-04 09:42:54.758053,0.04854720488571734,2574.8066004852544,2574.7580532803686
2026-05-04 09:42:54.767791,0.023621154629376095,2574.830221639884,2574.7677908777596
2026-05-04 09:42:55.153205,0.04867075562842175,2575.201875749987,2575.1532049943585
2026-05-04 09:42:55.155948,0.03225747541108284,2575.2341332253977,2575.155948108487
2026-05-04 09:42:55.633478,0.009084143644779384,2575.6425617239247,2575.6334775802798
2026-05-04 09:42:55.733488,0.21864753547335405,2575.952135729689,2575.7334881942156
2026-05-04 09:42:56.058657,0.16851503701284867,2576.227172443171,2576.0586574061585
2026-05-04 09:42:56.112533,0.013069834941523101,2576.240242278113,2576.1125326119623
2026-05-04 09:42:56.212822,0.2543328467782062,2576.494575124891,2576.2128216206333
2026-05-04 09:42:56.344488,0.6508880736889058,2577.14546319858,2576.344488159805
2026-05-04 09:42:56.830863,0.010621303272405997,2577.156084501852,2576.8308629939866
2026-05-04 09:42:56.850731,0.17452673400787955,2577.33061123586,2576.850730863128
2026-05-04 09:42:57.474590,0.09897443946347473,2577.5735641996566,2577.4745897601933
2026-05-04 09:42:57.522514,0.14382089149799726,2577.7173850911545,2577.522513639556
2026-05-04 09:42:57.589690,0.44267701258452297,2578.160062103739,2577.5896898803303
2026-05-04 09:42:59.176781,0.09655197913306526,2579.2733328894383,2579.1767809103053
2026-05-04 09:42:59.338786,0.1330153665717724,2579.471801587914,2579.338786221342
2026-05-04 09:43:00.021285,0.013737989603791044,2580.035022559526,2580.0212845699225
2026-05-04 09:43:00.055985,0.19317645903231817,2580.249161179062,2580.0559847200298
2026-05-04 09:43:00.324040,0.0659149070764198,2580.389954878794,2580.3240399717174
2026-05-04 09:43:00.538683,0.0662252602333018,2580.6049086398425,2580.538683379609
2026-05-04 09:43:01.532815,0.5338529414214701,2582.0666676952524,2581.5328147538307
2026-05-04 09:43:02.444615,0.18737475362593006,2582.6319894094995,2582.4446146558735
2026-05-04 09:43:02.564897,0.285993511133056,2582.9179829206328,2582.564897165384
2026-05-04 09:43:02.602884,0.26293963233483025,2583.180922552968,2582.6028841166094
2026-05-04 09:43:02.816092,0.048609883287527966,2583.2295324362553,2582.816091820182
2026-05-04 09:43:02.868925,0.21352204324315444,2583.4430544794986,2582.8689254053315
2026-05-04 09:43:03.238237,0.0412310117620881,2583.484285491261,2583.238237033995
2026-05-04 09:43:03.554187,0.8300288721503141,2584.3842163329045,2583.5541874607543
2026-05-04 09:43:03.625677,0.06522478246003811,2584.4494411153646,2583.6256774962535
2026-05-04 09:43:03.775281,0.28045518957501947,2584.7298963049398,2583.7752805498053
2026-05-04 09:43:04.120751,0.2117124577380444,2584.941608762678,2584.1207509308165
2026-05-04 09:43:04.514352,0.010033111249425348,2584.951641873927,2584.5143520447937
2026-05-04 09:43:04.800975,0.957166218485773,2585.908808092413,2584.80097463257
2026-05-04 09:43:05.176391,0.06136138593269335,2585.9701694783457,2585.1763910583427
2026-05-04 09:43:06.365101,0.23723861687887018,2586.6023396478795,2586.3651010310004
2026-05-04 09:43:07.291913,0.1786802779548627,2587.470592819965,2587.2919125420103
2026-05-04 09:43:07.423437,0.0015476184799912752,2587.472140438445,2587.4234371655925
2026-05-04 09:43:07.586742,0.1571761625057787,2587.7439186174915,2587.5867424549856
2026-05-04 09:43:07.610957,0.192337118732865,2587.936255736224,2587.6109570803146
2026-05-04 09:43:08.209787,0.05009461010014907,2588.259881263965,2588.2097866538647
2026-05-04 09:43:08.474085,0.48226036896829644,2588.9563449117672,2588.474084542799
2026-05-04 09:43:08.671852,0.1900345568749551,2589.1463794686424,2588.6718518004
2026-05-04 09:43:08.773223,0.12747910282227437,2589.2738585714646,2588.7732234283417
2026-05-04 09:43:08.856723,0.10815875683250478,2589.382017328297,2588.8567233859867
2026-05-04 09:43:09.180176,0.18413321131107963,2589.5661505396083,2589.180175764985
2026-05-04 09:43:09.511329,0.07299321238239674,2589.6391437519906,2589.5113293031277
2026-05-04 09:43:09.731621,0.7274746224335348,2590.459095734875,2589.7316211124416
2026-05-04 09:43:10.099442,0.12152764764115753,2590.580623382516,2590.099441998152
2026-05-04 09:43:10.290747,0.21522654198015548,2590.795849924496,2590.290746606508
2026-05-04 09:43:10.464336,0.08274086632112403,2590.8785907908173,2590.4643360733994
2026-05-04 09:43:10.536864,0.0836763664922896,2590.9622671573097,2590.536863536267
2026-05-04 09:43:11.389106,0.04023116573886346,2591.4293366896845,2591.3891055239455
2026-05-04 09:43:11.746400,0.5307684046438121,2592.2771680404853,2591.7463996358415
2026-05-04 09:43:11.998306,0.30247923084138206,2592.579647271327,2591.998305794794
2026-05-04 09:43:12.256823,0.12043015679781144,2592.7000774281246,2592.2568225945943
2026-05-04 09:43:12.399091,0.30221841272655986,2593.0022958408513,2592.3990910420566
2026-05-04 09:43:13.216210,0.11363048856719558,2593.329840716086,2593.216210227519
2026-05-04 09:43:13.356011,0.7304974065213019,2594.0865082423284,2593.356010835807
2026-05-04 09:43:13.389036,0.19040467100812417,2594.2769129133367,2593.3890360545593
2026-05-04 09:43:13.794370,0.042786055498362244,2594.319698968835,2593.794369802032
2026-05-04 09:43:14.097412,0.08164927713395725,2594.401348245969,2594.097411501222
2026-05-04 09:43:14.130698,0.29395561248416113,2594.6953038584534,2594.1306983557233
2026-05-04 09:43:14.338300,0.2806628423248294,2594.9759667007784,2594.3382995417046
2026-05-04 09:43:14.382660,0.31359884614471684,2595.2895655469233,2594.3826600802927
2026-05-04 09:43:14.558919,0.18241772303471274,2595.471983269958,2594.5589186607954
2026-05-04 09:43:14.644397,0.9523817709452722,2596.424365040903,2594.64439728502
2026-05-04 09:43:14.662385,0.037001458041841115,2596.4613664989447,2594.6623846062953
2026-05-04 09:43:14.681753,0.06449242767960446,2596.525858926624,2594.681752504635
2026-05-04 09:43:14.731445,0.06232662794435753,2596.5881855545686,2594.7314446521586
2026-05-04 09:43:14.760689,0.01795545610830551,2596.6061410106768,2594.760689364489
2026-05-04 09:43:15.055899,0.232701516693533,2596.83884252737,2595.0558986940327
2026-05-04 09:43:15.208667,0.17682308413903083,2597.015665611509,2595.208666839689
2026-05-04 09:43:15.505865,0.03569106083083129,2597.05135667234,2595.505865457956
2026-05-04 09:43:15.743120,0.14060422342015366,2597.19196089576,2595.7431201225336
2026-05-04 09:43:16.047984,0.3856176231427695,2597.577578518903,2596.047983581325
2026-05-04 09:43:16.290886,0.1498177007237824,2597.727396219627,2596.2908860400958
2026-05-04 09:43:16.853649,0.04980915272516705,2597.777205372352,2596.8536491887526
2026-05-04 09:43:17.264168,0.16134066861950358,2597.9385460409717,2597.2641684138134
2026-05-04 09:43:17.461500,0.6382282271025059,2598.576774268074,2597.461500431259
2026-05-04 09:43:17.690850,0.0331754802554355,2598.6099497483297,2597.690849984749
2026-05-04 09:43:18.097654,0.16394318192666157,2598.7738929302564,2598.0976543219044
2026-05-04 09:43:18.323453,0.2006122719108773,2598.974505202167,2598.3234533497052
2026-05-04 09:43:19.138833,0.0820307234315138,2599.2208640615945,2599.138833338163
2026-05-04 09:43:19.204452,0.7743737199819803,2599.9952377815766,2599.2044520047893
2026-05-04 09:43:19.661349,0.11823743788108894,2600.1134752194575,2599.661349206064
2026-05-04 09:43:20.504163,1.6892021966841377,2602.193365190269,2600.504162993585
2026-05-04 09:43:20.828608,0.018652763800045057,2602.2120179540693,2600.828608260648
2026-05-04 09:43:21.074279,0.10319968679182404,2602.315217640861,2601.0742792731144
2026-05-04 09:43:21.450001,0.031571581853856126,2602.346789222715,2601.450000886023
2026-05-04 09:43:22.150109,0.4973747162681229,2602.844163938983,2602.1501085980403
2026-05-04 09:43:22.535811,0.016762328510622718,2602.8609262674936,2602.535811421931
2026-05-04 09:43:22.670587,0.3017467962351015,2603.1626730637286,2602.670587178649
2026-05-04 09:43:22.896171,0.019925729025473977,2603.182598792754,2602.8961711040456
2026-05-04 09:43:22.941750,0.3531411210550356,2603.5357399138093,2602.9417495773077
2026-05-04 09:43:22.966302,0.1440000723784698,2603.6797399861875,2602.9663015531487
2026-05-04 09:43:23.045001,0.001825501106425224,2603.681565487294,2603.045001465684
2026-05-04 09:43:24.410849,0.38768133302590924,2604.798530445422,2604.410849112396
2026-05-04 09:43:24.755968,0.208320396692116,2605.006850842114,2604.75596775407
2026-05-04 09:43:25.125784,0.13610474818210802,2605.26188909467,2605.1257843464878
2026-05-04 09:43:25.425171,0.38544984668118737,2605.8106210158585,2605.4251711691772
2026-05-04 09:43:25.482800,0.1153862983583143,2605.926007314217,2605.4828003074194
2026-05-04 09:43:25.767948,0.31514136776142837,2606.2411486819783,2605.767947738994
2026-05-04 09:43:26.703135,0.1077729725799555,2606.8109083550094,2606.7031353824295
2026-05-04 09:43:26.863232,0.39051438888872503,2607.2537468351675,2606.8632324462787
2026-05-04 09:43:27.123295,0.022238039114103658,2607.2759848742817,2607.123294778956
2026-05-04 09:43:27.790214,0.37649569682173767,2608.1667100642785,2607.790214367457
2026-05-04 09:43:27.956305,0.5455768956711625,2608.71228695995,2607.956304897385
2026-05-04 09:43:27.981787,0.12862456910377085,2608.8409115290538,2607.981787333958
2026-05-04 09:43:28.275960,0.46998610168829047,2609.310897630742,2608.27595972441
2026-05-04 09:43:28.514873,0.09494629775024471,2609.4058439284922,2608.514873125293
2026-05-04 09:43:28.543359,0.2129137368213402,2609.6187576653138,2608.543359316899
2026-05-04 09:43:28.553277,0.005491394444882956,2609.6242490597588,2608.553277243584
2026-05-04 09:43:28.795837,0.21150298501251696,2609.835752044771,2608.7958373686724
2026-05-04 09:43:29.212524,0.14172709806510755,2609.9774791428363,2609.2125237103432
2026-05-04 09:43:29.455803,0.3619099796874405,2610.3393891225237,2609.4558030386393
2026-05-04 09:43:29.597608,0.07042385921196792,2610.4098129817357,2609.597607516396
2026-05-04 09:43:29.718346,0.34018287178965717,2610.7499958535254,2609.718345753756
2026-05-04 09:43:30.169408,0.010905802195178685,2610.7609016557208,2610.1694083390944
2026-05-04 09:43:30.221655,0.0885667329656962,2610.8494683886865,2610.221655030152
2026-05-04 09:43:30.508836,0.03259953038457074,2610.8820679190712,2610.50883551078
2026-05-04 09:43:30.767926,0.08382809288375258,2610.965896011955,2610.767925904445
2026-05-04 09:43:31.690891,0.04108772355131356,2611.7319783942726,2611.6908906707213
2026-05-04 09:43:31.977565,0.44006711985404046,2612.4176318756745,2611.9775647558204
2026-05-04 09:43:32.216888,0.5689928425346698,2612.986624718209,2612.2168882137776
2026-05-04 09:43:33.173015,0.0905208566980793,2613.2635357224153,2613.173014865717
2026-05-04 09:43:33.682092,0.11073116981924476,2613.792822965751,2613.6820917959317
2026-05-04 09:43:34.109673,0.04043222313568555,2614.15010561609,2614.1096733929544
2026-05-04 09:43:34.731971,0.008598728322756545,2614.740569992591,2614.7319712642684
2026-05-04 09:43:34.841726,0.14320423032523966,2614.984929737812,2614.8417255074864
2026-05-04 09:43:35.094156,0.25774156044441915,2615.3518980049585,2615.094156444514
2026-05-04 09:43:35.175100,0.4239681895038042,2615.775866194462,2615.1750996579176
2026-05-04 09:43:35.417122,0.2641779762584911,2616.0400441707206,2615.4171223869434
2026-05-04 09:43:35.804341,0.12698601083629452,2616.167030181557,2615.804341270264
2026-05-04 09:43:36.069447,0.08194994143789243,2616.248980122995,2616.069446861219
2026-05-04 09:43:36.214471,0.06044843529120145,2616.309428558286,2616.2144711407873
2026-05-04 09:43:36.243191,0.26638286009477113,2616.575811418381,2616.243191147918
2026-05-04 09:43:36.476312,0.30038470915712157,2616.876196127538,2616.476312373615
2026-05-04 09:43:37.115475,0.7210321586543653,2617.8365071111134,2617.115474952459
2026-05-04 09:43:37.501397,0.6610943156606361,2618.497601426774,2617.5013965712583
2026-05-04 09:43:37.699304,0.24230327617465167,2618.7399047029485,2617.6993037887173
2026-05-04 09:43:37.969158,0.01612033414914046,2618.7560250370975,2617.9691582580435
2026-05-04 09:43:38.464835,0.07329077982016999,2618.8293158169176,2618.4648345431197
2026-05-04 09:43:38.484924,0.08864689305990851,2618.9179627099775,2618.4849239123
2026-05-04 09:43:38.935901,0.14989024223265474,2619.0857915547767,2618.935901312544
2026-05-04 09:43:39.120815,0.00900763804738473,2619.1298222178248,2619.1208145797773
2026-05-04 09:43:39.560801,0.022276782627294392,2619.583077911563,2619.560801128936
2026-05-04 09:43:39.978303,0.05285077746906907,2620.0311538406395,2619.9783030631706
2026-05-04 09:43:39.993860,0.22737479217924866,2620.2585286328185,2619.9938602234665
2026-05-04 09:43:40.240176,0.4052790377050866,2620.6638076705235,2620.240176312131
2026-05-04 09:43:40.291147,0.048789356248188205,2620.7125970267716,2620.291146791057
2026-05-04 09:43:40.336815,0.03137036162016307,2620.743967388392,2620.336815092859
2026-05-04 09:43:40.346542,0.019856476700536176,2620.7638238650925,2620.3465417705206
2026-05-04 09:43:40.363268,0.008041109465325824,2620.771864974558,2620.363268404867
2026-05-04 09:43:41.168986,0.10417311470608859,2621.2731588792167,2621.1689857645106
2026-05-04 09:43:41.501649,0.42772108347566323,2621.929370007109,2621.501648923633
2026-05-04 09:43:41.919010,0.028774610059561414,2621.9581446171683,2621.9190099374055
2026-05-04 09:43:42.058693,0.012487891569652736,2622.071181137219,2622.0586932456495
2026-05-04 09:43:42.468001,0.21528740954094028,2622.683288396692,2622.4680009871513
2026-05-04 09:43:42.652222,0.1005118015323812,2622.7838001982245,2622.652221864492
2026-05-04 09:43:42.668607,0.04683834458899152,2622.8306385428136,2622.668606740379
2026-05-04 09:43:42.826392,0.1283076338808468,2622.9589461766946,2622.8263921060434
2026-05-04 09:43:42.852861,0.06874803458451072,2623.027694211279,2622.852861403152
2026-05-04 09:43:43.472584,0.12455799139080606,2623.5971423834435,2623.472584392053
2026-05-04 09:43:43.770879,0.0703918404228777,2623.8412704283364,2623.7708785879136
2026-05-04 09:43:43.922340,0.21091516800023455,2624.133255373137,2623.922340205137
2026-05-04 09:43:43.938794,0.6756200406726729,2624.80887541381,2623.938793919676
2026-05-04 09:43:44.443196,0.0173545039042864,2624.826229917714,2624.44319611454
2026-05-04 09:43:44.503210,0.073635320627756,2624.8998652383416,2624.5032104429492
2026-05-04 09:43:45.225303,0.10591895744387719,2625.331222021255,2625.225303063811
2026-05-04 09:43:46.520919,0.027144854881961528,2626.5480634158725,2626.5209185609906
2026-05-04 09:43:46.534270,0.09253192729792807,2626.6405953431704,2626.534269761827
2026-05-04 09:43:47.225899,0.08831585923048627,2627.3142144792937,2627.225898620063
2026-05-04 09:43:47.412681,0.5939406811853759,2628.0066220787407,2627.4126813975554
2026-05-04 09:43:47.537235,0.3585258844374964,2628.365147963178,2627.5372347521998
2026-05-04 09:43:47.728710,0.27844884775826667,2628.6435968109363,2627.7287101389484
2026-05-04 09:43:48.086179,0.028890209031211228,2628.6724870199673,2628.086179212214
2026-05-04 09:43:48.118845,0.5076054343484893,2629.180092454316,2628.1188454978956
2026-05-04 09:43:48.150454,0.33016029726962964,2629.5102527515855,2628.150454084335
2026-05-04 09:43:48.223928,0.025385149251268297,2629.5356379008367,2628.2239280476697
2026-05-04 09:43:48.271863,0.2263666970988077,2629.7620045979356,2628.2718626904452
2026-05-04 09:43:48.667157,0.23185656046584208,2629.9938611584016,2628.6671572569294
2026-05-04 09:43:49.091865,0.36472572338335674,2630.358586881785,2629.0918651395773
2026-05-04 09:43:49.172586,0.3459069490373363,2630.7044938308222,2629.1725863090405
2026-05-04 09:43:49.198745,0.031418790821738526,2630.735912621644,2629.19874456296
2026-05-04 09:43:49.706776,0.4619015605404867,2631.197814182184,2629.7067756025626
2026-05-04 09:43:50.083190,0.024470076129093823,2631.2222842583133,2630.083189731911
2026-05-04 09:43:50.392921,0.22357212909849344,2631.445856387412,2630.3929209536645
2026-05-04 09:43:50.432844,0.07609723409159865,2631.5219536215036,2630.432843932843
2026-05-04 09:43:50.529019,0.5182251565749206,2632.0401787780784,2630.529018751482
2026-05-04 09:43:50.769877,0.04896636083449704,2632.089145138913,2630.7698766401754
2026-05-04 09:43:50.879043,0.06898766466585138,2632.1581328035786,2630.879042804948
2026-05-04 09:43:51.015600,0.19124041797238156,2632.349373221551,2631.015600344289
2026-05-04 09:43:51.540195,0.08721868861053579,2632.4365919101615,2631.5401945726994
2026-05-04 09:43:51.809256,0.1769216661844963,2632.613513576346,2631.809255647203
2026-05-04 09:43:52.197646,0.04060872582277286,2632.654122302169,2632.1976455311083
2026-05-04 09:43:52.261905,0.09104303841532843,2632.745165340584,2632.261904758324
2026-05-04 09:43:52.300420,0.022048208339209622,2632.7672135489233,2632.300419990739
2026-05-04 09:43:52.321241,0.5162206322144789,2633.2834341811376,2632.321241232622
2026-05-04 09:43:52.345451,0.2145620384566702,2633.4979962195944,2632.345450699369
2026-05-04 09:43:52.427425,0.015413122047382447,2633.513409341642,2632.42742460269
2026-05-04 09:43:53.368817,0.07320164075124992,2633.5866109823933,2633.3688173089167
2026-05-04 09:43:53.756838,0.15586546057950101,2633.912703429412,2633.7568379688323
2026-05-04 09:43:53.764163,0.06208955911972556,2633.9747929885316,2633.7641633457106
2026-05-04 09:43:53.922691,0.01811221193365931,2633.9929052004654,2633.9226913829602
2026-05-04 09:43:54.116187,0.08023951205685419,2634.1964263499794,2634.1161868379227
2026-05-04 09:43:55.427940,0.5761140300513036,2636.0040540246882,2635.4279399946367
2026-05-04 09:43:55.834802,0.13466316724218746,2636.1387171919305,2635.8348024216007
2026-05-04 09:43:55.866218,0.08320264299169874,2636.221919834922,2635.8662184411683
2026-05-04 09:43:55.937445,0.08785787777349832,2636.3097777126954,2635.937445143696
2026-05-04 09:43:56.389425,0.46747749437082486,2636.856902004974,2636.389424510603
2026-05-04 09:43:56.487832,0.22104863046573808,2637.0779506354397,2636.4878323414446
2026-05-04 09:43:56.694155,0.15890291593630657,2637.236853551376,2636.6941547031647
2026-05-04 09:43:57.161069,0.09969668884928234,2637.3365502402253,2637.1610691798733
2026-05-04 09:43:57.323303,0.054670042577103534,2637.3912202828024,2637.3233034232708
2026-05-04 09:43:57.455510,0.1568228425802532,2637.612332986399,2637.4555101438186
2026-05-04 09:43:58.219060,0.32121712571714567,2638.5402770094256,2638.2190598837083
2026-05-04 09:43:58.604813,0.004172793805362027,2638.6089862204026,2638.604813426597
2026-05-04 09:43:59.495024,0.06729109087505972,2639.562315193055,2639.4950241021797
2026-05-04 09:43:59.811681,0.4059885393970348,2640.217669716339,2639.811681176942
2026-05-04 09:43:59.981087,0.00445531614810457,2640.2221250324874,2639.9810872227113
2026-05-04 09:44:00.207473,0.15102308876329712,2640.373148121251,2640.2074728629127
2026-05-04 09:44:00.253391,0.20847594630560945,2640.5816240675563,2640.253391244774
2026-05-04 09:44:00.433293,0.1022689368089592,2640.683893004365,2640.4332931014596
2026-05-04 09:44:02.293236,0.3352401318445047,2642.6284761619513,2642.293236030107
2026-05-04 09:44:02.546519,0.14288924210974707,2642.7713654040613,2642.546519138409
2026-05-04 09:44:02.756253,0.018247441854345025,2642.7896128459156,2642.756253162442
2026-05-04 09:44:03.050485,0.2365665439065636,2643.287051991307,2643.0504854474007
2026-05-04 09:44:03.397576,0.22413176139652988,2643.6217074035753,2643.3975756421787
2026-05-04 09:44:03.886101,0.11021716594776083,2643.9963177274685,2643.886100561521
2026-05-04 09:44:04.043183,0.13179264074496957,2644.174975212213,2644.043182571468
2026-05-04 09:44:04.144345,0.004568725544519909,2644.179543937758,2644.144345492008
2026-05-04 09:44:05.270343,0.033140146212994014,2645.303483126305,2645.2703429800918
2026-05-04 09:44:05.324382,0.13714848175864935,2645.4615307648464,2645.3243822830877
2026-05-04 09:44:05.376164,0.2618948566441374,2645.7234256214906,2645.3761635697865
2026-05-04 09:44:05.964162,0.2204138342001552,2646.1845761833706,2645.9641623491702
2026-05-04 09:44:06.079016,0.3169933067401979,2646.501569490111,2646.079015722904
2026-05-04 09:44:06.369223,0.44683825987876324,2646.9484077499897,2646.369223267992
2026-05-04 09:44:06.437239,0.03411364489213822,2646.9825213948816,2646.4372387982744
2026-05-04 09:44:06.590959,0.20271360953669096,2647.1852350044182,2646.5909589115013
2026-05-04 09:44:07.024312,0.014442111651637297,2647.19967711607,2647.024312440245
2026-05-04 09:44:07.048216,0.19043803509644913,2647.3901151511664,2647.0482164008977
2026-05-04 09:44:07.184570,0.2858180715961998,2647.6759332227625,2647.1845703572985
2026-05-04 09:44:07.284589,0.019939584695796597,2647.6958728074583,2647.2845894982634
2026-05-04 09:44:07.410850,0.03567937872281892,2647.731552186181,2647.4108502730046
2026-05-04 09:44:07.430353,0.2173033632553689,2647.9488555494363,2647.430352749902
2026-05-04 09:44:08.313128,0.04076178712639929,2648.353890057322,2648.3131282701956
2026-05-04 09:44:08.528569,0.3498799510016413,2648.8784490631338,2648.528569112132
2026-05-04 09:44:08.680985,0.08801313701193393,2648.9664622001455,2648.6809852851875
2026-05-04 09:44:08.696910,0.1887693808338169,2649.1552315809795,2648.696910119255
2026-05-04 09:44:09.075424,0.07306091470886135,2649.2282924956885,2649.0754240410442
2026-05-04 09:44:09.280327,0.23136575142752128,2649.5116928954335,2649.280327144006
2026-05-04 09:44:10.320994,0.05145703858987913,2650.3724512797157,2650.320994241126
2026-05-04 09:44:10.515012,0.09606697055468992,2650.6110789578515,2650.515011987297
2026-05-04 09:44:11.150117,0.015474911421812947,2651.1655914844646,2651.150116573043
2026-05-04 09:44:11.413736,0.24587650176487555,2651.6596120626537,2651.4137355608887
2026-05-04 09:44:11.525916,0.5377517642002256,2652.1973638268537,2651.5259160557225
2026-05-04 09:44:11.894492,0.021357604039686593,2652.2187214308933,2651.894491647311
2026-05-04 09:44:12.827007,0.16451189047441664,2652.9915187338447,2652.8270068433703
2026-05-04 09:44:13.177061,0.11558549014190883,2653.2926468181136,2653.177061327972
2026-05-04 09:44:13.952675,0.1052834208095656,2654.057957924734,2653.9526745039248
2026-05-04 09:44:14.255277,0.35518230426340536,2654.610459525383,2654.2552772211193
2026-05-04 09:44:14.672790,0.30555705494699126,2654.9783473664024,2654.6727903114556
2026-05-04 09:44:16.559123,0.021522888915573843,2656.5806458799375,2656.559122991022
2026-05-04 09:44:16.626801,0.1034146873158231,2656.7302158317366,2656.626801144421
2026-05-04 09:44:16.686172,0.29503216544344185,2657.02524799718,2656.6861719394633
2026-05-04 09:44:17.182862,0.19090330782202158,2657.3737657486367,2657.182862440815
2026-05-04 09:44:17.277341,0.12337144221015597,2657.497137190847,2657.2773405979146
2026-05-04 09:44:17.454470,0.26404618143329023,2657.7611833722804,2657.454470429442
2026-05-04 09:44:17.908034,0.18549689690010662,2658.093530472526,2657.9080335756257
2026-05-04 09:44:17.956875,0.030119956279675578,2658.1236504288054,2657.9568749804066
2026-05-04 09:44:18.168520,0.054054335692196503,2658.2225744463403,2658.168520110648
2026-05-04 09:44:18.330465,0.027775415014160046,2658.3582404426706,2658.3304650276564
2026-05-04 09:44:18.905619,0.029552721912948637,2658.9351720207683,2658.9056192988555
2026-05-04 09:44:19.014833,0.027372682880672405,2659.0422059771977,2659.014833294317
2026-05-04 09:44:19.983576,0.09285267217306199,2660.076428296086,2659.9835756239127
2026-05-04 09:44:20.512631,0.40419407665488694,2660.9168249474073,2660.5126308707527
2026-05-04 09:44:20.546653,0.17445737328103372,2661.0912823206886,2660.54665295261
2026-05-04 09:44:20.605900,0.3648380414336747,2661.4561203621224,2660.605900305247
2026-05-04 09:44:20.612141,0.08562915083920852,2661.541749512962,2660.6121407593014
2026-05-04 09:44:20.642935,0.23714465334744467,2661.7788941663093,2660.642935370732
2026-05-04 09:44:20.701264,0.5825556158272253,2662.3614497821363,2660.701264336061
2026-05-04 09:44:20.720873,1.0631630695802738,2663.4246128517166,2660.7208733125735
2026-05-04 09:44:20.944854,0.09544771890350234,2663.52006057062,2660.9448539693367
2026-05-04 09:44:21.356079,0.018297779095324356,2663.5383583497155,2661.3560794423274
2026-05-04 09:44:21.837037,0.14051235516976987,2663.6788707048854,2661.8370369838262
2026-05-04 09:44:22.404058,0.02447833617345959,2663.703349041059,2662.404058052011
2026-05-04 09:44:23.187853,0.028792623609683217,2663.7321416646687,2663.1878528662032
2026-05-04 09:44:23.246833,0.035995846636374965,2663.768137511305,2663.2468333263705
2026-05-04 09:44:23.786242,0.0856272601941166,2663.871869260707,2663.786242000513
2026-05-04 09:44:23.814919,0.06277271062596981,2663.9346419713333,2663.814919373647
2026-05-04 09:44:23.966552,0.25093796591240436,2664.217490253745,2663.9665522878327
2026-05-04 09:44:24.454582,0.3171516563991199,2664.7717337727795,2664.45458211638
2026-05-04 09:44:24.555839,0.04281805295358307,2664.814551825733,2664.5558385933673
2026-05-04 09:44:25.079637,0.4421573023444215,2665.5217945982254,2665.0796372958807
2026-05-04 09:44:25.279332,0.07832360031834969,2665.600118198544,2665.279332319597
2026-05-04 09:44:26.122862,0.1642049972218783,2666.2870669150657,2666.1228619178437
2026-05-04 09:44:26.145890,0.19762822059279628,2666.4846951356585,2666.145890281971
2026-05-04 09:44:26.256443,0.004331933325079231,2666.4890270689834,2666.256443306508
2026-05-04 09:44:26.756698,0.22679739234532503,2666.9834957050703,2666.756698312725
2026-05-04 09:44:27.660673,0.0606817266087003,2667.7213547985284,2667.6606730719195
2026-05-04 09:44:27.941838,0.10175765654022428,2668.043596034347,2667.941838377807
2026-05-04 09:44:28.082012,0.08973477543075965,2668.1717467141134,2668.0820119386826
2026-05-04 09:44:28.539220,0.07588790724859301,2668.615108175652,2668.5392202684034
2026-05-04 09:44:28.643301,0.04642832455306922,2668.6897297170635,2668.6433013925102
2026-05-04 09:44:29.186496,0.12598466154545424,2669.3124805884745,2669.186495926929
2026-05-04 09:44:29.294326,0.47796933483517945,2669.7904499233096,2669.294326191019
2026-05-04 09:44:29.673934,0.40645461070245337,2670.196904534012,2669.6739336966193
2026-05-04 09:44:29.755365,0.15722479448935459,2670.354129328501,2669.755365347262
2026-05-04 09:44:29.921114,0.053323518556076546,2670.4074528470574,2669.9211141083924
2026-05-04 09:44:30.784498,0.02919766869212147,2670.813695925285,2670.784498256593
2026-05-04 09:44:31.715762,0.10019398393529003,2671.815956399163,2671.715762415228
2026-05-04 09:44:31.791170,0.1294223294498308,2671.945378728613,2671.7911701168177
2026-05-04 09:44:32.300598,0.09646679672093834,2672.39706479548,2672.3005979987593
2026-05-04 09:44:32.676636,0.17629904884196382,2672.852935434811,2672.6766363859692
2026-05-04 09:44:32.749268,0.0822815326252473,2672.935216967436,2672.7492676489164
2026-05-04 09:44:32.886801,0.01442175305619619,2672.949638720492,2672.886800893499
2026-05-04 09:44:33.583781,0.08112785455789953,2673.664908481838,2673.5837806272802
2026-05-04 09:44:33.811806,0.017479473192669338,2673.8292857417787,2673.811806268586
2026-05-04 09:44:34.094424,0.013653728431358767,2674.1080777163397,2674.094423987908
2026-05-04 09:44:34.147522,0.15134833130965267,2674.29887053218,2674.1475222008703
2026-05-04 09:44:34.299352,0.10143229595275954,2674.4007845322017,2674.299352236249
2026-05-04 09:44:34.308139,0.11159367710550304,2674.5123782093074,2674.308139494017
2026-05-04 09:44:34.406592,0.18314281247980913,2674.695521021787,2674.406591682672
2026-05-04 09:44:34.834513,0.15873765570087306,2674.9932502393995,2674.8345125836986
2026-05-04 09:44:34.918118,0.027851286416788967,2675.0211015258164,2674.918117602141
2026-05-04 09:44:34.925711,0.1519678874413841,2675.173069413258,2674.925711497312
2026-05-04 09:44:35.368872,0.24438987692027495,2675.613261985002,2675.3688721080816
2026-05-04 09:44:35.740889,0.020954653191041825,2675.761843546055,2675.740888892864
2026-05-04 09:44:36.049749,0.018766224245488607,2676.068515393572,2676.0497491693263
2026-05-04 09:44:36.534884,0.24008650592085676,2676.7749709254153,2676.5348844194946
2026-05-04 09:44:37.754793,0.12780666568393967,2677.8825998784737,2677.7547932127895
2026-05-04 09:44:37.902420,0.04882319556745032,2677.9512433018017,2677.9024201062343
2026-05-04 09:44:37.946886,0.2110694895189274,2678.162312791321,2677.9468864532882
2026-05-04 09:44:37.969842,0.14855480108116728,2678.310867592402,2677.9698416032634
2026-05-04 09:44:38.000434,0.17770584310644255,2678.4885734355084,2678.0004335458834
2026-05-04 09:44:38.394785,0.0677315157551847,2678.5563049512634,2678.394785144929
2026-05-04 09:44:38.793262,0.2824374311150164,2679.0756999271694,2678.7932624960545
2026-05-04 09:44:38.852178,0.04792724168005463,2679.1236271688495,2678.852178158142
2026-05-04 09:44:38.931892,0.2926240481287577,2679.4162512169783,2678.9318917342885
2026-05-04 09:44:38.981684,0.2052701277224144,2679.621521344701,2678.9816840445787
2026-05-04 09:44:39.104276,0.32478915515645945,2679.946310499857,2679.104276308489
2026-05-04 09:44:39.249960,0.07391543458899562,2680.020225934446,2679.249959894462
2026-05-04 09:44:39.987109,0.28681911362328333,2680.307045048069,2679.9871086678327
2026-05-04 09:44:40.787578,0.01659185016054106,2680.8041698345996,2680.787577984439
2026-05-04 09:44:40.816116,0.025292868777946943,2680.8414088890954,2680.8161160203176
2026-05-04 09:44:40.956168,0.24448668692396774,2681.200654985296,2680.9561682983717
2026-05-04 09:44:41.151681,0.5401762425086277,2681.7408312278044,2681.151681380602
2026-05-04 09:44:41.469893,0.278955383858491,2682.0197866116628,2681.4698927985164
2026-05-04 09:44:41.561878,0.015171952094458012,2682.0349585637573,2681.5618775169
2026-05-04 09:44:41.628620,0.2803935552178628,2682.315352118975,2681.628620027791
2026-05-04 09:44:41.677777,0.018184288009907106,2682.333536406985,2681.677777317196
2026-05-04 09:44:42.016825,0.664573194059249,2682.9981096010442,2682.016824834406
2026-05-04 09:44:42.590132,0.09258788471280582,2683.090697485757,2682.59013217249
2026-05-04 09:44:42.657248,0.4014717647602075,2683.4921692505172,2682.657248030087
2026-05-04 09:44:42.921712,0.45276224875096727,2683.944931499268,2682.921711867416
2026-05-04 09:44:43.231559,0.21318555463685668,2684.158117053905,2683.231558715641
2026-05-04 09:44:44.008514,0.005885249728130156,2684.164002303633,2684.0085136174944
2026-05-04 09:44:44.956141,0.018741377525498676,2684.9748825250877,2684.956141147562
2026-05-04 09:44:45.706921,0.2041590982177716,2685.9110802824216,2685.706921184204
2026-05-04 09:44:45.829449,0.1865979202336398,2686.097678202655,2685.8294487344174
2026-05-04 09:44:47.375798,0.13418701319189252,2687.5099850364154,2687.3757980232235
2026-05-04 09:44:47.433564,0.07204569030989785,2687.5820307267254,2687.433564073931
2026-05-04 09:44:47.666645,0.0010225093188586886,2687.6676673322795,2687.6666448229607
2026-05-04 09:44:47.793607,0.03463077392236004,2687.828237373867,2687.7936065999447
2026-05-04 09:44:48.634382,0.11708393106186127,2688.751465807505,2688.6343818764435
2026-05-04 09:44:49.508724,0.04081435091869582,2689.549538344852,2689.5087239939335
2026-05-04 09:44:49.818801,0.010891478773157375,2689.829692649854,2689.818801171081
2026-05-04 09:44:49.902675,0.2890888023458435,2690.191763867988,2689.902675065642
2026-05-04 09:44:49.912500,0.5560510314657353,2690.7478148994537,2689.912499951885
2026-05-04 09:44:50.796092,0.18485134616784551,2690.980943014556,2690.7960916683883
2026-05-04 09:44:51.482207,0.15431653832572198,2691.636523164135,2691.482206625809
2026-05-04 09:44:51.509772,0.16489507854138197,2691.8014182426764,2691.509772476882
2026-05-04 09:44:51.610587,0.06088721955536602,2691.8623054622317,2691.6105871935224
2026-05-04 09:44:51.791596,0.48527909198193386,2692.3475845542134,2691.791595572066
2026-05-04 09:44:52.058886,0.45129022216583947,2692.7988747763793,2692.0588858727137
2026-05-04 09:44:52.622236,0.09217040254574363,2692.891045178925,2692.622236243663
2026-05-04 09:44:52.725092,0.20242206756221914,2693.0934672464873,2692.72509153438
2026-05-04 09:44:53.026163,0.1755233670471592,2693.2689906135342,2693.0261634654157
2026-05-04 09:44:53.409352,0.06448565275055916,2693.4738380455533,2693.4093523928027
2026-05-04 09:44:53.940606,0.18804022859598454,2694.1286461248956,2693.9406058962995
2026-05-04 09:44:53.945674,0.2397460643020912,2694.3683921891975,2693.9456737583528
2026-05-04 09:44:54.238361,0.08123243949231967,2694.44962462869,2694.238360546953
2026-05-04 09:44:54.246197,0.13917405950778733,2694.5887986881976,2694.2461968822827
2026-05-04 09:44:54.440884,0.0519598240893178,2694.640758512287,2694.440883757472
2026-05-04 09:44:54.727990,0.2989472756457372,2695.026937138453,2694.727989862807
2026-05-04 09:44:55.723747,0.3189378621707288,2696.042685001461,2695.7237471392905
2026-05-04 09:44:55.919877,0.04249988219028291,2696.0851848836514,2695.919877079316
2026-05-04 09:44:56.189740,0.04231075423585401,2696.23205063369,2696.189739879454
2026-05-04 09:44:56.230885,0.04156082087434035,2696.2736114545646,2696.2308854799276
2026-05-04 09:44:56.656568,0.165934599067962,2696.822502960074,2696.656568361006
2026-05-04 09:44:56.993426,0.11529163665927394,2697.108717343267,2696.993425706608
2026-05-04 09:44:57.103309,0.11895020349735069,2697.227667546764,2697.10330905278
2026-05-04 09:44:57.210232,0.13718853200697076,2697.364856078771,2697.210232462488
2026-05-04 09:44:57.582891,0.34798568218694836,2697.93087710074,2697.582891418553
2026-05-04 09:44:57.614486,0.07883278766354482,2698.0097098884034,2697.6144860788777
2026-05-04 09:44:57.636980,0.05888620625277692,2698.068596094656,2697.63698039405
2026-05-04 09:44:58.001812,0.0966726625609854,2698.1652687572173,2698.0018120706027
2026-05-04 09:44:58.068474,0.003457140481754404,2698.168725897699,2698.0684744654754
2026-05-04 09:44:58.483824,0.031668499964160726,2698.5154923386663,2698.483823838702
2026-05-04 09:44:58.776639,0.19146649594214055,2698.9681053503678,2698.7766388544255
2026-05-04 09:44:59.650751,0.054298725256007443,2699.705049876012,2699.6507511507557
2026-05-04 09:44:59.803455,0.007781198933631519,2699.811236103151,2699.8034549042172
2026-05-04 09:45:00.092693,0.2600176403763681,2700.3527102834337,2700.0926926430575
2026-05-04 09:45:00.330022,0.16094960337817688,2700.5136598868116,2700.330021811485
2026-05-04 09:45:01.108957,0.05080765821921085,2701.1597644408043,2701.108956782585
2026-05-04 09:45:01.177727,0.6109021185761652,2701.788629056894,2701.177726938318
2026-05-04 09:45:01.422883,0.11526993220484803,2701.9038989890987,2701.4228830133206
2026-05-04 09:45:01.884787,0.17986767761541322,2702.083766666714,2701.8847868895655
2026-05-04 09:45:02.045373,0.06568330076379829,2702.1494499674777,2702.0453728965263
2026-05-04 09:45:02.188468,0.21110189448717917,2702.3995703850674,2702.1884684905804
2026-05-04 09:45:02.727889,0.02601359168389695,2702.7539026819463,2702.7278890902626
2026-05-04 09:45:02.870861,0.01993480210612293,2702.8907959814896,2702.8708611793836
2026-05-04 09:45:02.978659,0.31960874491990493,2703.298268010044,2702.978659265124
2026-05-04 09:45:03.340592,0.25256586695435046,2703.593157563731,2703.3405916967768
2026-05-04 09:45:03.354943,0.12919921503027784,2703.7223567787614,2703.3549433196417
2026-05-04 09:45:04.255465,0.22739621925324666,2704.4828614887033,2704.2554652694503
2026-05-04 09:45:05.379051,0.21948763014786588,2705.5985388579707,2705.379051227823
2026-05-04 09:45:05.767049,0.010057440605296477,2705.777105941562,2705.7670485009567
2026-05-04 09:45:05.870380,0.15392489451156666,2706.0243048639013,2705.87037996939
2026-05-04 09:45:05.972411,0.25689155299550287,2706.281196416897,2705.9724105086334
2026-05-04 09:45:07.113124,0.09142289428735806,2707.2045464501184,2707.113123555831
2026-05-04 09:45:08.149449,0.13658275808671433,2708.286032165064,2708.1494494069775
2026-05-04 09:45:08.191888,0.2473241318334658,2708.5333562968976,2708.191888383989
2026-05-04 09:45:08.352101,0.043204408913472506,2708.576560705811,2708.3521011208395
2026-05-04 09:45:08.787051,0.6110665985491689,2709.3981171232836,2708.7870505247342
2026-05-04 09:45:09.050377,0.216974644251725,2709.6150917675354,2709.0503773291266
2026-05-04 09:45:09.086481,0.1495869057174284,2709.764678673253,2709.0864808991037
2026-05-04 09:45:09.192629,0.11236171469939227,2709.8770403879525,2709.1926286613934
2026-05-04 09:45:09.461162,1.0031972692622773,2710.880237657215,2709.46116154679
2026-05-04 09:45:10.831220,0.02903101252684158,2710.909268669742,2710.8312202223383
2026-05-04 09:45:11.091073,0.6740830018529208,2711.7651564809594,2711.0910734791064
2026-05-04 09:45:11.565052,0.08294848621099686,2711.8481049671705,2711.5650515800157
2026-05-04 09:45:11.886458,0.5616358951430959,2712.4480934519356,2711.8864575567927
2026-05-04 09:45:12.031606,0.42118392645235625,2712.869277378388,2712.0316061018957
2026-05-04 09:45:12.039960,0.011304542866185204,2712.880581921254,2712.0399599047837
2026-05-04 09:45:12.223557,0.08255489466119714,2712.9631368159153,2712.223557121858
2026-05-04 09:45:12.491228,0.029631408559706387,2712.992768224475,2712.4912278208863
2026-05-04 09:45:12.596208,0.02478783594519008,2713.0175560604202,2712.5962077590493
2026-05-04 09:45:13.569979,0.25084705815058256,2713.8208262339413,2713.5699791757906
2026-05-04 09:45:13.969708,0.0016476959619476312,2713.9713560181203,2713.9697083221586
2026-05-04 09:45:14.018287,0.3223618380368363,2714.340648344994,2714.0182865069573
2026-05-04 09:45:14.524006,0.25560703895216375,2714.7796129917933,2714.524005952841
2026-05-04 09:45:15.572074,0.4026661343958095,2715.9747400051438,2715.5720738707478
2026-05-04 09:45:15.734755,0.11392190183965063,2716.0886619069834,2715.734755088288
2026-05-04 09:45:15.982519,0.22235102883883498,2716.3110129358224,2715.9825190854535
2026-05-04 09:45:16.122119,1.1364852911224381,2717.447498226945,2716.1221186347234
2026-05-04 09:45:16.171865,0.044006430239732566,2717.4915046571846,2716.1718650890593
2026-05-04 09:45:16.189246,0.06833694205465496,2717.559841599239,2716.1892461576695
2026-05-04 09:45:16.677088,0.8724080956492893,2718.4322496948885,2716.677087970717
2026-05-04 09:45:16.768267,0.4221178433330908,2718.8543675382216,2716.7682668133607
2026-05-04 09:45:17.101688,0.47153650176874173,2719.3259040399903,2717.1016877861507
2026-05-04 09:45:17.292655,0.036143408864672606,2719.362047448855,2717.292655012508
2026-05-04 09:45:17.619580,0.04621310341138532,2719.4082605522663,2717.619579710036
2026-05-04 09:45:17.841605,0.06630454131840567,2719.4745650935847,2717.8416049786024
2026-05-04 09:45:17.957878,0.18541700005051107,2719.6599820936353,2717.957877551743
2026-05-04 09:45:18.316599,0.10450952818782107,2719.7644916218233,2718.3165990886323
2026-05-04 09:45:18.644686,0.12914385106839749,2719.8936354728917,2718.6446857416777
2026-05-04 09:45:18.649128,0.4000006898161048,2720.2936361627076,2718.6491283488667
2026-05-04 09:45:19.117324,0.037768315795902195,2720.3314044785034,2719.1173243318826
2026-05-04 09:45:19.309839,0.08223826807955167,2720.413642746583,2719.3098394494523
2026-05-04 09:45:19.841220,0.15775775669763492,2720.5714005032805,2719.8412198227875
2026-05-04 09:45:20.040175,0.21192437184305724,2720.7833248751235,2720.0401751587474
2026-05-04 09:45:20.444568,0.16306462115361886,2720.9463894962773,2720.444567556694
2026-05-04 09:45:20.909657,0.26964959841095804,2721.2160390946883,2720.9096566637286
2026-05-04 09:45:20.921761,0.2944760544591041,2721.5105151491475,2720.9217608255944
2026-05-04 09:45:20.979270,0.2383566838693203,2721.748871833017,2720.979270433531
2026-05-04 09:45:21.157374,0.04195782992421049,2721.790829662941,2721.1573738936813
2026-05-04 09:45:21.527412,0.32042579793600273,2722.111255460877,2721.527412448123
2026-05-04 09:45:21.566514,0.4310208488471319,2722.5422763097245,2721.5665140531364
2026-05-04 09:45:21.770986,0.01761401753970473,2722.5598903272644,2721.7709860164287
2026-05-04 09:45:21.979628,0.6047877091531318,2723.1646780364176,2721.9796281773843
2026-05-04 09:45:22.173439,0.1154662440789782,2723.2801442804966,2722.1734391917043
2026-05-04 09:45:22.182493,0.985330734646118,2724.265475015143,2722.1824934690358
2026-05-04 09:45:22.191186,0.32862146564768585,2724.5940964807905,2722.191186298495
2026-05-04 09:45:22.222246,0.12334664748588331,2724.7174431282765,2722.222246361697
2026-05-04 09:45:22.739870,0.01565511330761669,2724.7330982415842,2722.7398703314066
2026-05-04 09:45:23.116807,0.21051251721144804,2724.943610758796,2723.1168068781803
2026-05-04 09:45:24.033215,0.11288419342511032,2725.056494952221,2724.0332146306373
2026-05-04 09:45:24.297170,0.16874023574168842,2725.2252351879624,2724.297169542541
2026-05-04 09:45:24.336924,0.5882514610445283,2725.813486649007,2724.3369240280317
2026-05-04 09:45:24.483155,0.18590253884098068,2725.9993891878476,2724.4831554637212
2026-05-04 09:45:24.536808,0.18101904421442017,2726.180408232062,2724.5368083320977
2026-05-04 09:45:24.724182,0.13559840636446543,2726.316006638426,2724.7241818501243
2026-05-04 09:45:24.829686,0.20753912872671829,2726.523545767153,2724.829685574331
2026-05-04 09:45:25.480046,0.1958015714244634,2726.7193473385773,2725.4800461438176
2026-05-04 09:45:27.099143,0.09531898306253249,2727.1944624124617,2727.099143429399
2026-05-04 09:45:27.116642,0.6034052913733625,2727.797867703835,2727.116641668799
2026-05-04 09:45:27.200477,0.5421054564958382,2728.339973160331,2727.2004774143243
2026-05-04 09:45:27.633081,0.22893461597359163,2728.5689077763045,2727.633080963809
2026-05-04 09:45:28.220387,0.06385154760323357,2728.6327593239075,2728.220386639954
2026-05-04 09:45:28.373217,0.29041551333754867,2728.923174837245,2728.3732168163647
2026-05-04 09:45:30.315293,0.30941945899657863,2730.6247120096373,2730.3152925506406
2026-05-04 09:45:30.357899,0.0545684428760075,2730.6792804525135,2730.3578988275463
2026-05-04 09:45:30.901724,0.09912580230789117,2731.000849355601,2730.9017235532933
2026-05-04 09:45:31.206447,0.4161239704691485,2731.6225712311225,2731.2064472606535
2026-05-04 09:45:31.243800,0.3671416934927654,2731.989712924615,2731.24379958805
2026-05-04 09:45:31.348779,0.0004237883157393571,2731.990136712931,2731.3487787222493
2026-05-04 09:45:32.047000,0.23875198643366535,2732.285752109182,2732.047000122748
2026-05-04 09:45:32.539804,0.4993114184927676,2733.039114944387,2732.5398035258945
2026-05-04 09:45:33.273008,0.013895317930912887,2733.2869030412985,2733.2730077233678
2026-05-04 09:45:34.069846,0.02564069745739643,2734.095486577025,2734.0698458795678
2026-05-04 09:45:34.791483,0.09709372565787995,2734.888576564458,2734.7914828388
2026-05-04 09:45:35.354782,0.09115906325826377,2735.4459410313225,2735.3547819680643
2026-05-04 09:45:36.253783,0.09496136717850143,2736.3487447814637,2736.253783414285
2026-05-04 09:45:36.531320,0.1927681850461154,2736.724088540078,2736.5313203550318
2026-05-04 09:45:37.159217,0.1364272906325271,2737.2956442232667,2737.159216932634
2026-05-04 09:45:37.628942,0.089229013629981,2737.7181705866847,2737.628941573055
2026-05-04 09:45:37.997348,0.5658508508649349,2738.5631988833793,2737.9973480325143
2026-05-04 09:45:38.108105,0.08757760714112722,2738.6507764905205,2738.108105307099
2026-05-04 09:45:38.214174,0.09033199290212228,2738.7411084834225,2738.214173686328
2026-05-04 09:45:38.447973,0.165359773678322,2738.9064682571006,2738.4479731794477
2026-05-04 09:45:38.555641,0.6867052321690433,2739.5931734892697,2738.555641227904
2026-05-04 09:45:39.070776,0.5137470393929856,2740.1069205286626,2739.070776085342
2026-05-04 09:45:39.213265,0.04234343445058746,2740.1492639631133,2739.2132648045385
2026-05-04 09:45:39.772512,0.014438263435378757,2740.1637022265486,2739.7725118843427
2026-05-04 09:45:39.796376,0.49420275942107966,2740.6579049859697,2739.796375760421
2026-05-04 09:45:39.838501,0.9161786231921293,2741.574083609162,2739.838501188033
2026-05-04 09:45:40.237347,0.12055624813684887,2741.6946398572986,2740.2373468138817
2026-05-04 09:45:40.356788,0.46527302816140187,2742.15991288546,2740.3567876631187
2026-05-04 09:45:40.469688,0.1277065001202876,2742.2876193855805,2740.4696876060902
2026-05-04 09:45:40.482175,0.11301396387990022,2742.4006333494603,2740.4821749870043
2026-05-04 09:45:40.806326,0.16577218699298898,2742.566405536453,2740.8063264140005
2026-05-04 09:45:41.001966,0.13734995050814255,2742.703755486961,2741.0019655871874
2026-05-04 09:45:41.730364,0.16156810690000722,2742.8653235938614,2741.7303635073176
2026-05-04 09:45:42.356322,0.6412971945219074,2743.5066207883833,2742.356321907073
2026-05-04 09:45:42.421937,0.0648234145048512,2743.571444202888,2742.421936672375
2026-05-04 09:45:42.936117,0.011629325164921114,2743.583073528053,2742.936117165647
2026-05-04 09:45:42.986380,0.01817612847769153,2743.6012496565304,2742.9863802307627
2026-05-04 09:45:43.370905,0.013754516628961672,2743.6150041731594,2743.37090537884
2026-05-04 09:45:43.743461,0.1443429565580365,2743.8878035841794,2743.7434606276215
2026-05-04 09:45:43.837144,0.029455127730789017,2743.91725871191,2743.8371437846536
2026-05-04 09:45:44.528760,0.1304921696213018,2744.6592522397923,2744.528760070171
2026-05-04 09:45:45.388886,0.14445752712921026,2745.533343538976,2745.388886011847
2026-05-04 09:45:45.570915,0.1751733847977791,2745.7460887409716,2745.570915356174
2026-05-04 09:45:46.152936,0.334107867100768,2746.4870443062264,2746.152936439126
2026-05-04 09:45:47.488828,0.5490675532952954,2748.037895100736,2747.488827547441
2026-05-04 09:45:47.624668,0.08895890345558181,2748.1268540041915,2747.624668130601
2026-05-04 09:45:48.787906,0.3225269913279777,2749.1104327137123,2748.7879057223845
2026-05-04 09:45:48.829767,0.4722532039221572,2749.5826859176345,2748.8297669385233
2026-05-04 09:45:48.918965,0.05650231592461874,2749.6391882335593,2748.918965214866
2026-05-04 09:45:48.949721,0.3754188869839896,2750.014607120543,2748.9497210291393
2026-05-04 09:45:49.611051,0.3670183659016736,2750.3816254864446,2749.611050550778
2026-05-04 09:45:49.647082,0.062441022258271174,2750.4440665087027,2749.647082434915
2026-05-04 09:45:49.837658,0.43570600904643614,2750.879772517749,2749.837658472065
2026-05-04 09:45:49.841031,0.05572314359562167,2750.9354956613447,2749.8410308490447
2026-05-04 09:45:50.044372,0.018080402902614215,2750.9535760642475,2750.0443722983355
2026-05-04 09:45:51.005643,0.2745214552997911,2751.2801646377543,2751.0056431824546
2026-05-04 09:45:51.689029,0.09819049176669438,2751.7872197532997,2751.689029261533
2026-05-04 09:45:51.963648,0.10675733674773998,2752.0704058322735,2751.963648495526
2026-05-04 09:45:51.988916,0.2515849760062669,2752.3219908082797,2751.988916058389
2026-05-04 09:45:52.675350,0.08356672676462745,2752.7589167619303,2752.6753500351656
2026-05-04 09:45:53.342600,0.030817831366879947,2753.3734175928525,2753.342599761486
2026-05-04 09:45:54.633363,0.14682647607703514,2754.780189205365,2754.633362729288
2026-05-04 09:45:54.926153,0.06834709284607422,2754.9945004541037,2754.9261533612575
2026-05-04 09:45:55.058923,0.34274060318633054,2755.4016633023048,2755.0589226991183
2026-05-04 09:45:55.526920,0.000361088671911959,2755.5272811804407,2755.5269200917687
2026-05-04 09:45:56.129373,0.18128353830260524,2756.3106563890487,2756.129372850746
2026-05-04 09:45:56.505272,0.39841177408841083,2756.9036838200345,2756.505272045946
2026-05-04 09:45:56.916621,0.3855386623663991,2757.302159825836,2756.9166211634697
2026-05-04 09:45:56.933732,0.014841270124367784,2757.31700109596,2756.933732183647
2026-05-04 09:45:57.238557,0.14783841204764198,2757.464839508008,2757.2385567503006
2026-05-04 09:45:57.423493,0.42315462378634633,2757.8879941317946,2757.4234926349786
2026-05-04 09:45:57.737383,0.2568741762282779,2758.144868308023,2757.7373831081322
2026-05-04 09:45:57.883690,0.10423389878172196,2758.2491022068048,2757.883690366359
2026-05-04 09:45:57.886506,0.3349400750486451,2758.5840422818533,2757.886505630506
2026-05-04 09:45:58.006963,0.04401195128607319,2758.628054233139,2758.0069631933575
2026-05-04 09:45:58.324672,0.02788683421792927,2758.655941067357,2758.32467168669
2026-05-04 09:45:58.539691,0.14019254278641813,2758.7961336101434,2758.5396911647513
2026-05-04 09:45:59.333816,0.17521741369551946,2759.5090333919884,2759.333815978293
2026-05-04 09:45:59.956080,0.17929654465890438,2760.1353761987416,2759.9560796540827
2026-05-04 09:46:00.740482,0.5817061721903781,2761.3221880931424,2760.740481920952
2026-05-04 09:46:00.742350,0.0289703123424469,2761.351158405485,2760.7423495344196
2026-05-04 09:46:00.983712,0.019949343484615113,2761.3711077489697,2760.983711897195
2026-05-04 09:46:01.213327,0.15405536692535238,2761.525163115895,2761.213326636816
2026-05-04 09:46:01.380667,0.12682873664323865,2761.6519918525382,2761.38066676126
2026-05-04 09:46:01.643559,0.16118408961487063,2761.813175942153,2761.643558732885
2026-05-04 09:46:02.299198,0.028808684177600352,2762.3280066544726,2762.299197970295
2026-05-04 09:46:02.465358,0.09750636271525806,2762.5628648111247,2762.4653584484095
2026-05-04 09:46:02.485040,0.09225347706897011,2762.6551182881935,2762.485039839942
2026-05-04 09:46:02.554151,0.7607418071647483,2763.4158600953583,2762.554150689257
2026-05-04 09:46:02.575627,0.3041274265454571,2763.719987521904,2762.575626942368
2026-05-04 09:46:02.665167,0.1141597903953378,2763.834147312299,2762.6651673330834
2026-05-04 09:46:03.011226,0.5362420624932426,2764.3703893747925,2763.011225784189
2026-05-04 09:46:03.560914,0.2029051917047318,2764.573294566497,2763.5609143205597
2026-05-04 09:46:03.710877,0.09258065698976986,2764.665875223487,2763.710876707798
2026-05-04 09:46:04.076632,0.4760902629319026,2765.141965486419,2764.0766324992455
2026-05-04 09:46:04.353088,0.1454652848528343,2765.287430771272,2764.353087670984
2026-05-04 09:46:04.857490,0.1999673469788491,2765.487398118251,2764.857490245164
2026-05-04 09:46:05.548930,0.021704518527165716,2765.5706341060395,2765.5489295875122
2026-05-04 09:46:05.692412,0.26961909652164645,2765.962030798292,2765.69241170177
2026-05-04 09:46:05.850101,0.3223911734576444,2766.2844219717495,2765.8501005593967
2026-05-04 09:46:05.885537,0.08340857077681317,2766.3678305425265,2765.8855367153615
2026-05-04 09:46:06.250361,0.014162804397632622,2766.381993346924,2766.250361082756
2026-05-04 09:46:06.660360,0.11728900199268422,2766.7776488978284,2766.660359895836
2026-05-04 09:46:07.277463,0.5221785675951592,2767.799641390204,2767.277462822609
2026-05-04 09:46:07.400384,0.009911222196449373,2767.8095526124007,2767.4003837807095
2026-05-04 09:46:07.480675,0.01467634997220877,2767.824228962373,2767.4806746950117
2026-05-04 09:46:07.850682,0.7466289180928585,2768.5973109040438,2767.850681985951
2026-05-04 09:46:08.368737,0.3565257575160778,2768.9538366615598,2768.3687367290063
2026-05-04 09:46:08.945804,0.024874614953004158,2768.978711276513,2768.9458035144726
2026-05-04 09:46:09.441434,0.2081725096833873,2769.6496064033404,2769.441433893657
2026-05-04 09:46:09.591806,0.07865132378869913,2769.728257727129,2769.591805920143
2026-05-04 09:46:09.653732,0.11003224041532676,2769.8382899675444,2769.6537316052436
2026-05-04 09:46:09.791781,0.05052370622374082,2769.8888136737683,2769.7917809442165
2026-05-04 09:46:10.012824,0.33800455734126206,2770.35082822505,2770.0128236677087
2026-05-04 09:46:10.628206,0.2600494815989268,2770.888255252891,2770.6282057712924
2026-05-04 09:46:10.934377,0.47717197943092116,2771.411549274104,2770.934377294673
2026-05-04 09:46:11.276101,0.14742084785691004,2771.558970121961,2771.2761007718905
2026-05-04 09:46:12.693864,0.17322273984380315,2772.867087015203,2772.6938642753594
2026-05-04 09:46:12.957877,0.4045635791405429,2773.362440677737,2772.957877098597
2026-05-04 09:46:13.340475,0.406505163577749,2773.7689458413147,2773.340475130056
2026-05-04 09:46:13.947417,0.10878474091333568,2774.056202104768,2773.9474173638546
2026-05-04 09:46:14.489069,0.29502018337509617,2774.7840891954943,2774.489069012119
2026-05-04 09:46:14.637072,0.04072441363110005,2774.8248136091256,2774.6370719264046
2026-05-04 09:46:14.653839,0.12925552992206618,2774.9540691390475,2774.6538394106014
2026-05-04 09:46:15.001613,0.45291942438667576,2775.454532246492,2775.001612822105
2026-05-04 09:46:15.318617,0.093906137228966,2775.548438383721,2775.318617498105
2026-05-04 09:46:16.136487,0.31952143058761695,2776.456008363609,2776.1364869330214
2026-05-04 09:46:16.395375,0.32519890402234614,2776.781207267631,2776.3953754748545
2026-05-04 09:46:17.464094,0.01597724235973459,2777.4800716566715,2777.4640944143116
2026-05-04 09:46:17.558099,0.13824749443325307,2777.69634604936,2777.5580985549263
2026-05-04 09:46:17.577238,0.20261225275491235,2777.898958302115,2777.5772380116705
2026-05-04 09:46:18.412976,0.13702557975823565,2778.5500016014535,2778.412976021695
2026-05-04 09:46:18.734693,0.4559215616114032,2779.1906146094507,2778.7346930478393
2026-05-04 09:46:18.898599,0.06317114825181626,2779.2537857577026,2778.898598572899
2026-05-04 09:46:19.044533,0.025475325420260653,2779.279261083123,2779.044533475781
2026-05-04 09:46:20.383185,0.04871419802310636,2780.4318993802817,2780.383185182259
2026-05-04 09:46:20.520405,0.27502447630912336,2780.7954291876786,2780.5204047113693
2026-05-04 09:46:20.562899,0.23162038699833004,2781.0270495746768,2780.5628993586342
2026-05-04 09:46:20.943493,0.22115178443626565,2781.248201359113,2780.943492696161
2026-05-04 09:46:21.062797,0.14846639924257768,2781.3966677583553,2781.062797372183
2026-05-04 09:46:21.160523,0.5791823445860396,2781.9758501029414,2781.1605229877878
2026-05-04 09:46:21.264293,0.2104734031729333,2782.186323506114,2781.2642929299027
2026-05-04 09:46:21.484855,0.12333698753160781,2782.309660493646,2781.48485466429
2026-05-04 09:46:21.975362,0.014822890046904406,2782.324483383693,2781.975362317709
2026-05-04 09:46:22.031443,0.012805506136329612,2782.3372888898293,2782.0314428328325
2026-05-04 09:46:22.194520,0.2725074765716861,2782.609796366401,2782.194519871229
2026-05-04 09:46:22.223090,0.7402097187814236,2783.3500060851825,2782.22309007864
2026-05-04 09:46:22.728517,0.26880850683593044,2783.618814592018,2782.728516523825
2026-05-04 09:46:23.212515,0.04789974655321615,2783.6667143385716,2783.21251490278
2026-05-04 09:46:23.336384,0.18990750170048576,2783.856621840272,2783.3363835161094
2026-05-04 09:46:23.495497,0.04960379680917215,2783.906225637081,2783.495497260939
2026-05-04 09:46:23.552378,0.37448740562579547,2784.280713042707,2783.5523783674957
2026-05-04 09:46:23.605121,0.05029622599441838,2784.331009268701,2783.605121306906
2026-05-04 09:46:23.970378,0.055724400418625766,2784.3867336691196,2783.9703782865668
2026-05-04 09:46:24.393671,0.045742720305992704,2784.439413536459,2784.393670816153
2026-05-04 09:46:24.481389,0.16636638736940046,2784.6477549198376,2784.4813885324684
2026-05-04 09:46:24.797222,0.818554646639478,2785.615776812297,2784.797222165658
2026-05-04 09:46:25.072820,0.040014269993036373,2785.6557910822903,2785.0728197478375
2026-05-04 09:46:25.418979,0.05829290652925043,2785.7140839888198,2785.4189785963167
2026-05-04 09:46:25.419522,0.26959803894726914,2785.983682027767,2785.4195215553027
2026-05-04 09:46:25.698209,0.06607275651832038,2786.049754784285,2785.6982092711282
2026-05-04 09:46:25.746568,0.1599764044238471,2786.209731188709,2785.7465675537683
2026-05-04 09:46:26.297910,0.14329236853399785,2786.4412022665533,2786.2979098980195
2026-05-04 09:46:27.541002,0.2438943093990258,2787.784896718298,2787.541002408899
2026-05-04 09:46:27.585262,0.18107423953671375,2787.965970957835,2787.585261897054
2026-05-04 09:46:28.123078,0.03345474318494026,2788.1565327732987,2788.123078030114
2026-05-04 09:46:28.414274,0.010535837227489134,2788.424809569657,2788.4142737324296
2026-05-04 09:46:28.563499,0.04712265120636495,2788.6106216912376,2788.5634990400313
2026-05-04 09:46:28.958930,0.20893002885481762,2789.1678596617644,2788.9589296329095
2026-05-04 09:46:29.555879,0.12243533812751295,2789.6783148057475,2789.55587946762
2026-05-04 09:46:29.638159,0.3203051281014128,2789.998619933849,2789.638159205609
2026-05-04 09:46:29.860259,0.1943388994352834,2790.1929588332846,2789.8602589927896
2026-05-04 09:46:30.354935,0.006371107803423471,2790.3613065049444,2790.354935397141
2026-05-04 09:46:30.995718,0.13039595863019082,2791.1261135802656,2790.9957176216353
2026-05-04 09:46:32.177071,0.10253668786774513,2792.27960719339,2792.1770705055224
2026-05-04 09:46:32.196018,0.482072211884498,2792.761679405274,2792.1960177454666
2026-05-04 09:46:32.198010,0.012951553673320265,2792.7746309589475,2792.1980098629565
2026-05-04 09:46:33.652527,0.023565224211557836,2793.676091736524,2793.6525265123123
2026-05-04 09:46:33.714080,0.2302024836425967,2793.9442828844462,2793.7140804008036
2026-05-04 09:46:33.831317,0.21168248972454562,2794.1559653741706,2793.8313166310686
2026-05-04 09:46:33.846555,0.13489900792570167,2794.2908643820965,2793.846555040334
2026-05-04 09:46:34.249628,0.2633439700767015,2794.554208352173,2794.2496280238174
2026-05-04 09:46:34.301023,0.012273907013163679,2794.566482259186,2794.30102309791
2026-05-04 09:46:34.353739,0.21976894161610938,2794.7862512008023,2794.3537385059813
2026-05-04 09:46:34.658872,0.28973411873179267,2795.075985319534,2794.65887181057
2026-05-04 09:46:34.667702,0.1511290745568099,2795.2271143940907,2794.667702410178
2026-05-04 09:46:34.726536,0.19145781444157384,2795.418572208532,2794.726535896846
2026-05-04 09:46:34.729871,0.02587990860709509,2795.4444521171395,2794.7298707314017
2026-05-04 09:46:34.912960,0.5291180750653743,2795.973570192205,2794.912959807937
2026-05-04 09:46:35.027391,0.15144842140836456,2796.1250186136135,2795.027391159522
2026-05-04 09:46:35.175016,0.0845058281101011,2796.2095244417237,2795.175016368259
2026-05-04 09:46:35.665868,0.06044533042376519,2796.2699697721473,2795.6658678551976
2026-05-04 09:46:35.992755,0.1392720553745754,2796.409241827522,2795.9927547567536
2026-05-04 09:46:36.003638,0.47308402016147916,2796.882325847683,2796.003638086544
2026-05-04 09:46:36.075110,0.003369911880030912,2796.885695759563,2796.0751098449277
2026-05-04 09:46:37.236836,0.2917168024570103,2797.528552594092,2797.2368357916353
2026-05-04 09:46:37.245562,0.11338129944805386,2797.64193389354,2797.2455616559546
2026-05-04 09:46:37.274944,0.16581095598197731,2797.8077448495224,2797.274943828567
2026-05-04 09:46:37.871281,0.26219117216594795,2798.1334717794853,2797.8712806073195
2026-05-04 09:46:37.917588,0.06982984857759601,2798.203301628063,2797.917588475533
2026-05-04 09:46:38.361291,0.029760314226162918,2798.39105132865,2798.361291014424
2026-05-04 09:46:38.618241,0.30260342759203457,2798.920844517645,2798.618241090053
2026-05-04 09:46:38.822822,0.23279156497959794,2799.1536360826244,2798.8228223287606
2026-05-04 09:46:39.329963,0.047076415642628315,2799.377039218896,2799.3299628032532
2026-05-04 09:46:39.435929,0.09351545636081182,2799.5294442792792,2799.4359288229184
2026-05-04 09:46:40.264304,0.03322900177147533,2800.2975327575095,2800.264303755738
2026-05-04 09:46:41.024410,0.04967608750566814,2801.0740858131276,2801.024409725622
2026-05-04 09:46:41.333499,0.31152953702062736,2801.6450284361463,2801.3334988991255
2026-05-04 09:46:42.056132,0.33025235268543207,2802.3863847716234,2802.056132418938
2026-05-04 09:46:42.205866,0.07877110651235944,2802.4651558781356,2802.205865506734
2026-05-04 09:46:42.545949,0.11243004316061378,2802.658378689444,2802.5459486462833
2026-05-04 09:46:42.594076,0.4474311044795924,2803.1058097939235,2802.5940759310283
2026-05-04 09:46:42.798162,0.20285321522307487,2803.3086630091466,2802.7981621127947
2026-05-04 09:46:43.329942,0.16115124307024933,2803.4910932220696,2803.329941978999
2026-05-04 09:46:43.331383,0.2695007359273087,2803.760593957997,2803.3313826871713
2026-05-04 09:46:43.355704,0.06836968100735895,2803.8289636390045,2803.3557035460117
2026-05-04 09:46:43.511465,0.05931675251585079,2803.8882803915203,2803.5114654208987
2026-05-04 09:46:44.106601,0.7297485214266995,2804.836349393739,2804.1066008723124
2026-05-04 09:46:44.976075,0.01195454141934052,2804.9880290703018,2804.9760745288822
2026-05-04 09:46:45.308285,0.04301895181120185,2805.3513043657567,2805.3082854139457
2026-05-04 09:46:45.331234,0.600723375975281,2805.952027741732,2805.3312342792724
2026-05-04 09:46:45.967681,0.20981498347699665,2806.1774958405013,2805.9676808570243
2026-05-04 09:46:46.463831,0.28359857886066436,2806.747429602577,2806.4638310237165
2026-05-04 09:46:46.569035,0.0019496277450055711,2806.749379230322,2806.569035411862
2026-05-04 09:46:46.630639,0.12494652398621452,2806.8743257543083,2806.6306392488764
2026-05-04 09:46:46.797295,0.08874533812954784,2806.963071092438,2806.7972951576335
2026-05-04 09:46:47.161798,0.5313934239519048,2807.6931912397076,2807.1617978157556
2026-05-04 09:46:47.952947,0.3377752047100541,2808.2907226621332,2807.9529474574233
2026-05-04 09:46:48.118268,0.2811124127182146,2808.5718350748516,2808.1182682848557
2026-05-04 09:46:49.384377,0.21238863498528682,2809.596765836348,2809.3843772013624
2026-05-04 09:46:49.447602,0.05252669584436767,2809.6492925321922,2809.447602439962
2026-05-04 09:46:49.690143,0.058466696640485705,2809.748609350843,2809.690142654202
2026-05-04 09:46:49.849083,0.1405268206606763,2809.989609749506,2809.8490829288453
2026-05-04 09:46:50.565552,0.254250862258255,2810.819803025143,2810.5655521628846
2026-05-04 09:46:51.342292,0.23058576899213215,2811.572878187665,2811.342292418673
2026-05-04 09:46:51.455292,0.06107660718534746,2811.6339547948505,2811.4552917638807
2026-05-04 09:46:51.465995,0.18767480112935706,2811.82162959598,2811.465995201429
2026-05-04 09:46:51.751047,0.059147268896472684,2811.8807768648767,2811.751047286672
2026-05-04 09:46:52.077944,0.11427366011464796,2812.1922180156594,2812.077944355545
2026-05-04 09:46:52.703896,0.2872363433426246,2812.991132308065,2812.7038959647225
2026-05-04 09:46:52.962618,0.09411794723569067,2813.0852502553007,2812.962617830956
2026-05-04 09:46:53.027038,0.014570755111880596,2813.0998210104126,2813.0270377609204
2026-05-04 09:46:53.469853,0.09534255515154837,2813.565195154938,2813.4698525997865
2026-05-04 09:46:53.513600,0.4032423577606597,2813.9684375126985,2813.5136000299017
2026-05-04 09:46:53.780412,0.05559290911905884,2814.0240304218178,2813.780412234741
2026-05-04 09:46:53.841589,0.02133734093894006,2814.0453677627565,2813.8415886177886
2026-05-04 09:46:54.423867,0.31494260701606525,2814.738809201673,2814.423866594657
2026-05-04 09:46:55.521427,0.12238125915957561,2815.64380839045,2815.5214271312902
2026-05-04 09:46:55.552539,0.17076575285351436,2815.8145741433036,2815.552539116212
2026-05-04 09:46:55.809786,0.5017836265443217,2816.316357769848,2815.8097859792865
2026-05-04 09:46:56.160260,0.22440808617960833,2816.5407658560275,2816.1602603501315
2026-05-04 09:46:56.880099,0.6718915506168708,2817.5519905762035,2816.880099025587
2026-05-04 09:46:57.873995,0.7088942019690321,2818.582888993196,2817.873994791227
2026-05-04 09:46:57.967419,0.02246334120260454,2818.6053523343985,2817.967419363595
2026-05-04 09:46:58.041521,0.04564268847669896,2818.650995022875,2818.041521205498
2026-05-04 09:46:59.036357,0.008707461953999704,2819.0450648142773,2819.036357352323
2026-05-04 09:46:59.373383,0.15809844743803073,2819.531481669592,2819.3733832221537
2026-05-04 09:46:59.400778,0.1955306441047726,2819.7270123136964,2819.4007779472363
2026-05-04 09:47:00.358158,0.236203658282213,2820.5943616181453,2820.358157959863
2026-05-04 09:47:00.606719,0.31594072987831184,2820.9226592479868,2820.6067185181087
2026-05-04 09:47:00.707238,0.07336597702221666,2820.996025225009,2820.707237545608
2026-05-04 09:47:01.154749,0.25377128917921354,2821.4085203039535,2821.154749014774
2026-05-04 09:47:01.264592,0.023303809448360774,2821.431824113402,2821.2645915821868
2026-05-04 09:47:01.648288,0.11925848061026881,2821.767545981172,2821.6482875005618
2026-05-04 09:47:02.283925,0.29094186980831294,2822.5748668349,2822.283924965092
2026-05-04 09:47:02.343759,0.03759638142068114,2822.612463216321,2822.3437592627124
2026-05-04 09:47:02.586906,0.13245793587583463,2822.7449211521966,2822.586905644733
2026-05-04 09:47:02.826153,0.14220944370409008,2822.968362504656,2822.826153060952
2026-05-04 09:47:03.239455,1.014264832934436,2824.2537197194683,2823.239454886534
2026-05-04 09:47:03.277394,0.17094205341508187,2824.4246617728836,2823.2773939640415
2026-05-04 09:47:03.922958,0.17848618170191746,2824.6031479545854,2823.9229584577697
2026-05-04 09:47:03.943515,0.1934383995064353,2824.7965863540917,2823.9435154918265
2026-05-04 09:47:04.146052,0.028179906235500225,2824.824766260327,2824.146052372675
2026-05-04 09:47:05.115688,0.25030179196792546,2825.365990059801,2825.115688267833
2026-05-04 09:47:06.467891,0.25649392215977457,2826.7243854161475,2826.4678914939877
2026-05-04 09:47:06.508449,0.2415433310402249,2826.9659287471877,2826.508449234839
2026-05-04 09:47:06.525669,0.19441195443425974,2827.160340701622,2826.525668636696
2026-05-04 09:47:06.678734,0.3767875784671382,2827.537128280089,2826.6787336591865
2026-05-04 09:47:06.705997,0.24265782373162126,2827.7797861038202,2826.705997366066
2026-05-04 09:47:06.782033,0.1081938321060476,2827.887979935926,2826.782032792505
2026-05-04 09:47:06.901359,0.09889462917521669,2827.986874565101,2826.901359431391
2026-05-04 09:47:06.903128,0.28423515924655396,2828.2711097243478,2826.9031279212786
2026-05-04 09:47:06.994633,0.2809986867153001,2828.5521084110633,2826.9946325653855
2026-05-04 09:47:07.032237,0.01105900740649727,2828.5631674184697,2827.0322373006243
2026-05-04 09:47:07.087487,0.005960758928168199,2828.569128177398,2827.087487204929
2026-05-04 09:47:07.615101,0.08809656811074824,2828.6572247455088,2827.6151012559253
2026-05-04 09:47:07.893912,0.015410269752684148,2828.672635015261,2827.8939120569435
2026-05-04 09:47:08.755528,0.08732086717801656,2828.842849159872,2828.755528292694
2026-05-04 09:47:08.861880,0.18306734523408924,2829.0449478102378,2828.8618804650037
2026-05-04 09:47:08.862500,0.08681930475875671,2829.1317671149964,2828.862500203832
2026-05-04 09:47:09.152053,0.4713409767488953,2829.6233941617284,2829.1520531849796
2026-05-04 09:47:09.276773,0.07047902141865821,2829.693873183147,2829.2767730295964
2026-05-04 09:47:09.672549,0.06435252498179433,2829.7582257081285,2829.672549347955
2026-05-04 09:47:10.658617,0.027169847554750104,2830.685787094354,2830.658617246799
2026-05-04 09:47:10.679283,0.09088468191824645,2830.7766717762725,2830.679283004337
2026-05-04 09:47:11.242111,0.18086092507523868,2831.4229720014578,2831.2421110763826
2026-05-04 09:47:13.262450,0.28074340556861177,2833.543193627394,2833.2624502218255
2026-05-04 09:47:13.432830,0.21692921838416088,2833.760122845778,2833.432830103329
2026-05-04 09:47:13.746913,0.061190702486823956,2833.8213135482647,2833.746913437138
2026-05-04 09:47:13.900915,0.20108612881882235,2834.10200085621,2833.900914727391
2026-05-04 09:47:14.043359,0.19581116102783147,2834.297812017238,2834.043358627276
2026-05-04 09:47:14.603259,0.31299668963196925,2834.916255956149,2834.6032592665174
2026-05-04 09:47:14.612520,0.134795622652498,2835.0510515788014,2834.612520497101
2026-05-04 09:47:15.217661,0.14870708374869065,2835.366368294742,2835.2176612109934
2026-05-04 09:47:15.247080,0.12335076653329975,2835.4897190612755,2835.2470804232953
2026-05-04 09:47:15.293814,0.037269399770656096,2835.526988461046,2835.2938142019684
2026-05-04 09:47:16.018766,0.3766991314977417,2836.3954652142993,2836.0187660828014
2026-05-04 09:47:16.326944,0.4630612638075524,2836.858526478107,2836.326944241869
2026-05-04 09:47:16.644047,0.2059279842656468,2837.0644544623724,2836.644046772299
2026-05-04 09:47:16.892759,0.3264648120256103,2837.390919274398,2836.892759404356
2026-05-04 09:47:17.161324,0.2580855144338495,2837.649004788832,2837.161323656215
2026-05-04 09:47:18.520906,0.195842993973879,2838.716749121473,2838.5209061274995
2026-05-04 09:47:18.656199,0.11085027879101331,2838.8275994002643,2838.6561993088726
2026-05-04 09:47:18.670798,0.07197033028483828,2838.899569730549,2838.6707981293653
2026-05-04 09:47:18.953925,0.24081401719252413,2839.1947386551215,2838.953924637929
2026-05-04 09:47:19.817599,0.23278011464892964,2840.0503791409747,2839.8175990263258
2026-05-04 09:47:20.242612,0.27260350435699643,2840.515215789171,2840.242612284814
2026-05-04 09:47:20.710024,0.3020423084811345,2841.0120664493375,2840.710024140856
2026-05-04 09:47:21.005961,0.16025502593058005,2841.172321475268,2841.0059610098715
2026-05-04 09:47:22.023513,0.28672772715162864,2842.3102409064463,2842.0235131792947
2026-05-04 09:47:22.042692,0.17541995463311072,2842.4856608610794,2842.0426924519684
2026-05-04 09:47:22.054588,0.0013810121777789687,2842.487041873257,2842.054587596513
2026-05-04 09:47:23.581761,0.048423973774224256,2843.6301845493363,2843.581760575562
2026-05-04 09:47:24.393851,0.02219877146038656,2844.4160498519495,2844.393851080489
2026-05-04 09:47:24.478915,0.03452532916300519,2844.5134405703852,2844.4789152412222
2026-05-04 09:47:24.659871,0.117361580519389,2844.777233052333,2844.659871471814
2026-05-04 09:47:24.709911,0.2634222563147442,2845.0406553086477,2844.7099108428465
2026-05-04 09:47:24.738993,0.0960358445596926,2845.1366911532073,2844.738993323516
2026-05-04 09:47:25.437780,0.14434119451689129,2845.582121492629,2845.437780298112
2026-05-04 09:47:25.558168,0.09933315834546429,2845.6814546509745,2845.558167657403
2026-05-04 09:47:27.001958,0.18245295643986992,2847.184411090688,2847.0019581342485
2026-05-04 09:47:27.008462,0.14514342418128692,2847.3295545148694,2847.0084617646553
2026-05-04 09:47:27.215028,0.05468991243933763,2847.3842444273087,2847.2150281433087
2026-05-04 09:47:27.245772,0.11008353384722898,2847.4943279611557,2847.245771605024
2026-05-04 09:47:27.479967,0.23242095287284692,2847.7267489140286,2847.4799669388317
2026-05-04 09:47:27.483373,0.005302605392365131,2847.732051519421,2847.483372707418
2026-05-04 09:47:27.534019,0.23925556915559182,2847.9713070885764,2847.5340185202413
2026-05-04 09:47:28.378013,0.313779960657256,2848.6917929845654,2848.3780130239084
2026-05-04 09:47:28.606259,0.6199142761567733,2849.311707260722,2848.6062590571523
2026-05-04 09:47:29.462426,0.3083249692171226,2849.7707506406164,2849.462425671399
2026-05-04 09:47:29.684112,0.0633996847804132,2849.834150325397,2849.6841116472037
2026-05-04 09:47:29.836920,0.39846816084823955,2850.2353885488997,2849.8369203880516
2026-05-04 09:47:29.913334,0.032592047098431366,2850.267980595998,2849.913333991984
2026-05-04 09:47:30.022162,0.7010258792366653,2850.9690064752344,2850.0221617343705
2026-05-04 09:47:30.770047,0.5133312462956453,2851.4823377215303,2850.7700473266887
2026-05-04 09:47:30.910691,0.13060918890012205,2851.6129469104303,2850.9106911745425
2026-05-04 09:47:30.976306,0.08786355872973675,2851.70081046916,2850.9763056401134
2026-05-04 09:47:31.604195,0.19652035993326059,2851.8973308290933,2851.604194795557
2026-05-04 09:47:31.622742,0.03007386485155102,2851.927404693945,2851.6227423263003
2026-05-04 09:47:31.797604,0.3193747952865018,2852.2467794892314,2851.797604105439
2026-05-04 09:47:31.955374,0.8337248801313741,2853.0805043693626,2851.9553736717094
2026-05-04 09:47:32.013277,0.06190293635093175,2853.1424073057137,2852.013276861515
2026-05-04 09:47:32.081255,0.3219526507070738,2853.4643599564206,2852.081255024976
2026-05-04 09:47:32.631850,0.02516181792116718,2853.489521774342,2852.6318500596785
2026-05-04 09:47:32.658627,0.08333879157785759,2853.5728605659197,2852.65862678512
2026-05-04 09:47:33.286457,0.15841143785777467,2853.7312720037776,2853.2864574619025
2026-05-04 09:47:33.359567,0.12902725304611146,2853.8602992568235,2853.3595669729325
2026-05-04 09:47:33.521142,0.15633401390377188,2854.016633270727,2853.5211420182377
2026-05-04 09:47:33.712518,0.5132560436870474,2854.529889314414,2853.712518496932
2026-05-04 09:47:33.936593,0.19232650171378324,2854.722215816128,2853.936593279975
2026-05-04 09:47:33.956537,0.14400486048787983,2854.8662206766157,2853.9565366533197
2026-05-04 09:47:34.292939,0.709612306678693,2855.5758329832943,2854.2929387921495
2026-05-04 09:47:35.255103,0.4895017906772357,2856.0653347739717,2855.255103126116
2026-05-04 09:47:35.668895,0.10890058929315641,2856.174235363265,2855.6688954835845
2026-05-04 09:47:35.762142,0.046334335588387676,2856.220569698853,2855.7621424961876
2026-05-04 09:47:35.952971,0.17301949114171933,2856.3935891899946,2855.952971132752
2026-05-04 09:47:36.030212,0.01389193961110407,2856.407481129606,2856.030211954916
2026-05-04 09:47:36.147050,0.2877732305056319,2856.6952543601114,2856.1470501072527
2026-05-04 09:47:36.171316,0.21289991304517888,2856.9081542731565,2856.171315614508
2026-05-04 09:47:36.399919,0.03423614328305071,2856.9423904164396,2856.3999194123535
2026-05-04 09:47:36.685799,0.6761583281763763,2857.618548744616,2856.6857989129353
2026-05-04 09:47:36.763611,0.12256030943699342,2857.741109054053,2856.76361074499
2026-05-04 09:47:36.790059,0.017855644879706097,2857.7589646989327,2856.790058741991
2026-05-04 09:47:37.070509,0.07543108766306722,2857.834395786596,2857.070508786864
2026-05-04 09:47:37.248126,0.13678109584079737,2857.971176882437,2857.2481256852257
2026-05-04 09:47:37.717683,0.04116963878233058,2858.012346521219,2857.717682890699
2026-05-04 09:47:37.938787,0.06652947084990489,2858.0788759920692,2857.938786728341
2026-05-04 09:47:38.041507,0.10190495666486919,2858.180780948734,2858.0415069484134
2026-05-04 09:47:38.072972,0.1712249400515924,2858.3520058887857,2858.0729722290316
2026-05-04 09:47:38.679135,0.19052868458544492,2858.869664126514,2858.679135441929
2026-05-04 09:47:39.367244,0.2480742520248852,2859.615317966783,2859.3672437147584
2026-05-04 09:47:39.403345,0.049518846153061104,2859.6648368129363,2859.403344933822
2026-05-04 09:47:39.927475,0.29513228069398173,2860.2226067816264,2859.9274745009325
2026-05-04 09:47:40.245963,0.1549181324719484,2860.4008814062126,2860.245963273741
2026-05-04 09:47:40.353671,0.058976924588951235,2860.4598583308016,2860.3536708967085
2026-05-04 09:47:40.376356,0.13256634695882485,2860.5924246777604,2860.3763556984836
2026-05-04 09:47:40.432653,0.040048422596555125,2860.632473100357,2860.4326533831386
2026-05-04 09:47:40.452490,0.550599174184445,2861.1830722745412,2860.4524902965563
2026-05-04 09:47:41.021045,0.5451483917917662,2861.728220666333,2861.0210452872125
2026-05-04 09:47:41.249321,0.09766185313709183,2861.8258825194703,2861.2493213042144
2026-05-04 09:47:41.699132,0.11663622365158688,2861.942518743122,2861.699131799699
2026-05-04 09:47:42.380766,0.5618857321866667,2862.942651823456,2862.3807660912694
2026-05-04 09:47:42.507982,0.2529064361060478,2863.195558259562,2862.5079824301342
2026-05-04 09:47:42.834526,0.04438989839231541,2863.239948157954,2862.834525967539
2026-05-04 09:47:43.463475,0.0692311458701526,2863.5327056660612,2863.463474520191
2026-05-04 09:47:43.614143,0.10536815896430791,2863.7195113104003,2863.614143151436
2026-05-04 09:47:43.832135,0.010367400463594075,2863.8425020767695,2863.832134676306
2026-05-04 09:47:44.536229,0.10889511024819772,2864.6451237155434,2864.536228605295
2026-05-04 09:47:44.683012,0.03684278923209499,2864.719854872245,2864.6830120830127
2026-05-04 09:47:45.146867,0.675288319349541,2865.8221553759327,2865.1468670565832
2026-05-04 09:47:45.207960,0.1699908440079741,2865.9921462199404,2865.2079598403016
2026-05-04 09:47:45.229731,0.03221150947072556,2866.0243577294113,2865.229730600883
2026-05-04 09:47:45.844162,0.1358842064052135,2866.1602419358164,2865.8441622021996
2026-05-04 09:47:46.566689,0.058646491216589436,2866.625334995131,2866.5666885039145
2026-05-04 09:47:46.929201,0.4492430177595039,2867.3784441696466,2866.929201151887
2026-05-04 09:47:48.104958,0.004276877433248682,2868.1092344350277,2868.1049575575944
2026-05-04 09:47:48.180054,0.5152781587038152,2868.6953322565005,2868.1800540977965
2026-05-04 09:47:48.723531,0.647562984779571,2869.371094436049,2868.7235314512695
2026-05-04 09:47:49.150705,0.5128156846924892,2869.883910120742,2869.150705484421
2026-05-04 09:47:49.943881,0.1013753605516885,2870.0452563108515,2869.9438809503
2026-05-04 09:47:50.045686,0.1453611106652653,2870.1910475162094,2870.045686405544
2026-05-04 09:47:50.105865,0.28402506387707843,2870.4750725800864,2870.1058646347296
2026-05-04 09:47:50.778461,0.28923523384786487,2871.067695967622,2870.7784607337744
2026-05-04 09:47:51.329528,0.020931255788310066,2871.3504593232365,2871.3295280674483
2026-05-04 09:47:51.622508,0.19825659813627522,2871.820764656895,2871.6225080587587
2026-05-04 09:47:51.687397,0.06835149476608904,2871.889116151661,2871.6873969400635
2026-05-04 09:47:52.041218,0.04942003399884593,2872.0906380616498,2872.0412180276508
2026-05-04 09:47:52.681015,0.005910274358879191,2872.6869250003365,2872.6810147259775
2026-05-04 09:47:52.681181,0.024230622005914238,2872.711155622342,2872.681181414385
2026-05-04 09:47:53.046396,0.029958117905968674,2873.0763540941566,2873.0463959762506
2026-05-04 09:47:53.436564,0.033531422522522364,2873.4700952264698,2873.436563803947
2026-05-04 09:47:53.526438,0.0034098238054941737,2873.529847413152,2873.526437589346
2026-05-04 09:47:53.557162,0.7145878444430943,2874.271749668319,2873.557161823876
2026-05-04 09:47:53.607931,0.08390877937614732,2874.355658447695,2873.6079311519575
2026-05-04 09:47:54.316021,1.135109925856517,2875.4907683735514,2874.3160207379415
2026-05-04 09:47:54.328322,0.17715084170734605,2875.6679192152587,2874.3283217060753
2026-05-04 09:47:54.715806,0.31170737778583757,2875.9796265930445,2874.7158057397346
2026-05-04 09:47:54.743650,0.06495554795222766,2876.0445821409967,2874.7436495022534
2026-05-04 09:47:54.867697,0.14529097184198994,2876.1898731128385,2874.8676972759818
2026-05-04 09:47:55.226004,0.2791332010027028,2876.4690063138414,2875.2260039687794
2026-05-04 09:47:55.430927,0.20285659497873285,2876.67186290882,2875.430927409775
2026-05-04 09:47:55.706565,0.146723518264091,2876.818586427084,2875.7065650913137
2026-05-04 09:47:55.911515,0.18465679715690456,2877.003243224241,2875.911514947685
2026-05-04 09:47:56.442340,0.19453907531573864,2877.197782299557,2876.442339535486
2026-05-04 09:47:56.576193,0.4178770507834286,2877.61565935034,2876.576193251806
2026-05-04 09:47:56.635278,0.11921625816151456,2877.7348756085016,2876.6352783884377
2026-05-04 09:47:56.883694,0.14781886929614615,2877.882694477798,2876.883693643828
2026-05-04 09:47:56.946433,0.21583999367324586,2878.0985344714713,2876.946433356981
2026-05-04 09:47:57.021154,0.06369405726162856,2878.162228528733,2877.0211543524747
2026-05-04 09:47:57.123286,0.17247235138175132,2878.3347008801147,2877.123285731047
2026-05-04 09:47:57.623859,0.11099635142550564,2878.44569723154,2877.6238591117035
2026-05-04 09:47:57.870365,0.13108510818629154,2878.5767823397264,2877.87036502875
2026-05-04 09:47:58.078201,0.7263017813375601,2879.303084121064,2878.0782010515213
2026-05-04 09:47:58.914084,0.09157680873061064,2879.3946609297946,2878.914084136242
2026-05-04 09:47:58.991276,0.10766592634834425,2879.502326856143,2878.9912758161818
2026-05-04 09:47:59.547204,0.2408503517021491,2879.7880547059963,2879.547204354294
2026-05-04 09:48:00.074904,0.3415665441537763,2880.4164703782153,2880.0749038340614
2026-05-04 09:48:00.794865,0.06686998227596976,2880.861734750116,2880.79486476784
2026-05-04 09:48:01.398520,0.12868875657540632,2881.5272092094306,2881.3985204528553
2026-05-04 09:48:01.463651,0.09990372997958487,2881.62711293941,2881.463650702745
2026-05-04 09:48:01.916601,0.10078286631044474,2882.0173839070158,2881.9166010407052
2026-05-04 09:48:02.872086,0.39802775132629287,2883.2701135649636,2882.872085813637
2026-05-04 09:48:03.932849,0.15838152957545046,2884.0912303323285,2883.932848802753
2026-05-04 09:48:04.046819,0.4763236758880245,2884.5675540082166,2884.0468192556964
2026-05-04 09:48:04.174523,0.0436681716261692,2884.6112221798426,2884.1745231346586
2026-05-04 09:48:04.578937,0.17105001307748513,2884.78227219292,2884.5789372621875
2026-05-04 09:48:05.075052,0.4089947033286772,2885.4840468963275,2885.075052192999
2026-05-04 09:48:05.357954,0.14306985342816067,2885.6271167497557,2885.3579541692775
2026-05-04 09:48:05.378805,0.045321144290655195,2885.672437894046,2885.378804573043
2026-05-04 09:48:05.698786,0.12397992774536255,2885.822765747822,2885.6987858200764
2026-05-04 09:48:05.859991,0.08214329262340793,2885.9421339376486,2885.8599906450254
2026-05-04 09:48:06.039739,0.09100137578142048,2886.130740437412,2886.0397390616304
2026-05-04 09:48:06.370494,0.10391588897141878,2886.474410051107,2886.3704941621354
2026-05-04 09:48:06.848409,0.10322297636054278,2886.9516323794987,2886.8484094031382
2026-05-04 09:48:07.174450,0.4258192812364543,2887.600269239466,2887.1744499582296
2026-05-04 09:48:07.265399,0.4450376393437978,2888.0453068788097,2887.265398961606
2026-05-04 09:48:08.154701,0.017107904146675762,2888.17180923418,2888.1547013300333
2026-05-04 09:48:08.336130,0.27950355469652116,2888.6156339382774,2888.336130383581
2026-05-04 09:48:08.370471,0.09882620550132498,2888.7144601437785,2888.370471199637
2026-05-04 09:48:08.633300,0.04429232864052884,2888.758752472419,2888.6333004619655
2026-05-04 09:48:08.969827,0.10181178071463769,2889.071639016598,2888.9698272358833
2026-05-04 09:48:09.287257,0.02907271414890635,2889.3163296897624,2889.2872569756137
2026-05-04 09:48:09.426387,0.10245282501754821,2889.528839757138,2889.4263869321203
2026-05-04 09:48:09.484748,0.15168148121053474,2889.680521238349,2889.4847483936837
2026-05-04 09:48:09.758267,0.05669883545307234,2889.8149656327046,2889.7582667972515
2026-05-04 09:48:09.807543,0.15741733495983626,2889.9723829676645,2889.8075433801714
2026-05-04 09:48:10.516293,0.021633872282839882,2890.5379269604073,2890.5162930881243
2026-05-04 09:48:10.845516,0.10803879218258255,2890.9535549215097,2890.8455161293273
2026-05-04 09:48:12.109847,0.030281705789933184,2892.140128262203,2892.109846556413
2026-05-04 09:48:12.115299,0.15085815228265853,2892.2909864144854,2892.1152992436214
2026-05-04 09:48:12.405199,0.24833832505991357,2892.653537135915,2892.405198810855
2026-05-04 09:48:13.301799,0.2718025387248211,2893.5736016162286,2893.301799077504
2026-05-04 09:48:13.590248,0.12764243371436726,2893.717890167423,2893.5902477337086
2026-05-04 09:48:13.593847,0.4172685972073897,2894.1351587646304,2893.5938474099435
2026-05-04 09:48:13.647012,0.15820343315613056,2894.2933621977863,2893.647011877749
2026-05-04 09:48:13.842027,0.5918275025863556,2894.885189700373,2893.842026702264
2026-05-04 09:48:14.632106,0.8268401303468886,2895.7120298307195,2894.6321059596794
2026-05-04 09:48:14.632558,0.0967636522449841,2895.8087934829646,2894.6325577545645
2026-05-04 09:48:14.866427,0.3720277775739359,2896.1808212605383,2894.8664265867824
2026-05-04 09:48:14.884628,0.1237119272720138,2896.30453318781,2894.88462758736
2026-05-04 09:48:15.300881,0.11122623141312758,2896.4157594192234,2895.300881112978
2026-05-04 09:48:15.336937,0.3682932700353526,2896.7840526892587,2895.336937058002
2026-05-04 09:48:15.446174,0.1442827023825885,2896.928335391641,2895.4461740306187
2026-05-04 09:48:16.238511,0.14353233917078526,2897.071867730812,2896.2385107643127
2026-05-04 09:48:17.310367,0.2223733270295047,2897.532740442336,2897.3103671153067
2026-05-04 09:48:17.547533,0.03103093940654707,2897.5785643248264,2897.5475333854197
2026-05-04 09:48:18.117007,0.03659822383456495,2898.1536049477777,2898.117006723943
2026-05-04 09:48:18.326297,0.2827663026073518,2898.6090632743094,2898.326296971702
2026-05-04 09:48:18.533305,0.17958102018257563,2898.788644294492,2898.5333052365054
2026-05-04 09:48:18.816668,0.0255543792473252,2898.842222786923,2898.8166684076755
2026-05-04 09:48:18.832801,0.022949377112196717,2898.865172164035,2898.832800694311
2026-05-04 09:48:19.588245,0.0007378180772414409,2899.588982669586,2899.588244851509
2026-05-04 09:48:19.857952,0.4240919271300281,2900.2820434633268,2899.8579515361967
2026-05-04 09:48:19.959636,0.27894952461325667,2900.56099298794,2899.9596364019367
2026-05-04 09:48:20.441174,0.14553017548506897,2900.706523163425,2900.441174167766
2026-05-04 09:48:21.136876,0.00979928161434955,2901.1466755974325,2901.136876315818
2026-05-04 09:48:21.147069,0.2766905302983475,2901.423759800361,2901.1470692700627
2026-05-04 09:48:21.222005,0.12163011483937616,2901.5453899152003,2901.2220054031327
2026-05-04 09:48:21.394641,0.14471772341945596,2901.69010763862,2901.394641192024
2026-05-04 09:48:21.501754,1.0609616123237176,2902.7510692509436,2901.5017544383577
2026-05-04 09:48:21.583521,0.43775648132562445,2903.1888257322694,2901.5835208232934
2026-05-04 09:48:21.675395,0.03646778704602102,2903.2252935193155,2901.6753954624987
2026-05-04 09:48:22.217864,1.0655382009107779,2904.2908317202264,2902.2178639956196
2026-05-04 09:48:22.760848,0.0055971538480516616,2904.2964288740745,2902.7608479045266
2026-05-04 09:48:22.809416,0.2545715798578801,2904.5510004539324,2902.8094159726875
2026-05-04 09:48:23.695398,0.09568131850978091,2904.646681772442,2903.695397832641
2026-05-04 09:48:24.063119,0.19661933669962198,2904.843301109142,2904.063118837041
2026-05-04 09:48:24.188328,0.44598594212973597,2905.289287051272,2904.188327549737
2026-05-04 09:48:24.298392,0.14723163155315325,2905.436518682825,2904.2983917312886
2026-05-04 09:48:24.516467,0.29798426053719024,2905.7345029433623,2904.5164671575735
2026-05-04 09:48:25.074547,0.01263062984764429,2905.74713357321,2905.0745469295343
2026-05-04 09:48:25.492209,0.04233259611714241,2905.7894661693267,2905.4922086828083
2026-05-04 09:48:25.524956,0.02526422416751993,2905.8147303934943,2905.5249559710423
2026-05-04 09:48:25.681385,0.14895222354524995,2905.9636826170395,2905.6813854110856
2026-05-04 09:48:26.056741,0.022424690335073386,2906.079165823492,2906.056741133157
2026-05-04 09:48:26.098256,0.12753016729110386,2906.225786257438,2906.0982560901466
2026-05-04 09:48:26.484955,0.08973903479030151,2906.574694164551,2906.4849551297607
2026-05-04 09:48:26.672638,0.10702230205684127,2906.7796600909332,2906.6726377888763
2026-05-04 09:48:27.180893,0.0828745628573759,2907.263767944064,2907.1808933812067
2026-05-04 09:48:27.478372,0.3025499555469211,2907.780921923235,2907.478371967688
2026-05-04 09:48:27.873047,0.04848074506222164,2907.921527407865,2907.873046662803
2026-05-04 09:48:29.492780,0.02608958612270922,2909.518869096668,2909.492779510545
2026-05-04 09:48:30.124294,0.24753394127911174,2910.3718278445635,2910.1242939032845
2026-05-04 09:48:30.764653,0.08300362841661725,2910.847656770863,2910.7646531424466
2026-05-04 09:48:30.804503,0.010827646041533365,2910.8584844169045,2910.8045034338707
2026-05-04 09:48:31.501095,0.21819364391847895,2911.719288737376,2911.5010950934575
2026-05-04 09:48:31.519779,0.4737731986242524,2912.193061936,2911.519778545038
2026-05-04 09:48:31.859701,0.03954565402527599,2912.2326075900255,2911.85970051908
2026-05-04 09:48:31.982509,0.29627051783320274,2912.528878107859,2911.9825093412096
2026-05-04 09:48:32.245015,0.38884208216130334,2912.91772019002,2912.245015251123
2026-05-04 09:48:32.308600,0.008019055678222734,2912.9257392456984,2912.3085995590013
2026-05-04 09:48:32.599202,0.46114929954450434,2913.386888545243,2912.599202160969
2026-05-04 09:48:33.499828,0.00990916430579207,2913.5097370840267,2913.4998279197207
2026-05-04 09:48:33.511143,0.4684318765421159,2913.9795748445604,2913.5111429680182
2026-05-04 09:48:33.804528,0.6336592800964622,2914.6132341246566,2913.8045277097785
2026-05-04 09:48:33.838266,0.09158359074964251,2914.704817715406,2913.8382657071857
2026-05-04 09:48:34.161643,0.03113018024050812,2914.7359478956464,2914.1616429210694
2026-05-04 09:48:34.184992,0.211754957657595,2914.947702853304,2914.1849920545405
2026-05-04 09:48:34.280756,0.06849992472522799,2915.016202778029,2914.2807560241713
2026-05-04 09:48:34.404473,0.07525001722575575,2915.0914527952546,2914.404473480693
2026-05-04 09:48:34.906080,0.09460985053903978,2915.1860626457938,2914.906080476202
2026-05-04 09:48:35.298103,0.024027848952758248,2915.3221308115435,2915.2981029625907
2026-05-04 09:48:35.378793,0.06092624977690813,2915.4397197389417,2915.3787934891648
2026-05-04 09:48:35.577248,0.08048847591851689,2915.6577368154817,2915.577248339563
2026-05-04 09:48:36.445794,0.19635981302665406,2916.642154211423,2916.4457943983966
2026-05-04 09:48:36.508668,0.4218999967857444,2917.0640542082087,2916.508668129535
2026-05-04 09:48:36.603827,0.4855405513314086,2917.54959475954,2916.603826523372
2026-05-04 09:48:36.896728,0.07865823946235947,2917.6282529990026,2916.896728181899
2026-05-04 09:48:37.069722,0.2398036331940528,2917.868056632197,2917.0697217105326
2026-05-04 09:48:38.804569,0.04745166058953935,2918.852020314823,2918.8045686542337
2026-05-04 09:48:38.904465,0.10970888017062266,2919.0141742233354,2918.9044653431647
2026-05-04 09:48:39.124621,0.0438135082240102,2919.1684343620636,2919.1246208538396
2026-05-04 09:48:39.584218,0.21026196992422747,2919.7944799437146,2919.58421797379
2026-05-04 09:48:39.589585,0.07608370426460599,2919.870563647979,2919.5895846171798
2026-05-04 09:48:40.115504,0.3680745442957743,2920.4835788968862,2920.1155043525905
2026-05-04 09:48:40.576745,0.0059464992202790815,2920.5826918582065,2920.576745358986
2026-05-04 09:48:40.644974,0.05312421493208202,2920.69809799604,2920.6449737811076
2026-05-04 09:48:41.533022,0.14145307658644532,2921.6744754960155,2921.533022419429
2026-05-04 09:48:41.639470,0.14601710040311583,2921.8204925964187,2921.6394701913014
2026-05-04 09:48:41.996350,0.1540227452041563,2922.1503729621345,2921.9963502169303
2026-05-04 09:48:42.057996,0.007473933537774075,2922.1578468956723,2922.0579958082617
2026-05-04 09:48:42.302184,0.17659223015447603,2922.478776499834,2922.30218426968
2026-05-04 09:48:42.788507,0.23558313580673318,2923.024090617744,2922.7885074819374
2026-05-04 09:48:43.085679,0.05186530460753104,2923.1375443096867,2923.0856790050793
2026-05-04 09:48:43.869036,0.15441779472703646,2924.023454162722,2923.869036367995
2026-05-04 09:48:44.158220,0.02279856386857443,2924.181019017976,2924.1582204541073
2026-05-04 09:48:44.500351,0.7627078824156185,2925.2630592702612,2924.5003513878455
2026-05-04 09:48:44.627249,0.2037861946658589,2925.4668454649272,2924.6272493778724
2026-05-04 09:48:44.816420,0.02610092066180998,2925.492946385589,2924.816420301733
2026-05-04 09:48:45.238394,0.014856908422504665,2925.507803294012,2925.2383944928115
2026-05-04 09:48:45.521462,0.07878997671777277,2925.600252305085,2925.5214623283673
2026-05-04 09:48:45.652302,0.006833599858552961,2925.6591352953974,2925.652301695539
2026-05-04 09:48:45.884411,0.29795854437405755,2926.182369897543,2925.884411353169
2026-05-04 09:48:46.700658,0.15215901917501726,2926.852816703679,2926.7006576845038
2026-05-04 09:48:46.887011,0.4565626811779887,2927.343574034646,2926.8870113534676
2026-05-04 09:48:47.167034,0.040864100765486494,2927.3844381354115,2927.167034278895
2026-05-04 09:48:47.221519,0.390788895063916,2927.7752270304754,2927.221518937613
2026-05-04 09:48:47.463556,0.014075338402087596,2927.7893023688775,2927.4635562083126
2026-05-04 09:48:47.784918,0.04391430739966963,2927.833216676277,2927.7849181054503
2026-05-04 09:48:47.840472,0.041915765324805204,2927.882387564178,2927.840471798853
2026-05-04 09:48:48.017536,0.31476082028993124,2928.332296762776,2928.017535942486
2026-05-04 09:48:48.061575,0.009033464555868632,2928.341330227332,2928.0615752451367
2026-05-04 09:48:48.126106,0.03643486832152583,2928.3777650956536,2928.126105949997
2026-05-04 09:48:48.242587,0.18752874016404597,2928.5652938358176,2928.2425867750235
2026-05-04 09:48:48.330965,0.4047116903937788,2928.9700055262115,2928.3309649530547
2026-05-04 09:48:48.604000,0.18754207005141102,2929.1575475962627,2928.6039999504856
2026-05-04 09:48:49.070367,0.2884069695979827,2929.4459545658606,2929.070367049147
2026-05-04 09:48:49.732986,0.07379443568832293,2929.8067809191452,2929.732986483457
2026-05-04 09:48:49.841899,0.46590603643445344,2930.307805062356,2929.8418990259215
2026-05-04 09:48:49.900397,0.05778143107123826,2930.365586493427,2929.900396639014
2026-05-04 09:48:50.038510,0.06181464215691623,2930.427401135584,2930.0385095920865
2026-05-04 09:48:50.313610,0.31545458669751614,2930.7428557222815,2930.3136096284884
2026-05-04 09:48:50.565902,0.22239671289717255,2930.9652524351786,2930.5659016058003
2026-05-04 09:48:50.778143,0.5697110994648296,2931.5349635346433,2930.7781428824214
2026-05-04 09:48:51.109170,0.242943992840418,2931.777907527484,2931.109170276939
2026-05-04 09:48:51.123687,0.11772338111125812,2931.895630908595,2931.1236867713183
2026-05-04 09:48:51.133309,0.0414239247764944,2931.937054833372,2931.1333092511222
2026-05-04 09:48:51.326340,0.44905560628802654,2932.3861104396597,2931.326339971516
2026-05-04 09:48:51.375251,0.09511954092039698,2932.48122998058,2931.3752507111312
2026-05-04 09:48:51.897816,0.20314807373613775,2932.684378054316,2931.8978157093848
2026-05-04 09:48:52.020459,0.15949598432452922,2932.8438740386405,2932.0204586160585
2026-05-04 09:48:52.324883,0.04861748773430315,2932.8924915263747,2932.3248826054028
2026-05-04 09:48:52.646635,0.09504816831588773,2932.9875396946904,2932.6466353433398
2026-05-04 09:48:52.782533,0.030920881405330787,2933.0184605760955,2932.782532525164
2026-05-04 09:48:52.941303,0.02115589705195016,2933.0396164731474,2932.9413034192153
2026-05-04 09:48:53.449148,0.6615024847125515,2934.1106504820677,2933.4491479973553
2026-05-04 09:48:53.462028,0.06938381813912324,2934.180034300207,2933.4620282031883
2026-05-04 09:48:53.766333,0.09987857170481089,2934.2799128719116,2933.7663332354955
2026-05-04 09:48:55.019603,0.06997338942501999,2935.089576417185,2935.0196030277602
2026-05-04 09:48:55.775883,0.2546201213445364,2936.030503263832,2935.7758831424876
2026-05-04 09:48:56.060186,0.3729235135226465,2936.433109984692,2936.0601864711693
2026-05-04 09:48:56.689725,0.029340425420419994,2936.7190650368857,2936.6897246114654
2026-05-04 09:48:57.531170,0.20469138387854569,2937.7358609538132,2937.5311695699347
2026-05-04 09:48:57.552071,0.5730306086431958,2938.3088915624567,2937.55207053941
2026-05-04 09:48:57.892805,0.38932417893592147,2938.6982157413927,2937.892805340907
2026-05-04 09:48:58.438783,0.15821356570472977,2938.8564293070976,2938.438783480908
2026-05-04 09:48:58.783016,0.17055609364965482,2939.0269854007474,2938.7830160754797
2026-05-04 09:48:59.741780,0.21004316299445003,2939.951822826756,2939.741779663762
2026-05-04 09:49:00.070864,0.0663078400897896,2940.1371714824795,2940.0708636423897
2026-05-04 09:49:00.636954,0.02433687517438651,2940.6612905622524,2940.636953687078
2026-05-04 09:49:01.116565,0.010892678712761625,2941.1274574655677,2941.1165647868547
2026-05-04 09:49:01.248686,0.10386136215925879,2941.352547208819,2941.2486858466596
2026-05-04 09:49:02.029649,0.17227930761278124,2942.2019285228507,2942.029649215238
2026-05-04 09:49:02.152915,0.02830372715282428,2942.2302322500036,2942.1529147401734
2026-05-04 09:49:02.493148,0.14023200866827643,2942.633379595294,2942.493147586626
2026-05-04 09:49:03.245179,0.27915586197514214,2943.524334544174,2943.245178682199
2026-05-04 09:49:04.059298,0.2334464914788899,2944.292744712923,2944.0592982214444
2026-05-04 09:49:04.305155,0.45687437013033705,2944.762029200543,2944.305154830413
2026-05-04 09:49:04.390705,0.24014825009283564,2945.002177450636,2944.3907049241925
2026-05-04 09:49:04.646552,0.06638167322563181,2945.0685591238616,2944.6465522528833
2026-05-04 09:49:05.024784,0.2258352621274906,2945.294394385989,2945.0247840090883
2026-05-04 09:49:05.659923,0.1654890575387664,2945.825412177493,2945.6599231199543
2026-05-04 09:49:06.196153,0.15389476385238,2946.350047328082,2946.1961525642296
2026-05-04 09:49:06.491428,0.30510638581891275,2946.7965340888345,2946.4914277030157
2026-05-04 09:49:06.555719,1.1999273122681158,2947.996461401103,2946.5557192592914
2026-05-04 09:49:06.902267,0.14110857750791614,2948.137569978611,2946.902266649479
2026-05-04 09:49:07.067916,0.15680305577421014,2948.294373034385,2947.0679164268436
2026-05-04 09:49:07.138674,0.4834268196257826,2948.777799854011,2947.1386740025746
2026-05-04 09:49:07.197640,0.02904928079445553,2948.8068491348054,2947.1976404661273
2026-05-04 09:49:07.252741,0.14328249940106627,2948.9501316342066,2947.2527412343106
2026-05-04 09:49:07.759230,0.2662978150893605,2949.216429449296,2947.759230245545
2026-05-04 09:49:08.239676,0.04307924112883791,2949.259508690425,2948.239676247524
2026-05-04 09:49:08.255511,0.21987788861515434,2949.47938657904,2948.25551058732
2026-05-04 09:49:08.485574,0.505772403931798,2949.9851589829714,2948.485573660341
2026-05-04 09:49:09.531106,0.6826297056681173,2950.6677886886396,2949.531106169612
2026-05-04 09:49:09.755531,0.07240676527103572,2950.7401954539105,2949.7555309105205
2026-05-04 09:49:10.076473,0.8481888124800512,2951.5883842663907,2950.0764731997047
2026-05-04 09:49:10.154814,0.05688766849397967,2951.6452719348845,2950.1548136649612
2026-05-04 09:49:10.368940,0.00763423046122204,2951.6529061653455,2950.3689397063968
2026-05-04 09:49:11.096794,0.08140479371609588,2951.7343109590615,2951.096794069528
2026-05-04 09:49:11.493465,0.27937233981307247,2952.0136832988746,2951.4934649205043
2026-05-04 09:49:11.819197,0.11260774309305717,2952.1262910419678,2951.819197240241
2026-05-04 09:49:11.954804,0.2311480164411262,2952.357439058409,2951.954803989607
2026-05-04 09:49:12.949689,0.1833979893662789,2953.1330867938123,2952.949688804446
2026-05-04 09:49:13.066950,0.29241237799665065,2953.425499171809,2953.066949676801
2026-05-04 09:49:13.394273,0.5407261484204391,2953.9662253202296,2953.3942727914077
2026-05-04 09:49:14.071834,0.5980337430318998,2954.669868060373,2954.071834317341
2026-05-04 09:49:14.123760,0.13171094789129925,2954.8015790082645,2954.12376019417
2026-05-04 09:49:14.400423,0.3114064781160642,2955.1129854863807,2954.4004232075918
2026-05-04 09:49:14.841602,0.36439134435400644,2955.4773768307346,2954.8416020304207
2026-05-04 09:49:15.793281,0.09574171565237578,2955.8890225063165,2955.793280790664
2026-05-04 09:49:15.872889,0.2185826484950115,2956.1076051548116,2955.872889090186
2026-05-04 09:49:15.992059,0.025948296963432857,2956.1335534517752,2955.9920587357733
2026-05-04 09:49:16.511499,0.046470183240161445,2956.5579691009716,2956.5114989177314
2026-05-04 09:49:16.773161,0.16703247235483054,2956.940193303268,2956.773160830913
2026-05-04 09:49:16.875531,0.18825021941868147,2957.1284435226867,2956.8755310666274
2026-05-04 09:49:16.953458,0.5649014646409285,2957.6933449873277,2956.953458206053
2026-05-04 09:49:17.136906,0.06784017502903987,2957.761185162357,2957.1369057972533
2026-05-04 09:49:17.236587,0.2972854657800327,2958.058470628137,2957.2365872393184
2026-05-04 09:49:17.338700,0.020947563100633053,2958.0794181912374,2957.338700039497
2026-05-04 09:49:17.432215,0.0478272024213518,2958.127245393659,2957.432214567384
2026-05-04 09:49:17.693899,0.03723860426936644,2958.1644839979285,2957.693898873204
2026-05-04 09:49:17.974940,0.13825172240518296,2958.3027357203337,2957.9749401618487
2026-05-04 09:49:18.268117,0.07122630016727052,2958.373962020501,2958.2681165997897
2026-05-04 09:49:18.369123,0.09283299621454372,2958.4667950167154,2958.369122607101
2026-05-04 09:49:18.530338,0.1258029217117096,2958.656140694177,2958.5303377724654
2026-05-04 09:49:18.804866,0.38477333804491454,2959.1896397454266,2958.8048664073817
2026-05-04 09:49:18.828109,0.2246234230497553,2959.4142631684763,2958.828109143435
2026-05-04 09:49:19.091755,0.030633534055531455,2959.444896702532,2959.091755093666
2026-05-04 09:49:19.571100,0.12027421037912694,2959.691373753708,2959.5710995433287
2026-05-04 09:49:19.573367,0.17603937061212638,2959.86741312432,2959.573366590113
2026-05-04 09:49:19.753812,0.4190852807820784,2960.286498405102,2959.753811571236
2026-05-04 09:49:19.939507,0.027446789827364593,2960.3139451949296,2959.939507467005
2026-05-04 09:49:20.195377,0.2590581045267821,2960.5730032994566,2960.1953774334397
2026-05-04 09:49:20.290156,0.21891336752433693,2960.791916666981,2960.290156407367
2026-05-04 09:49:20.380418,0.033024466094359065,2960.8249411330753,2960.380418236169
2026-05-04 09:49:20.649373,0.06520185275251096,2960.890142985828,2960.6493734085407
2026-05-04 09:49:21.229459,0.02378524764575962,2961.253244397966,2961.22945915032
2026-05-04 09:49:21.287526,0.0912742011552406,2961.3788005896004,2961.2875263884453
2026-05-04 09:49:21.777434,0.27815113214130477,2962.0555850000615,2961.77743386792
2026-05-04 09:49:22.271662,0.20642854857781945,2962.4780903131864,2962.271661764609
2026-05-04 09:49:22.337756,0.005836012024327516,2962.4839263252106,2962.3377560219337
2026-05-04 09:49:22.765574,0.008870538665557084,2962.77444456663,2962.7655740279642
2026-05-04 09:49:23.444386,0.9519938647877378,2964.3963798040118,2963.444385939224
2026-05-04 09:49:23.816326,0.06398185891556034,2964.4603616629274,2963.8163260454726
2026-05-04 09:49:23.980263,0.17830649938936075,2964.6386681623167,2963.980263274876
2026-05-04 09:49:24.123256,0.21374641385144832,2964.852414576168,2964.12325589274
2026-05-04 09:49:24.303420,0.12887239403236753,2964.9812869702005,2964.303419774215
2026-05-04 09:49:24.479718,0.3593303709538639,2965.3406173411545,2964.4797184173667
2026-05-04 09:49:24.529416,0.061583624761251565,2965.4022009659157,2964.529415990961
2026-05-04 09:49:24.779402,0.11108156695213559,2965.513282532868,2964.7794018066134
2026-05-04 09:49:26.196072,0.1829274943340493,2966.378999545753,2966.196072051419
2026-05-04 09:49:26.379350,0.06417703785472076,2966.443527385005,2966.37935034715
2026-05-04 09:49:26.390219,0.20585175803720093,2966.649379143042,2966.390218843574
2026-05-04 09:49:26.913330,0.1810140940705368,2967.094344140132,2966.913330046061
2026-05-04 09:49:26.980859,0.26938596663325487,2967.363730106765,2966.980858568223
2026-05-04 09:49:27.027977,0.004744449317174747,2967.368474556082,2967.0279774838723
2026-05-04 09:49:27.195919,0.10602490478995961,2967.4744994608723,2967.1959193728903
2026-05-04 09:49:27.288084,0.02220599738145509,2967.496705458254,2967.288083564005
2026-05-04 09:49:28.775778,0.02333749000919337,2968.799115902182,2968.775778412173
2026-05-04 09:49:28.830017,0.13418319845875523,2968.9642000880226,2968.830016889564
2026-05-04 09:49:29.042688,0.13072603200675084,2969.1734139647747,2969.042687932768
2026-05-04 09:49:29.602258,0.02419988029929035,2969.6264580979287,2969.6022582176292
2026-05-04 09:49:29.803355,0.03735899074714889,2969.840714324742,2969.8033553339947
2026-05-04 09:49:29.852916,0.18691142734862773,2970.0398270373958,2969.852915610047
2026-05-04 09:49:30.021279,0.045729787489864726,2970.0855568248858,2970.0212786266607
2026-05-04 09:49:31.133222,0.15844021779901646,2971.2916622958446,2971.1332220780455
2026-05-04 09:49:31.314024,0.2214312928018871,2971.5354553686884,2971.3140240758867
2026-05-04 09:49:31.405424,0.42626691208062084,2971.961722280769,2971.405424185758
2026-05-04 09:49:31.420250,0.35674589696814457,2972.3184681777375,2971.420249870291
2026-05-04 09:49:31.713069,0.018851344657176777,2972.337319522395,2971.7130689982655
2026-05-04 09:49:31.848855,0.3929299529638456,2972.7302494753585,2971.8488546300296
2026-05-04 09:49:32.253052,0.1936761219903391,2972.923925597349,2972.253052419332
2026-05-04 09:49:32.836512,0.21648868618381104,2973.1404142835327,2972.8365119795544
2026-05-04 09:49:33.421898,0.0996937241870346,2973.5215914575742,2973.421897733387
2026-05-04 09:49:33.479570,0.0005186296796369528,2973.522110087254,2973.4795699538035
2026-05-04 09:49:33.619099,0.32652887702571376,2973.945627705163,2973.6190988281373
2026-05-04 09:49:34.315008,0.21947160532150636,2974.534479476116,2974.3150078707945
2026-05-04 09:49:34.616473,0.0039023801472610497,2974.6203750560003,2974.616472675853
2026-05-04 09:49:35.913935,0.010704230975598758,2975.924639625811,2975.9139353948353
2026-05-04 09:49:36.018849,0.11522345190335864,2976.1340720838707,2976.0188486319676
2026-05-04 09:49:36.268298,0.29676052350430665,2976.5650582021904,2976.268297678686
2026-05-04 09:49:36.579074,0.008636771608616025,2976.587710836284,2976.5790740646753
2026-05-04 09:49:37.357549,0.0994448010854685,2977.456993598,2977.357548796914
2026-05-04 09:49:38.143320,0.06821514880353716,2978.2115350790455,2978.143319930242
2026-05-04 09:49:38.761056,0.0980466276380285,2978.8591023075487,2978.761055679911
2026-05-04 09:49:38.858751,0.6535028051501313,2979.512605112699,2978.858750919142
2026-05-04 09:49:39.435562,0.06244100245487586,2979.575046115154,2979.4355624843097
2026-05-04 09:49:39.522135,0.1551622886338059,2979.7302084037874,2979.5221352618637
2026-05-04 09:49:39.532604,0.27043609136817265,2980.0006444951555,2979.5326035082326
2026-05-04 09:49:39.837259,0.2536309031894533,2980.254275398345,2979.8372593929107
2026-05-04 09:49:40.082442,0.5738546013533143,2980.828129999698,2980.0824415653474
2026-05-04 09:49:40.140891,0.1017052901812914,2980.929835289879,2980.1408909029105
2026-05-04 09:49:41.551467,0.16071713713369074,2981.712184597367,2981.551467460233
2026-05-04 09:49:41.769178,0.10084925570055503,2981.870027423914,2981.7691781682133
2026-05-04 09:49:41.992947,0.11195171597755008,2982.104899187349,2981.9929474713713
2026-05-04 09:49:42.619579,0.009708638478240788,2982.629287221601,2982.619578583123
2026-05-04 09:49:42.814161,0.02302978441324131,2982.83719050945,2982.814160725037
2026-05-04 09:49:43.372613,0.06457032579695596,2983.437183586396,2983.372613260599
2026-05-04 09:49:43.417050,0.0966382362695761,2983.5338218226652,2983.4170495863023
2026-05-04 09:49:43.973316,0.06788914808550829,2984.04120469546,2983.973315547374
2026-05-04 09:49:44.338225,0.16799781642559405,2984.5062224542926,2984.338224637867
2026-05-04 09:49:45.045851,0.08800767339500715,2985.133858993094,2985.0458513196986
2026-05-04 09:49:46.879474,0.3421171383474286,2987.2215911978606,2986.879474059513
2026-05-04 09:49:47.263678,0.3193254161581729,2987.5830033523735,2987.263677936215
2026-05-04 09:49:47.911690,0.021541674317206872,2987.933231785064,2987.911690110747
2026-05-04 09:49:48.912107,0.08700224837006314,2988.999109329113,2988.9121070807428
2026-05-04 09:49:49.178484,0.033089350513864406,2989.2115737643167,2989.178484413803
2026-05-04 09:49:49.262473,0.24818213770964098,2989.510655182666,2989.2624730449566
2026-05-04 09:49:49.391190,0.20140054230130364,2989.7120557249673,2989.3911896211825
2026-05-04 09:49:49.640568,0.13595035816955753,2989.8480060831366,2989.6405676906256
2026-05-04 09:49:50.059138,0.1218273379994635,2990.1809650642836,2990.059137726284
2026-05-04 09:49:50.069499,0.1311778519840423,2990.3121429162675,2990.069499071121
2026-05-04 09:49:50.346849,0.43140135359536835,2990.7782505067003,2990.346849153105
2026-05-04 09:49:50.414757,0.43123159066389055,2991.2094820973643,2990.414756985376
2026-05-04 09:49:50.810529,0.0745047276844472,2991.283986825049,2990.8105292477917
2026-05-04 09:49:50.972628,0.24199458407861854,2991.525981409128,2990.9726278693215
2026-05-04 09:49:51.234662,0.15686803574799346,2991.682849444876,2991.2346623772282
2026-05-04 09:49:51.761092,0.10873155693086106,2991.869824016183,2991.7610924592523
2026-05-04 09:49:52.068317,0.8418889542169835,2992.910205984072,2992.0683170298553
2026-05-04 09:49:52.233603,0.05682457281968304,2992.9670305568916,2992.23360349438
2026-05-04 09:49:52.329742,0.15667704685530098,2993.123707603747,2992.3297423745134
2026-05-04 09:49:52.942864,0.04476164647586836,2993.1684692502226,2992.942864492728
2026-05-04 09:49:53.166744,0.053120151394915105,2993.2215894016176,2993.1667435007275
2026-05-04 09:49:53.200248,0.07814599646308129,2993.299735398081,2993.2002479879684
2026-05-04 09:49:53.505675,0.18755320401619147,2993.6932280528727,2993.5056748488564
2026-05-04 09:49:53.566597,0.05786637482965808,2993.7510944277024,2993.5665971514086
2026-05-04 09:49:53.680763,0.0013408444286755463,2993.752435272131,2993.6807632063633
2026-05-04 09:49:53.892458,0.04758954128803357,2993.9400480185504,2993.8924584772626
2026-05-04 09:49:54.600335,0.01109838976831726,2994.6114335335114,2994.600335143743
2026-05-04 09:49:54.750585,0.05348913032911267,2994.8040739512476,2994.7505848209184
2026-05-04 09:49:55.293534,0.3780020595195879,2995.671535957876,2995.2935338983566
2026-05-04 09:49:55.568086,0.13470141233966096,2995.806237370216,2995.5680857449292
2026-05-04 09:49:56.084528,0.023107054212234426,2996.107634597521,2996.084527543309
2026-05-04 09:49:56.425002,0.15055040479617807,2996.5755523529556,2996.425001948159
2026-05-04 09:49:56.690232,0.7793934702000465,2997.469625852923,2996.690232382723
2026-05-04 09:49:56.841090,0.3269848755461873,2997.796610728469,2996.8410897631775
2026-05-04 09:49:57.216143,0.06450640580576132,2997.861117134275,2997.2161426546168
2026-05-04 09:49:57.460207,0.20141378168563367,2998.0625309159605,2997.460207279422
2026-05-04 09:49:57.619422,0.0581461129440522,2998.1206770289045,2997.6194216713307
2026-05-04 09:49:58.848989,0.0015356281534271094,2998.8505243541535,2998.8489887260002
2026-05-04 09:49:59.899011,0.032722159487648526,2999.9317334339275,2999.89901127444
2026-05-04 09:50:00.191103,0.5731254417481251,3000.764227954963,3000.191102513215
2026-05-04 09:50:00.379869,0.031053966415214764,3000.7952819213783,3000.379868783626
2026-05-04 09:50:00.719493,0.18800913666997732,3000.9832910580485,3000.7194927037667
2026-05-04 09:50:00.765913,0.07927692632104143,3001.0625679843697,3000.765912980402
2026-05-04 09:50:00.907737,0.6619464951665658,3001.724514479536,3000.9077365118733
2026-05-04 09:50:01.088236,0.09456563209236664,3001.8190801116284,3001.0882361440467
2026-05-04 09:50:01.669184,0.00014437117539265254,3001.8192244828037,3001.6691836874174
2026-05-04 09:50:02.826651,0.033877923629483685,3002.860529042453,3002.8266511188235
2026-05-04 09:50:03.769334,0.12449619937799135,3003.893830168408,3003.76933396903
2026-05-04 09:50:03.889451,0.16880863146582029,3004.0626387998736,3003.8894512683637
2026-05-04 09:50:05.627464,0.01536028509882166,3005.642824453712,3005.627464168613
2026-05-04 09:50:05.689687,0.03275457564360812,3005.722441853387,3005.6896872777434
2026-05-04 09:50:05.734556,0.16692584571171704,3005.901482139758,3005.7345562940463
2026-05-04 09:50:05.774222,0.18779291184534036,3006.0892750516036,3005.7742217196014
2026-05-04 09:50:05.871891,0.00505004907105874,3006.0943251006747,3005.8718913899143
2026-05-04 09:50:06.688452,0.4086138374415582,3007.097065743913,3006.6884519064715
2026-05-04 09:50:06.756149,0.6257833147590923,3007.722849058672,3006.756149405944
2026-05-04 09:50:07.249041,0.0021236618675729477,3007.72497272054,3007.249041493322
2026-05-04 09:50:07.430219,0.0681096783132804,3007.793082398853,3007.4302193912804
2026-05-04 09:50:07.619298,1.0961485996473583,3008.8892309985004,3007.619297879508
2026-05-04 09:50:08.886834,0.02401543601834223,3008.913246434519,3008.8868342669875
2026-05-04 09:50:10.107911,0.0988316400971062,3010.2067424981806,3010.1079108580834
2026-05-04 09:50:10.162518,0.1796319218984557,3010.386374420079,3010.162517519826
2026-05-04 09:50:10.260239,0.017273667523627002,3010.4036480876025,3010.2602385556224
2026-05-04 09:50:11.307914,0.008322365114923706,3011.3162367350096,3011.3079143698947
2026-05-04 09:50:11.744298,0.09759486623798003,3011.8418928865503,3011.7442980203123
2026-05-04 09:50:11.897391,0.08170115273860046,3011.9790919985257,3011.897390845787
2026-05-04 09:50:13.030106,0.7411205345628862,3013.77122699679,3013.030106462227
2026-05-04 09:50:14.246898,0.3376091139118882,3014.5845067468886,3014.2468976329765
2026-05-04 09:50:14.292455,0.27745955504112,3014.86196630193,3014.292454822169
2026-05-04 09:50:14.961973,0.3197543169532039,3015.2817273174373,3014.9619730004842
2026-05-04 09:50:15.185451,0.03572657962557344,3015.317453897063,3015.1854511937563
2026-05-04 09:50:15.503660,0.5865349259578562,3016.0901949407553,3015.5036600147973
2026-05-04 09:50:16.014193,0.06368288546162397,3016.153877826217,3016.014192519159
2026-05-04 09:50:16.690099,0.15624845840560453,3016.8463477218943,3016.6900992634887
2026-05-04 09:50:17.056026,0.13914825243564943,3017.1951745631013,3017.056026310666
2026-05-04 09:50:17.469168,0.29533171147759946,3017.7644999558033,3017.469168244326
2026-05-04 09:50:17.555008,0.09781525104321796,3017.8623152068467,3017.5550083987637
2026-05-04 09:50:17.715809,0.08139407691824432,3017.9437092837647,3017.7158087824637
2026-05-04 09:50:17.732350,0.10907841483907801,3018.052787698604,3017.73234986553
2026-05-04 09:50:17.766322,0.015146139947590904,3018.0679338385517,3017.766322424962
2026-05-04 09:50:17.848750,0.22606390840101578,3018.2939977469528,3017.8487499538146
2026-05-04 09:50:18.075886,0.0384216326872262,3018.3324193796398,3018.0758858225468
2026-05-04 09:50:18.468397,0.2699587441737391,3018.7383556351106,3018.4683968909367
2026-05-04 09:50:18.519110,0.08034644501568494,3018.818702080126,3018.519109973251
2026-05-04 09:50:18.955838,0.11459731031545056,3019.070435189548,3018.9558378792326
2026-05-04 09:50:19.208440,0.2912473311187744,3019.4996872261354,3019.2084398950165
2026-05-04 09:50:19.247845,0.1894392980151678,3019.6891265241507,3019.2478448078896
2026-05-04 09:50:19.717209,0.0266486543976236,3019.743857233141,3019.7172085787433
2026-05-04 09:50:19.820169,0.09604194752730161,3019.9162108072533,3019.820168859726
2026-05-04 09:50:19.968634,0.5870747199459535,3020.555708228149,3019.968633508203
2026-05-04 09:50:20.048342,0.6546439373131173,3021.210352165462,3020.0483416917205
2026-05-04 09:50:20.972572,0.9284175285813918,3022.1387696940437,3020.9725723814618
2026-05-04 09:50:21.193646,0.047663234668309094,3022.186432928712,3021.193645836282
2026-05-04 09:50:21.687465,0.019089599659766473,3022.2055225283716,3021.687465137662
2026-05-04 09:50:21.882495,0.45451849138192124,3022.6600410197534,3021.8824948743936
2026-05-04 09:50:22.042269,0.33622698008194624,3022.9962679998353,3022.0422691590093
2026-05-04 09:50:22.682518,0.23598916817598825,3023.232257168011,3022.682518418678
2026-05-04 09:50:22.893975,0.058578383539126845,3023.29083555155,3022.8939747660274
2026-05-04 09:50:24.322931,0.01954529295907569,3024.342476648685,3024.322931355726
2026-05-04 09:50:24.472032,0.12435117762118708,3024.5963829351826,3024.4720317575616
2026-05-04 09:50:24.484281,0.19121962635825315,3024.787602561541,3024.4842813162268
2026-05-04 09:50:24.720672,0.17197437665629572,3024.959576938197,3024.7206718548437
2026-05-04 09:50:24.774279,0.15526760451270694,3025.1148445427098,3024.7742787658385
2026-05-04 09:50:25.591059,0.1899649727989256,3025.7810238700104,3025.5910588972115
2026-05-04 09:50:26.360874,0.1287154474201467,3026.4895889782856,3026.3608735308653
2026-05-04 09:50:27.089205,0.06170635266678544,3027.150911450878,3027.089205098211
2026-05-04 09:50:27.270935,0.6283319846622805,3027.899266584034,3027.270934599372
2026-05-04 09:50:27.295273,0.07168830496527231,3027.9709548889996,3027.295272942233
2026-05-04 09:50:27.835007,0.02347982774216226,3027.9944347167416,3027.8350074594055
2026-05-04 09:50:27.896785,0.005974727189559677,3028.000409443931,3027.8967852971527
2026-05-04 09:50:28.904203,0.14969419273969567,3029.0538970257057,3028.904202832966
2026-05-04 09:50:30.267516,0.2817031946733487,3030.5492187978784,3030.267515603205
2026-05-04 09:50:31.070874,0.05105449825745605,3031.1219283149558,3031.070873816698
2026-05-04 09:50:31.709346,0.027102875105882447,3031.7364491231915,3031.7093462480857
2026-05-04 09:50:32.138551,0.03991960654786606,3032.1784704277457,3032.138550821198
2026-05-04 09:50:32.696306,0.14802773051009763,3032.844333677329,3032.696305946819
2026-05-04 09:50:32.732454,0.35023550854286234,3033.194569185872,3032.7324544926105
2026-05-04 09:50:32.813196,0.06575609196239816,3033.2603252778345,3032.813196467218
2026-05-04 09:50:32.849445,0.06076376595530585,3033.32108904379,3032.8494452933996
2026-05-04 09:50:33.332883,0.06429014886363914,3033.3971736134527,3033.332883464589
2026-05-04 09:50:34.294017,0.5573111625796164,3034.8513280288244,3034.294016866245
2026-05-04 09:50:34.723807,0.052047590080684936,3034.903375618905,3034.723806966542
2026-05-04 09:50:34.874826,0.01963221333806104,3034.923007832243,3034.8748261965784
2026-05-04 09:50:35.098712,0.11864889831174384,3035.2173612896495,3035.098712391338
2026-05-04 09:50:35.377440,0.0035528309930938254,3035.3809929328104,3035.3774401018172
2026-05-04 09:50:35.600130,0.01956585387937464,3035.619695879527,3035.600130025648
2026-05-04 09:50:35.953202,0.0035705680162453806,3035.9567727927147,3035.9532022246985
2026-05-04 09:50:36.597134,0.07828693774510365,3036.675421070838,3036.5971341330933
2026-05-04 09:50:36.715913,0.03986863009849007,3036.7557817777665,3036.715913147668
2026-05-04 09:50:37.357620,0.505866609118599,3037.863487011099,3037.3576204019805
2026-05-04 09:50:38.208355,0.3355332452876662,3038.54388807004,3038.2083548247524
2026-05-04 09:50:38.258070,0.018998841523923827,3038.562886911564,3038.258069908282
2026-05-04 09:50:38.711112,0.0355079038869577,3038.746619638774,3038.7111117348873
2026-05-04 09:50:39.341640,0.11062464797785126,3039.4522646009946,3039.3416399530165
2026-05-04 09:50:39.696240,0.2872601027694987,3039.983499671066,3039.6962395682967
2026-05-04 09:50:40.510818,0.36040960967983643,3040.871227904042,3040.5108182943623
2026-05-04 09:50:40.891792,0.09207465938647155,3040.9838664152244,3040.891791755838
2026-05-04 09:50:40.953892,0.0010250445123638793,3040.984891459737,3040.95389170949
2026-05-04 09:50:41.031658,0.022300219572056967,3041.0539582322317,3041.0316580126596
2026-05-04 09:50:41.146312,0.3636668912910456,3041.509978542029,3041.146311650738
2026-05-04 09:50:41.323558,0.049453239337163335,3041.559431781366,3041.323557869183
2026-05-04 09:50:41.760088,0.33606033348944414,3042.0961487517666,3041.760088418277
2026-05-04 09:50:42.417061,0.10470784113545645,3042.521769240349,3042.4170613992133
2026-05-04 09:50:42.499592,0.1387997112803286,3042.660568951629,3042.4995915547415
2026-05-04 09:50:42.527304,0.16181853497095625,3042.8223874866,3042.5273037658376
2026-05-04 09:50:42.683697,0.0008978081959488715,3042.823285294796,3042.683696886906
2026-05-04 09:50:43.344212,0.39763431503814367,3043.7418465402416,3043.3442122252036
2026-05-04 09:50:43.361093,0.3211030959561353,3044.0629496361976,3043.361093142369
2026-05-04 09:50:43.637787,0.03267309921922372,3044.095622735417,3043.637786776135
2026-05-04 09:50:43.701764,0.09099762943886254,3044.1866203648556,3043.7017637302574
2026-05-04 09:50:45.031256,0.487603267107195,3045.5188591592573,3045.03125589215
2026-05-04 09:50:45.542428,0.5558967425286687,3046.098324844514,3045.5424281019855
2026-05-04 09:50:45.581478,0.04423421079794268,3046.142559055312,3045.5814782961634
2026-05-04 09:50:46.467915,0.2991009897210002,3046.767016154153,3046.4679151644323
2026-05-04 09:50:46.755551,0.39400695209616765,3047.1610231062496,3046.7555505083087
2026-05-04 09:50:47.044082,0.20645620999691003,3047.3674793162463,3047.0440815495485
2026-05-04 09:50:47.392747,0.37701931103009917,3047.769765874994,3047.392746563964
2026-05-04 09:50:47.562700,0.11602169602739412,3047.8857875710214,3047.562699851893
2026-05-04 09:50:48.771794,0.09609845982555022,3048.867892515097,3048.7717940552716
2026-05-04 09:50:49.777547,0.19423105545840744,3049.9717778432923,3049.777546787834
2026-05-04 09:50:50.038002,0.15770703870653402,3050.1957090329493,3050.0380019942427
2026-05-04 09:50:50.090175,0.338934040817752,3050.534643073767,3050.0901748593983
2026-05-04 09:50:50.970181,0.16303774386278902,3051.1332187072708,3050.970180963408
2026-05-04 09:50:52.300203,0.34947636861209297,3052.6496796491715,3052.3002032805593
2026-05-04 09:50:52.397157,0.27187865663796873,3052.9215583058094,3052.3971572422747
2026-05-04 09:50:52.471150,0.39253986889486137,3053.314098174704,3052.471149711689
2026-05-04 09:50:52.600549,0.30280520735631833,3053.6169033820606,3052.6005485677983
2026-05-04 09:50:52.841888,0.06506594715998255,3053.6819693292205,3052.8418883982445
2026-05-04 09:50:52.848727,0.07303636863374428,3053.7550056978544,3052.8487270024425
2026-05-04 09:50:52.928677,0.1495907753909535,3053.9045964732454,3052.928677339487
2026-05-04 09:50:53.245684,0.0902051113955377,3053.9948015846408,3053.245684011373
2026-05-04 09:50:53.729132,0.3822224619240935,3054.3770240465647,3053.7291323706513
2026-05-04 09:50:53.824064,0.2173639398968908,3054.5943879864617,3053.824063758026
2026-05-04 09:50:54.063940,0.20572282820046733,3054.8001108146623,3054.063939512717
2026-05-04 09:50:54.504654,0.23249152838584758,3055.032602343048,3054.5046544434476
2026-05-04 09:50:54.576053,0.012658958661214048,3055.045261301709,3054.576052511981
2026-05-04 09:50:54.950427,0.5516156072104262,3055.5968769089195,3054.950427049587
2026-05-04 09:50:56.027657,0.17230368394013643,3056.199960613155,3056.0276569292146
2026-05-04 09:50:56.224166,0.017310658291167954,3056.2414766093507,3056.2241659510596
2026-05-04 09:50:56.441673,0.7122760479422697,3057.153949047545,3056.441672999603
2026-05-04 09:50:56.564305,0.21856764113205399,3057.3725166886775,3056.5643048707634
2026-05-04 09:50:56.691159,0.07575165723778486,3057.448268345915,3056.691158979385
2026-05-04 09:50:56.762975,0.7197281639937464,3058.167996509909,3056.7629750915016
2026-05-04 09:50:57.091695,0.04057876831628142,3058.208575278225,3057.0916954656623
2026-05-04 09:50:57.423193,0.027243582096848292,3058.235818860322,3057.4231928815993
2026-05-04 09:50:57.468586,0.11936972924374474,3058.355188589566,3057.468585564496
2026-05-04 09:50:57.803504,0.11940840974196465,3058.474596999308,3057.803504041588
2026-05-04 09:50:57.824423,0.07160857943098123,3058.546205578739,3057.8244233382848
2026-05-04 09:50:58.124656,0.2845565610650164,3058.830762139804,3058.124656480146
2026-05-04 09:50:58.181323,0.07889588139065085,3058.9096580211944,3058.181322543073
2026-05-04 09:50:59.102892,0.03161365344341503,3059.1345053115997,3059.1028916581563
2026-05-04 09:50:59.293686,0.09260116744951183,3059.38628753671,3059.2936863692603
2026-05-04 09:50:59.950403,0.024486425963816318,3059.97488926196,3059.950402835996
2026-05-04 09:50:59.976981,0.6253213765253975,3060.602302453134,3059.976981076609
2026-05-04 09:51:00.171611,0.07510164345543502,3060.6774040965897,3060.171611203081
2026-05-04 09:51:00.483989,0.19732902287496348,3060.8747331194645,3060.483988544054
2026-05-04 09:51:00.939265,0.1946229941957969,3061.1338875176875,3060.9392645234916
2026-05-04 09:51:01.105903,0.550996084592373,3061.68488360228,3061.105903338035
2026-05-04 09:51:01.148122,0.18009691098396055,3061.864980513264,3061.1481218562053
2026-05-04 09:51:02.680254,0.08494115932825942,3062.765195213432,3062.680254054104
2026-05-04 09:51:02.707490,0.007752634168221438,3062.7729478476003,3062.7074896034774
2026-05-04 09:51:03.480965,0.010314305285956015,3063.4912790231765,3063.4809647178904
2026-05-04 09:51:03.685478,0.21578586382691972,3063.901263580013,3063.685477716186
2026-05-04 09:51:04.592545,0.2648661979879201,3064.857410708923,3064.592544510935
2026-05-04 09:51:04.848780,0.46760367484207105,3065.325014383765,3064.84878049815
2026-05-04 09:51:05.180039,0.12111163509932965,3065.446126018864,3065.180038557627
2026-05-04 09:51:05.623116,0.0067002851477959,3065.6298158564205,3065.6231155712726
2026-05-04 09:51:06.045880,0.002449727849360553,3066.048329354554,3066.0458796267044
2026-05-04 09:51:06.500806,0.08023874720644802,3066.5810446806763,3066.50080593347
2026-05-04 09:51:08.223649,0.040418306361747175,3068.2640671329655,3068.2236488266035
2026-05-04 09:51:08.509670,0.09010451572269434,3068.59977455962,3068.5096700438976
2026-05-04 09:51:08.560891,0.26899214587210846,3068.8687667054924,3068.560890761349
2026-05-04 09:51:08.566712,0.015249700687275092,3068.88401640618,3068.5667118315973
2026-05-04 09:51:08.568936,0.20078343358465817,3069.0847998397644,3068.568935717038
2026-05-04 09:51:08.978513,0.00751571828096992,3069.0923155580454,3068.9785133169116
2026-05-04 09:51:09.388822,0.003794787445896715,3069.3926166866013,3069.3888218991556
2026-05-04 09:51:10.880771,0.16498090677082175,3071.0457517259943,3070.8807708192235
2026-05-04 09:51:11.080633,0.08734698269657311,3071.1679802823774,3071.080633299681
2026-05-04 09:51:11.343296,0.0644775946453128,3071.4077736973527,3071.3432961027074
2026-05-04 09:51:11.714589,0.15489235702568854,3071.869481467714,3071.7145891106884
2026-05-04 09:51:11.912685,0.3396189180177964,3072.2523042280045,3071.9126853099865
2026-05-04 09:51:12.109204,0.5494939194675507,3072.8017981474723,3072.109204091321
2026-05-04 09:51:13.205624,0.006124557788790461,3073.211748915689,3073.2056243579
2026-05-04 09:51:13.433971,0.03217052201896412,3073.46614176336,3073.433971241341
2026-05-04 09:51:13.465393,0.14756820009498026,3073.613709963455,3073.4653934891326
2026-05-04 09:51:13.469171,0.6118522383465003,3074.2255622018015,3073.4691713846078
2026-05-04 09:51:13.532458,0.3151112171839053,3074.5406734189855,3073.532458245886
2026-05-04 09:51:13.622326,0.08120049232868214,3074.621873911314,3073.622325914038
2026-05-04 09:51:14.609047,0.157083961263665,3074.778957872578,3074.609047242961
2026-05-04 09:51:14.629359,0.012474324663953417,3074.7914321972416,3074.6293586563443
2026-05-04 09:51:14.688004,0.06116372425868132,3074.8525959215003,3074.6880037067713
2026-05-04 09:51:14.850487,0.12091819937709498,3074.9735141208776,3074.8504869437293
2026-05-04 09:51:14.952164,0.003970841641157405,3074.9774849625187,3074.9521643613557
2026-05-04 09:51:15.218558,0.20010024184816944,3075.4186587308773,3075.218558489029
2026-05-04 09:51:16.018848,0.03345449799698725,3076.0523022320785,3076.0188477340816
2026-05-04 09:51:17.040810,0.4058480132466813,3077.44665832158,3077.040810308333
2026-05-04 09:51:17.203044,0.09172543903026582,3077.53838376061,3077.203043598332
2026-05-04 09:51:17.388313,0.11688416631037311,3077.6552679269203,3077.3883127403474
2026-05-04 09:51:17.759861,0.3449108394877951,3078.104771345816,3077.759860506328
2026-05-04 09:51:17.786145,0.11764720645296423,3078.222418552269,3077.7861447902037
2026-05-04 09:51:18.542100,0.13551510096430125,3078.6776151945764,3078.542100093612
2026-05-04 09:51:18.660560,0.039729604114315996,3078.7173447986906,3078.6605598730243
2026-05-04 09:51:19.291031,0.5295398844738156,3079.8205706312137,3079.29103074674
2026-05-04 09:51:19.994245,1.532916081955559,3081.5271608603803,3079.9942447784247
2026-05-04 09:51:20.057935,0.04792914053603023,3081.575090000916,3080.0579349403847
2026-05-04 09:51:20.639417,0.13488030416253757,3081.7099703050785,3080.639416548612
2026-05-04 09:51:20.668816,0.010323894797423816,3081.7202941998758,3080.6688160706476
2026-05-04 09:51:20.797484,0.009415531717566494,3081.729709731593,3080.797483897638
2026-05-04 09:51:21.452110,0.09095618950210889,3081.8206659210955,3081.4521098112823
2026-05-04 09:51:21.557851,0.20896102608010156,3082.0296269471755,3081.5578506412066
2026-05-04 09:51:22.024989,0.029132941824576854,3082.058759889,3082.024988608106
2026-05-04 09:51:22.362190,0.7418533306979945,3083.104043259699,3082.362189929001
2026-05-04 09:51:22.620688,0.035400744096568626,3083.1394440037957,3082.6206879810766
2026-05-04 09:51:22.652886,0.527458558228978,3083.6669025620245,3082.6528858868082
2026-05-04 09:51:23.374292,0.3442436185918885,3084.0111461806164,3083.374291601991
2026-05-04 09:51:24.251758,0.08732111543038822,3084.3390791164315,3084.2517580010012
2026-05-04 09:51:24.628401,0.4089230176961025,3085.037323730378,3084.628400712682
2026-05-04 09:51:24.648225,0.3856390682636378,3085.4229627986415,3084.6482247106637
2026-05-04 09:51:25.047287,0.6365546422792139,3086.059517440921,3085.0472870910253
2026-05-04 09:51:25.437580,0.24651091519087684,3086.3060283561117,3085.43758002759
2026-05-04 09:51:25.485277,0.06823041512141671,3086.374258771233,3085.4852766511603
2026-05-04 09:51:25.564608,0.002989463686233909,3086.3772482349195,3085.564607994503
2026-05-04 09:51:25.779987,0.5713837265977916,3086.9486319615175,3085.779987181262
2026-05-04 09:51:26.023342,0.1739020581572964,3087.1225340196747,3086.023342429101
2026-05-04 09:51:26.183157,0.17803793993128225,3087.300571959606,3086.183157065803
2026-05-04 09:51:26.372404,0.8378711594545165,3088.1384431190604,3086.3724041376067
2026-05-04 09:51:26.806610,0.10230656571842581,3088.2407496847786,3086.8066100471897
2026-05-04 09:51:26.926261,0.3606935089055683,3088.601443193684,3086.9262610602627
2026-05-04 09:51:27.121683,0.013398770862997312,3088.6148419645474,3087.1216832676964
2026-05-04 09:51:27.516572,0.1298539070402168,3088.7446958715877,3087.5165719032652
2026-05-04 09:51:27.568914,0.043435299607766396,3088.7881311711953,3087.5689140160202
2026-05-04 09:51:28.151347,0.1100600515310283,3088.8981912227264,3088.1513466871434
2026-05-04 09:51:28.504370,0.022767888605672793,3088.920959111332,3088.5043698835966
2026-05-04 09:51:28.990857,0.024066247231871285,3089.0149231234304,3088.9908568761984
2026-05-04 09:51:29.843383,0.09236379293440311,3089.93574727296,3089.8433834800253
2026-05-04 09:51:30.014703,0.42022371535222797,3090.43492639881,3090.014702683458
2026-05-04 09:51:30.132704,0.23505774894838027,3090.6699841477584,3090.132704473431
2026-05-04 09:51:30.245491,0.45858367954373763,3091.128567827302,3090.2454911915606
2026-05-04 09:51:30.304753,0.08596382657190978,3091.214531653874,3090.3047530700437
2026-05-04 09:51:30.315590,0.12554657318930973,3091.3400782270633,3090.315590048925
2026-05-04 09:51:31.037294,0.16948214664642128,3091.5095603737095,3091.0372942960116
2026-05-04 09:51:31.569976,0.2433707557853204,3091.813346921526,3091.5699761657406
2026-05-04 09:51:31.890557,0.16658670007573037,3092.0571432559145,3091.890556555839
2026-05-04 09:51:32.392086,0.0615587702591393,3092.4536442806466,3092.3920855103875
2026-05-04 09:51:32.451326,0.07634973130171356,3092.5299940119485,3092.451326217261
2026-05-04 09:51:33.089714,0.05406563831149085,3093.143779495326,3093.0897138570144
2026-05-04 09:51:34.488611,0.03844883183608874,3094.52705979901,3094.4886109671743
2026-05-04 09:51:34.858249,0.2978402365156436,3095.156089098236,3094.8582488617203
2026-05-04 09:51:36.250403,0.18710978221842012,3096.4375131937936,3096.250403411575
2026-05-04 09:51:36.756201,0.1486761632586302,3096.9048769852006,3096.756200821942
2026-05-04 09:51:36.878263,0.1313177469637263,3097.0361947321644,3096.8782631637077
2026-05-04 09:51:37.118212,0.013538714900128111,3097.13175057244,3097.11821185754
2026-05-04 09:51:37.213729,0.10150960719742297,3097.3152390476225,3097.213729440425
2026-05-04 09:51:37.626073,0.28254508530382844,3097.908618288668,3097.6260732033643
2026-05-04 09:51:38.057923,0.009578885208886894,3098.067501473217,3098.057922588008
2026-05-04 09:51:38.110628,0.3677324599011558,3098.4783606002584,3098.110628140357
2026-05-04 09:51:39.270468,0.14247557949672213,3099.4129439476224,3099.2704683681254
2026-05-04 09:51:39.340296,0.13039133607796768,3099.5433352837003,3099.340296389749
2026-05-04 09:51:40.673882,0.550249005832966,3101.2241314439425,3100.6738824381096
2026-05-04 09:51:41.137739,1.0096820113832403,3102.2338134553256,3101.1377393929206
2026-05-04 09:51:41.503139,0.046639372413609284,3102.2804528277393,3101.503139116661
2026-05-04 09:51:41.636973,0.1483735230479892,3102.4288263507874,3101.636972525575
2026-05-04 09:51:42.065967,0.8447713379365658,3103.273597688724,3102.065966902512
2026-05-04 09:51:42.180859,0.11127387001460338,3103.3848715587383,3102.180858752546
2026-05-04 09:51:42.805177,0.4481661088889679,3103.833037667627,3102.805176520479
2026-05-04 09:51:42.908523,0.6931304908352972,3104.5261681584625,3102.9085229001644
2026-05-04 09:51:43.038318,0.07307152739279048,3104.599239685855,3103.0383181238894
2026-05-04 09:51:43.151665,0.5283569237479542,3105.127596609603,3103.15166469424
2026-05-04 09:51:43.168641,0.09041906942823749,3105.2180156790314,3103.168641006575
2026-05-04 09:51:43.914130,0.11094410366887669,3105.3289597827,3103.914129694708
2026-05-04 09:51:44.258615,0.01760574727492219,3105.346565529975,3104.2586150544817
2026-05-04 09:51:44.352209,0.01760662106260463,3105.3641721510376,3104.352209469282
2026-05-04 09:51:44.395891,0.08198243920002239,3105.4461545902377,3104.395891452931
2026-05-04 09:51:44.709297,0.9823574137426478,3106.4285120039804,3104.709296894412
2026-05-04 09:51:45.826035,0.009002931513774832,3106.437514935494,3105.826034780064
2026-05-04 09:51:46.353760,0.2856562312257493,3106.72317116672,3106.353759792387
2026-05-04 09:51:46.463414,0.07046864438341692,3106.7936398111033,3106.4634137214534
2026-05-04 09:51:46.535579,0.5669497521028225,3107.3605895632063,3106.5355791821607
2026-05-04 09:51:46.968933,0.15709364013844224,3107.517683203345,3106.96893293923
2026-05-04 09:51:47.065671,0.038359707355996274,3107.556042910701,3107.0656709728214
2026-05-04 09:51:47.188055,0.06472167244683844,3107.620764583148,3107.1880547941596
2026-05-04 09:51:47.636528,0.2648971394837148,3107.901425546907,3107.636528407423
2026-05-04 09:51:47.752372,0.041227320098060745,3107.942652867005,3107.752371814998
2026-05-04 09:51:48.616568,0.0017943407560930477,3108.618362402167,3108.616568061411
2026-05-04 09:51:49.155373,0.3437627364035145,3109.49913610771,3109.1553733713063
2026-05-04 09:51:49.186297,0.08147319188618493,3109.5806092995963,3109.186297484582
2026-05-04 09:51:49.479796,0.004881892051643882,3109.585491191648,3109.4797963456945
2026-05-04 09:51:50.223034,0.005420571739263711,3110.228454138361,3110.223033566622
2026-05-04 09:51:50.665208,0.18287249858206,3110.848080809933,3110.665208311351
2026-05-04 09:51:50.842509,0.0005482808710802317,3110.848629090804,3110.8425090181545
2026-05-04 09:51:50.865861,0.09888447832838207,3110.964745891563,3110.8658614132346
2026-05-04 09:51:51.431615,0.22891793971806568,3111.6605325275946,3111.4316145878765
2026-05-04 09:51:51.530789,0.10143878631818948,3111.761971313913,3111.530788625228
2026-05-04 09:51:51.852941,0.13087038529206882,3111.983811152783,3111.852940767491
2026-05-04 09:51:51.869687,0.3532946717463006,3112.3371058245293,3111.869686788716
2026-05-04 09:51:52.118621,0.23139371061509767,3112.5684995351444,3112.1186205733966
2026-05-04 09:51:53.144681,0.2988020069336449,3113.443483150135,3113.144681143201
2026-05-04 09:51:54.406375,0.04187386415532594,3114.4482493166124,3114.4063754524573
2026-05-04 09:51:54.486537,0.32295150609915885,3114.809488766152,3114.4865372600525
2026-05-04 09:51:54.665136,0.6525013922173143,3115.461990158369,3114.6651358841586
2026-05-04 09:51:55.121476,0.2142797658147323,3115.676269924184,3115.1214756312497
2026-05-04 09:51:55.609220,0.02444444821394105,3115.700714372398,3115.609219812973
2026-05-04 09:51:55.851828,0.08000241648467568,3115.9318303247637,3115.851827908279
2026-05-04 09:51:56.414556,0.29292916754492193,3116.7074851441484,3116.4145559766034
2026-05-04 09:51:57.147357,0.05836266411622487,3117.205719389701,3117.1473567255844
2026-05-04 09:51:57.221613,0.007694064557011201,3117.229307271034,3117.221613206477
2026-05-04 09:51:58.115400,0.06362343656362987,3118.1790238775006,3118.115400440937
2026-05-04 09:51:58.273181,0.10715846014421536,3118.380339841529,3118.273181381385
2026-05-04 09:51:58.285166,0.0037180606073485517,3118.384057902136,3118.2851664694936
2026-05-04 09:51:58.671212,0.1912760350474006,3118.862488281491,3118.6712122464437
2026-05-04 09:51:59.569913,0.10105742749852796,3119.670970734998,3119.569913307499
2026-05-04 09:51:59.976400,0.04116147434234781,3120.0175616874403,3119.976400213098
2026-05-04 09:52:00.554452,0.007619368893214837,3120.562071231979,3120.554451863086
2026-05-04 09:52:01.714931,0.12992529739387323,3121.8448565914523,3121.7149312940583
2026-05-04 09:52:01.992347,0.25861077123571896,3122.25095824689,3121.9923474756542
2026-05-04 09:52:02.363846,0.46089133247221403,3122.824737266092,3122.36384593362
2026-05-04 09:52:02.368668,0.24403926190236738,3123.0687765279945,3122.368668411302
2026-05-04 09:52:02.808987,0.04494278452470372,3123.113719312519,3122.8089874937427
2026-05-04 09:52:03.117746,0.13225902423624117,3123.2500053739036,3123.1177463496674
2026-05-04 09:52:03.469686,0.7432519113079724,3124.2129382276553,3123.469686316347
2026-05-04 09:52:04.057301,0.0227451980546976,3124.23568342571,3124.0573014985584
2026-05-04 09:52:04.221133,0.020336944933706223,3124.2560203706435,3124.2211332139264
2026-05-04 09:52:04.429006,0.5012260070695385,3124.9302324038217,3124.4290063967524
2026-05-04 09:52:04.685601,0.09751791657551417,3125.0277503203974,3124.6856012339304
2026-05-04 09:52:04.984617,0.01930469901241408,3125.04705501941,3124.9846174730415
2026-05-04 09:52:05.073378,0.016281357361370378,3125.089659005423,3125.0733776480615
2026-05-04 09:52:05.334453,0.30064562611984147,3125.635098250882,3125.334452624762
2026-05-04 09:52:05.419293,0.05178792712577403,3125.6868861780076,3125.4192933192426
2026-05-04 09:52:05.930533,0.13098018025925753,3126.061512812039,3125.9305326317794
2026-05-04 09:52:06.233198,0.08960280367247375,3126.322800654786,3126.233197851114
2026-05-04 09:52:06.252584,0.20902773169439437,3126.5318283864804,3126.252583785805
2026-05-04 09:52:06.332892,0.21072777984437738,3126.742556166325,3126.33289185112
2026-05-04 09:52:06.492983,0.09290155438568821,3126.8354577207106,3126.4929828731397
2026-05-04 09:52:07.068553,0.3227975431295813,3127.3913501070188,3127.068552563889
2026-05-04 09:52:07.365088,0.02118978842585979,3127.4125398954448,3127.3650882387205
2026-05-04 09:52:07.765964,0.16905929100123493,3127.9350237100725,3127.765964419071
2026-05-04 09:52:07.791517,0.4378854345157079,3128.3729091445884,3127.791517326327
2026-05-04 09:52:07.874801,0.0022537045019115623,3128.3751628490904,3127.8748012822643
2026-05-04 09:52:08.145404,0.003190520828313965,3128.378353369919,3128.145403609346
2026-05-04 09:52:08.213101,0.35321511740123035,3128.73156848732,3128.2131011552383
2026-05-04 09:52:08.258922,0.3834315927392053,3129.1150000800594,3128.2589218838216
2026-05-04 09:52:08.448077,0.11882001273984755,3129.2338200927993,3128.448077237713
2026-05-04 09:52:08.576553,0.03187292971782997,3129.265693022517,3128.5765529439354
2026-05-04 09:52:08.618789,0.2455378505394682,3129.511230873057,3128.6187889894445
2026-05-04 09:52:08.730010,0.014975696431754303,3129.5262065694887,3128.7300096722415
2026-05-04 09:52:09.265692,0.037522948738940756,3129.563729518228,3129.265691766209
2026-05-04 09:52:09.892509,0.25361063247302634,3130.1461200226563,3129.8925093901835
2026-05-04 09:52:10.024872,0.12004349614181904,3130.2661635187983,3130.02487186953
2026-05-04 09:52:10.167021,0.37366185726068196,3130.639825376059,3130.1670205834475
2026-05-04 09:52:10.354995,0.04085183584285865,3130.6806772119016,3130.3549952295284
2026-05-04 09:52:10.896006,0.2678094476113958,3131.1638159425975,3130.896006494986
2026-05-04 09:52:11.172642,0.18816268925439625,3131.3608045513593,3131.1726418621047
2026-05-04 09:52:11.473332,0.449035492127662,3131.922367221717,3131.4733317295895
2026-05-04 09:52:11.606930,0.009057159430049156,3131.9314243811473,3131.606929691796
2026-05-04 09:52:11.818113,1.0441129542312908,3132.9755373353787,3131.818112535001
2026-05-04 09:52:12.045213,0.15720834433611147,3133.132745679715,3132.0452125547145
2026-05-04 09:52:12.088553,0.3005304789180179,3133.433276158633,3132.0885532185157
2026-05-04 09:52:12.305515,0.0659597066414107,3133.4992358652744,3132.3055152750526
2026-05-04 09:52:13.074628,0.04459934589268815,3133.543835211167,3133.0746283456942
2026-05-04 09:52:13.158888,0.25228017494329724,3133.79611538611,3133.1588881273187
2026-05-04 09:52:13.774947,0.20922407327723427,3134.0053394593874,3133.774946637898
2026-05-04 09:52:13.947103,0.04123677517181055,3134.0465762345593,3133.947103256547
2026-05-04 09:52:14.048804,0.5504787224233695,3134.599282535269,3134.0488038128456
2026-05-04 09:52:14.604148,0.1000069495102187,3134.704155130479,3134.604148180969
2026-05-04 09:52:15.064001,0.3531962478996936,3135.4171976873713,3135.0640014394717
2026-05-04 09:52:16.306529,0.11535293098310295,3136.421881763883,3136.3065288329
2026-05-04 09:52:16.739718,0.05928371606033263,3136.799001267707,3136.7397175516467
2026-05-04 09:52:16.898277,0.28735472164114706,3137.18563130167,3136.898276580029
2026-05-04 09:52:17.193170,0.20869231726286414,3137.401862085733,3137.19316976847
2026-05-04 09:52:17.644175,0.06845817223075305,3137.712632821919,3137.6441746496885
2026-05-04 09:52:18.752863,0.5888051863120163,3139.34166829117,3138.752863104858
2026-05-04 09:52:18.821031,0.39978273367720224,3139.7414510248473,3138.821031239852
2026-05-04 09:52:18.940825,0.09908779134801803,3139.8405388161955,3138.940825230522
2026-05-04 09:52:18.973594,0.012404587463545263,3139.852943403659,3138.973594367583
2026-05-04 09:52:19.106825,0.3435882236094603,3140.1965316272685,3139.1068251037686
2026-05-04 09:52:19.975839,0.07692090526548295,3140.273452532534,3139.9758386650906
2026-05-04 09:52:20.152537,0.026621403587328625,3140.3000739361214,3140.1525366025267
2026-05-04 09:52:20.407615,0.2647155204410336,3140.672331016503,3140.407615496062
2026-05-04 09:52:20.856500,0.009309293233211212,3140.865809072706,3140.8564997794724
2026-05-04 09:52:21.758494,0.03885354929229112,3141.7973476794164,3141.7584941301243
2026-05-04 09:52:21.943027,0.07437265615354319,3142.017399657738,3141.9430270015846
2026-05-04 09:52:22.179728,0.14471591633195027,3142.324443662357,3142.1797277460255
2026-05-04 09:52:23.073666,0.25559106664874137,3143.3292566713235,3143.0736656046747
2026-05-04 09:52:23.221674,0.6586787161361264,3143.9879353874594,3143.2216735584657
2026-05-04 09:52:23.892615,0.1303386443105738,3144.11827403177,3143.8926147429192
2026-05-04 09:52:24.000228,0.07468956131362349,3144.1929635930837,3144.000227580388
2026-05-04 09:52:24.549109,0.3443919428269416,3144.8935013820555,3144.5491094392287
2026-05-04 09:52:24.698125,0.059733853140678944,3144.953235235196,3144.6981247488175
2026-05-04 09:52:24.994042,0.03164201424077861,3145.0256835504333,3144.9940415361925
2026-05-04 09:52:24.995898,0.03710458329523495,3145.0627881337286,3144.9958977580945
2026-05-04 09:52:25.050857,0.09941088552708313,3145.1621990192557,3145.0508574970204
2026-05-04 09:52:25.448722,0.05909527683811662,3145.507817687076,3145.448722410238
2026-05-04 09:52:25.499781,0.47389280200539874,3145.9817104890817,3145.4997805644766
2026-05-04 09:52:26.423847,0.39635337047898717,3146.8202008418807,3146.4238474714016
2026-05-04 09:52:26.438050,0.3024003737582107,3147.122601215639,3146.4380503857255
2026-05-04 09:52:26.687708,0.12533498207464686,3147.2479361977134,3146.687707552093
2026-05-04 09:52:28.270063,0.07970112920847287,3148.3497639963603,3148.270062867152
2026-05-04 09:52:28.645141,0.40813987416888353,3149.053280779726,3148.645140905557
2026-05-04 09:52:29.100686,0.044320808039173626,3149.1450066534067,3149.1006858453675
2026-05-04 09:52:30.480724,0.055644190727078616,3150.5363684945346,3150.4807243038076
2026-05-04 09:52:30.685597,0.02334208242132861,3150.708939257868,3150.6855971754467
2026-05-04 09:52:31.173646,0.12041595335390293,3151.294061839613,3151.173645886259
2026-05-04 09:52:31.286542,0.0860955236890302,3151.380157363302,3151.286541741984
2026-05-04 09:52:31.388427,0.21564731603562992,3151.604074073135,3151.3884267570993
2026-05-04 09:52:31.402151,0.037858861779569014,3151.6419329349146,3151.402150599299
2026-05-04 09:52:32.754820,0.16721537625472452,3152.9220356435003,3152.7548202672456
2026-05-04 09:52:32.801686,0.10530550616820776,3153.0273411496687,3152.8016863305324
2026-05-04 09:52:32.898105,0.06818975323669736,3153.0955309029055,3152.8981049324384
2026-05-04 09:52:33.531943,0.07954758902286019,3153.6114900999046,3153.531942510882
2026-05-04 09:52:33.652617,0.021705193485492626,3153.6743217211188,3153.652616527633
2026-05-04 09:52:33.914903,0.09400996622808389,3154.008912537185,3153.914902570957
2026-05-04 09:52:34.170163,0.2453432197918315,3154.415505852743,3154.1701626329514
2026-05-04 09:52:34.228015,0.30058830829049826,3154.7160941610337,3154.2280149446415
2026-05-04 09:52:34.568603,0.1787201190068365,3154.8948142800405,3154.5686026675958
2026-05-04 09:52:35.031480,0.016008497301134687,3155.0474884301047,3155.0314799328034
2026-05-04 09:52:35.173798,0.11993945097887126,3155.2937375138654,3155.1737980628864
2026-05-04 09:52:35.338524,1.0126020428583753,3156.3511257228943,3155.338523680036
2026-05-04 09:52:35.376446,0.24314537864891467,3156.594271101543,3155.3764457011957
2026-05-04 09:52:35.893622,0.06669143930430223,3156.6609625408473,3155.8936219243483
2026-05-04 09:52:36.878422,0.284957672955755,3157.1633796223196,3156.8784219493637
2026-05-04 09:52:36.885620,0.1115421533036589,3157.274921775623,3156.8856195123194
2026-05-04 09:52:37.151076,0.3169866569213329,3157.5919084325446,3157.1510760156248
2026-05-04 09:52:37.369249,0.13627905801993076,3157.728187490565,3157.369248938843
2026-05-04 09:52:37.822924,0.014951796279930627,3157.8378759356274,3157.8229241393474
2026-05-04 09:52:37.880085,0.18846040821714977,3158.0685450903566,3157.8800846821396
2026-05-04 09:52:38.230584,0.14026133849091113,3158.3708449212436,3158.230583582753
2026-05-04 09:52:38.244381,0.41771295898277155,3158.7885578802266,3158.2443813881473
2026-05-04 09:52:39.439062,0.1118020710384283,3159.5508642510663,3159.439062180028
2026-05-04 09:52:39.593057,0.04573605649502108,3159.6387928540225,3159.5930567975274
2026-05-04 09:52:39.683551,0.32468411142881787,3160.008234639033,3159.6835505276044
2026-05-04 09:52:40.446928,0.14844724238390236,3160.59537509895,3160.446927856566
2026-05-04 09:52:40.667815,0.2511991809296698,3160.919014519786,3160.667815338856
2026-05-04 09:52:40.762517,0.26665633403634276,3161.185670853822,3160.762516787595
2026-05-04 09:52:41.080604,0.019539619589160173,3161.205210473411,3161.0806038518617
2026-05-04 09:52:41.118719,0.3960304668671475,3161.6012409402783,3161.1187193433707
2026-05-04 09:52:41.242421,0.009869652437122726,3161.6111105927152,3161.2424209591054
2026-05-04 09:52:41.436596,0.079203839027638,3161.690314431743,3161.4365959816582
2026-05-04 09:52:42.524904,0.46341684169216796,3162.9883212551763,3162.524904413484
2026-05-04 09:52:43.031959,0.02609433170347958,3163.058053828148,3163.0319594964444
2026-05-04 09:52:43.154835,0.06763503251433196,3163.22246972974,3163.154834697226
2026-05-04 09:52:43.256377,0.1775735193917106,3163.433950312363,3163.256376792971
2026-05-04 09:52:44.648683,0.01358593568867287,3164.6622688183534,3164.6486828826646
2026-05-04 09:52:44.738296,0.023053441719698118,3164.761349191095,3164.7382957493755
2026-05-04 09:52:44.822927,0.14031749110723882,3164.96324415813,3164.8229266670223
2026-05-04 09:52:45.031352,0.008993971732644553,3165.04034571435,3165.0313517426175
2026-05-04 09:52:45.362607,0.20502478858621234,3165.5676322180984,3165.362607429512
2026-05-04 09:52:45.444308,0.11593253143318522,3165.683564749532,3165.4443082810303
2026-05-04 09:52:46.364331,0.08748647452063257,3166.451817892429,3166.3643314179085
2026-05-04 09:52:46.578959,0.41139363108145716,3166.990353009423,3166.5789593783416
2026-05-04 09:52:46.634759,0.04577169138021206,3167.036124700803,3166.634758590193
2026-05-04 09:52:46.753585,0.1771683244350908,3167.2132930252383,3166.753584726899
2026-05-04 09:52:47.463673,0.23384929279470754,3167.6975220120503,3167.4636727192556
2026-05-04 09:52:48.319812,0.20919196908099394,3168.529004181676,3168.319812212595
2026-05-04 09:52:48.481363,0.023889904198620443,3168.552894085875,3168.4813630736317
2026-05-04 09:52:49.433457,0.5178929233325519,3169.951350289155,3169.4334573658225
2026-05-04 09:52:49.642899,0.07515549317931773,3170.0265057823344,3169.6428986879246
2026-05-04 09:52:50.493333,0.24113317097238315,3170.734466293441,3170.493333122469
2026-05-04 09:52:50.884622,0.04293009227842419,3170.92755217677,3170.8846220844916
2026-05-04 09:52:51.038584,0.03048982692508539,3171.0690735825347,3171.0385837556096
2026-05-04 09:52:51.147454,0.10177931297470028,3171.249232951139,3171.1474536381647
2026-05-04 09:52:52.036855,0.6757879777094933,3172.7126432693635,3172.036855291654
2026-05-04 09:52:52.201335,0.7841748239397202,3173.4968180933033,3172.201334616112
2026-05-04 09:52:53.483005,0.35005608603087796,3173.846874179334,3173.4830048850718
2026-05-04 09:52:53.570592,0.926377418504851,3174.7732515978387,3173.5705919815564
2026-05-04 09:52:53.799323,0.30369063764349147,3175.076942235482,3173.79932319045
2026-05-04 09:52:54.567603,0.3026002465839013,3175.379542482066,3174.56760326153
2026-05-04 09:52:54.640314,0.09794607428818765,3175.4774885563543,3174.640314108698
2026-05-04 09:52:54.641802,0.05424280659604106,3175.5317313629503,3174.6418017905926
2026-05-04 09:52:55.367963,0.026616768576306224,3175.5583481315266,3175.367962556741
2026-05-04 09:52:55.508306,0.44116502546984643,3175.9995131569963,3175.508305578217
2026-05-04 09:52:55.580517,0.1422637543458998,3176.1417769113423,3175.580516779952
2026-05-04 09:52:55.775746,0.4121946976519715,3176.5539716089943,3175.7757456331465
2026-05-04 09:52:55.776261,0.01833657515356697,3176.572308184148,3175.7762609269853
2026-05-04 09:52:56.738065,0.015192427608987119,3176.7532571554007,3176.738064727792
2026-05-04 09:52:57.464875,0.09599392180228497,3177.5608690812533,3177.464875159451
2026-05-04 09:52:57.896978,0.2301971951504712,3178.1271747730143,3177.8969775778637
2026-05-04 09:52:58.160988,0.5935712270742033,3178.7545595769743,3178.1609883499
2026-05-04 09:52:58.511329,0.44845802288110437,3179.2030175998552,3178.511329334379
2026-05-04 09:52:58.843148,0.015849697136535258,3179.218867296992,3178.843148071854
2026-05-04 09:52:59.192441,0.06880481746642352,3179.2876721144585,3179.1924405523832
2026-05-04 09:52:59.454148,0.2935680312924291,3179.7477158222073,3179.4541477909147
2026-05-04 09:52:59.582455,0.780070811032716,3180.52778663324,3179.5824550312136
2026-05-04 09:52:59.858441,0.19331688997197305,3180.7211035232117,3179.8584409587734
2026-05-04 09:53:00.800764,0.561440082863432,3181.3622043842747,3180.800764301411
2026-05-04 09:53:00.861009,0.4520119672607525,3181.8142163515354,3180.8610090798024
2026-05-04 09:53:00.862207,0.016760246078720047,3181.830976597614,3180.862207143441
2026-05-04 09:53:01.270439,0.0005150646904109027,3181.8314916623044,3181.2704390580616
2026-05-04 09:53:01.428521,0.03751243570649688,3181.869004098011,3181.4285213222774
2026-05-04 09:53:01.546995,0.044572420942970745,3181.913576518954,3181.546994954812
2026-05-04 09:53:01.698387,0.15705827222363533,3182.070634791178,3181.6983873163663
2026-05-04 09:53:01.744155,0.0873958852236935,3182.1580306764013,3181.7441547326125
2026-05-04 09:53:02.544472,0.16516223201284613,3182.7096343777616,3182.544472145749
2026-05-04 09:53:02.643613,0.24567472409946986,3182.955309101861,3182.643612728693
2026-05-04 09:53:02.668628,0.2512822090424188,3183.2065913109036,3182.668628426699
2026-05-04 09:53:02.946358,0.10117303331214096,3183.3077643442157,3182.9463576261187
2026-05-04 09:53:03.063070,0.07404011719791097,3183.3818044614136,3183.063069942986
2026-05-04 09:53:04.610613,0.30267584484103016,3184.91328881393,3184.6106129690893
2026-05-04 09:53:05.219560,0.001981232070363385,3185.2215410955782,3185.219559863508
2026-05-04 09:53:05.554436,0.3057535562237452,3185.8601893321134,3185.5544357758895
2026-05-04 09:53:05.994071,0.12311701352962937,3186.117187739704,3185.9940707261744
2026-05-04 09:53:06.581149,0.3964728532844117,3186.9776222076284,3186.5811493543442
2026-05-04 09:53:06.808663,0.1213554419449206,3187.0989776495735,3186.8086633888965
2026-05-04 09:53:07.054914,0.06388572363260647,3187.162863373206,3187.0549137624407
2026-05-04 09:53:07.056660,0.1990598994649441,3187.361923272671,3187.056659801837
2026-05-04 09:53:07.237529,0.10794036751669589,3187.4698636401877,3187.2375286319993
2026-05-04 09:53:07.550906,0.02395634867827017,3187.5748620118693,3187.550905663191
2026-05-04 09:53:07.963075,0.2181299526687838,3188.1812045495835,3187.963074596915
2026-05-04 09:53:08.157249,0.024421728598683204,3188.205626278182,3188.1572494500383
2026-05-04 09:53:08.233205,0.1338305200375198,3188.3670354264996,3188.233204906462
2026-05-04 09:53:08.693112,0.173319018173825,3188.8664308636767,3188.6931118455027
2026-05-04 09:53:09.432262,0.05047851645653678,3189.482740846144,3189.4322623296875
2026-05-04 09:53:09.807802,0.22803765677433052,3190.035840122906,3189.8078024661318
2026-05-04 09:53:09.926606,0.20232610191088699,3190.2381662248167,3189.9266057316336
2026-05-04 09:53:10.015547,0.11058269161332573,3190.34874891643,3190.0155471440407
2026-05-04 09:53:10.221415,0.33171354711713513,3190.680462463547,3190.2214147513746
2026-05-04 09:53:10.331078,0.11832048696816116,3190.798782950515,3190.3310783503525
2026-05-04 09:53:10.454728,0.3470924111279723,3191.145875361643,3190.4547277751076
2026-05-04 09:53:11.406121,0.3125131393069389,3191.7186342898685,3191.4061211505614
2026-05-04 09:53:12.217365,0.08097281013532658,3192.298338220437,3192.2173654103017
2026-05-04 09:53:13.569237,0.0873551295525713,3193.656591985857,3193.5692368563045
2026-05-04 09:53:13.689535,0.043484629324158364,3193.7330199436133,3193.689535314289
2026-05-04 09:53:13.895505,0.2852831333757224,3194.180787875402,3193.8955047420263
2026-05-04 09:53:14.020368,0.1266475995824062,3194.3074354749847,3194.0203678457206
2026-05-04 09:53:14.595040,0.017568391312288847,3194.612608502251,3194.595040110939
2026-05-04 09:53:15.324312,0.32370942137068837,3195.648021561404,3195.3243121400337
2026-05-04 09:53:15.433130,0.03621478194631582,3195.6842363433507,3195.4331301412817
2026-05-04 09:53:15.779682,0.9093840282007062,3196.689065967383,3195.7796819391824
2026-05-04 09:53:15.807449,0.0856842235658592,3196.774750190949,3195.8074490463287
2026-05-04 09:53:15.902455,0.21991154958518233,3196.994661740534,3195.902455299088
2026-05-04 09:53:16.229707,0.017880135978828537,3197.012541876513,3196.2297066191745
2026-05-04 09:53:16.425247,0.18118476656314295,3197.193726643076,3196.425246992557
2026-05-04 09:53:16.479108,0.18237597332836464,3197.3761026164043,3196.479108332904
2026-05-04 09:53:17.056160,0.21150934169601943,3197.5876119581003,3197.056159714015
2026-05-04 09:53:17.228073,0.30257651888777803,3197.890188476988,3197.2280726782456
2026-05-04 09:53:17.558060,1.1523155948040125,3199.042504071792,3197.5580600644557
2026-05-04 09:53:17.919151,0.03214345132342253,3199.0746475231153,3197.919151456906
2026-05-04 09:53:17.975298,0.09004880620928142,3199.1646963293247,3197.9752984694737
2026-05-04 09:53:18.171615,0.024362158273910122,3199.1890584875987,3198.171614956042
2026-05-04 09:53:18.347703,0.14299701102910461,3199.3320554986276,3198.3477030005492
2026-05-04 09:53:18.501347,0.17616984970136296,3199.508225348329,3198.501347048466
2026-05-04 09:53:18.874322,0.11298848875682162,3199.6212138370856,3198.874321649681
2026-05-04 09:53:18.964758,0.1516712069853762,3199.772885044071,3198.964757969908
2026-05-04 09:53:18.992864,0.061489316837369704,3199.834374360908,3198.992864417665
2026-05-04 09:53:19.378020,0.051938492980686785,3199.8863128538887,3199.378020129719
2026-05-04 09:53:19.461639,0.04387018699705326,3199.930183040886,3199.461639008175
2026-05-04 09:53:20.235753,0.30229121751340277,3200.538044000755,3200.2357527832414
2026-05-04 09:53:20.267437,0.007654954401723298,3200.5456989551567,3200.267436986203
2026-05-04 09:53:20.275663,0.043263045503174974,3200.5889620006596,3200.27566336427
2026-05-04 09:53:20.832420,0.2470336136961492,3201.0794531212414,3200.832419507545
2026-05-04 09:53:21.057439,0.1548072667758268,3201.234260388017,3201.0574386511735
2026-05-04 09:53:21.259813,0.3791043000736987,3201.6389172324584,3201.2598129323846
2026-05-04 09:53:21.388389,0.3116596455561837,3201.9505768780145,3201.3883890651787
2026-05-04 09:53:21.508402,0.10468697793011127,3202.0552638559448,3201.5084019626665
2026-05-04 09:53:21.848110,0.020065293298494786,3202.0753291492433,3201.848109702776
2026-05-04 09:53:22.059009,0.33391983406474,3202.409248983308,3202.0590087741034
2026-05-04 09:53:22.217162,0.10356518580187933,3202.51281416911,3202.2171622524197
2026-05-04 09:53:22.611596,0.24950521561643974,3202.861100872244,3202.6115956566277
2026-05-04 09:53:22.681041,0.5422351321506085,3203.403336004395,3202.6810414971133
2026-05-04 09:53:22.717217,0.1033845046036342,3203.5067205089986,3202.7172172929736
2026-05-04 09:53:23.069376,0.3104667040713893,3203.81718721307,3203.0693760285176
2026-05-04 09:53:24.740729,0.12263047043306974,3204.863358992965,3204.7407285225318
2026-05-04 09:53:25.107731,0.10872064893412517,3205.216451353027,3205.107730704093
2026-05-04 09:53:25.501090,0.5086576492521052,3206.0097478295197,3205.5010901802675
2026-05-04 09:53:25.703324,0.10212480399227673,3206.111872633512,3205.703323984999
2026-05-04 09:53:25.800149,0.11842723471571387,3206.230299868228,3205.800149232035
2026-05-04 09:53:25.895813,0.43996847592133626,3206.6702683441495,3205.8958127826513
2026-05-04 09:53:26.318908,0.09370172801474408,3206.7639700721643,3206.3189081055566
2026-05-04 09:53:26.501020,0.26434791361054316,3207.0283179857747,3206.501020359484
2026-05-04 09:53:28.029994,0.04848275369239277,3208.0784767806936,3208.029994027001
2026-05-04 09:53:28.153861,0.5681519820559139,3208.722013114001,3208.153861131945
2026-05-04 09:53:28.295396,0.10912151638050849,3208.8311346303817,3208.295396212174
2026-05-04 09:53:28.327948,0.26857475166499467,3209.0997093820465,3208.327948471586
2026-05-04 09:53:28.478502,0.10257847662126672,3209.2022878586677,3208.4785021663406
2026-05-04 09:53:28.651969,0.3947644258561622,3209.5970522845237,3208.651968875372
2026-05-04 09:53:28.699107,0.07135768558055808,3209.668409970104,3208.699106518565
2026-05-04 09:53:29.518484,0.19640677279299987,3209.8648167428973,3209.518483821332
2026-05-04 09:53:29.953930,0.1579250835738528,3210.1118548627073,3209.9539297791334
2026-05-04 09:53:30.081700,0.07625460999829058,3210.1881094727055,3210.0817000948
2026-05-04 09:53:30.967253,0.24029484873665405,3211.207547966555,3210.9672531178185
2026-05-04 09:53:30.984760,0.09213371598330822,3211.2996816825384,3210.9847598395804
2026-05-04 09:53:31.079825,0.09241373802920384,3211.392095420568,3211.0798252840223
2026-05-04 09:53:31.353801,0.13847227387045014,3211.530567694438,3211.3538005485507
2026-05-04 09:53:31.412126,0.02229711395792383,3211.552864808396,3211.4121261042596
2026-05-04 09:53:31.711746,0.1777941193569033,3211.8895403515016,3211.711746232145
2026-05-04 09:53:31.981193,0.31806470675169146,3212.2992574987306,3211.981192791979
2026-05-04 09:53:32.197985,0.1106733542912801,3212.4099308530217,3212.19798544008
2026-05-04 09:53:32.523297,0.39470058748595777,3212.9179979623937,3212.5232973749075
2026-05-04 09:53:32.592853,0.2786899001595025,3213.196687862553,3212.5928529337025
2026-05-04 09:53:33.587375,0.1742418249369686,3213.761616988465,3213.587375163528
2026-05-04 09:53:33.708568,0.20319891382014812,3213.964815902285,3213.7085680924065
2026-05-04 09:53:34.647332,0.13968587641311656,3214.7870176230326,3214.6473317466193
2026-05-04 09:53:34.682753,0.09072178450211693,3214.8777394075346,3214.682752839425
2026-05-04 09:53:34.860265,0.014861202337882448,3214.8926006098723,3214.8602651889723
2026-05-04 09:53:34.963969,0.22748163821898162,3215.1914511004707,3214.9639694622515
2026-05-04 09:53:35.333203,0.0056821522191668646,3215.338884718037,3215.333202565818
2026-05-04 09:53:35.631029,0.09989556501017212,3215.7309247956646,3215.6310292306543
2026-05-04 09:53:36.014435,0.021650408937930132,3216.0360856889297,3216.0144352799916
2026-05-04 09:53:36.353867,0.337338463258232,3216.6912053759797,3216.3538669127215
2026-05-04 09:53:36.382752,0.19928069590262704,3216.890486071882,3216.3827518598287
2026-05-04 09:53:36.755857,0.09418568233063213,3216.9846717542127,3216.755856589831
2026-05-04 09:53:37.472340,0.07420288119840034,3217.5465426643436,3217.4723397831453
2026-05-04 09:53:37.969979,0.45841520855799933,3218.4283940435275,3217.9699788349694
2026-05-04 09:53:38.108967,0.4450613673907713,3218.8734554109183,3218.108966577654
2026-05-04 09:53:38.194475,0.9137756375657325,3219.787231048484,3218.1944745271303
2026-05-04 09:53:38.470892,0.28725895141910707,3220.074489999903,3218.470892178151
2026-05-04 09:53:38.703277,0.08529236656015096,3220.1597823664633,3218.703277352314
2026-05-04 09:53:38.784898,0.07677017044349266,3220.236552536907,3218.784898474011
2026-05-04 09:53:38.959178,0.5050386218716073,3220.7415911587786,3218.9591778811946
2026-05-04 09:53:38.985820,0.08556085916634215,3220.827152017945,3218.9858197289395
2026-05-04 09:53:39.096810,0.09597134383236043,3220.9231233617775,3219.0968104032395
2026-05-04 09:53:39.164673,0.21126351642091287,3221.1343868781983,3219.1646731805326
2026-05-04 09:53:39.256478,0.08877616278891703,3221.223163040987,3219.2564778923593
2026-05-04 09:53:40.113933,0.21333754581804906,3221.436500586805,3220.1139329012253
2026-05-04 09:53:40.147183,0.2849352771235163,3221.7214358639285,3220.1471831300337
2026-05-04 09:53:41.239247,0.023880131764578354,3221.745315995693,3221.23924732188
2026-05-04 09:53:41.489747,0.08077623446349758,3221.8260922301565,3221.4897468796767
2026-05-04 09:53:41.498431,0.1522954755333226,3221.97838770569,3221.4984309289366
2026-05-04 09:53:42.266073,0.03579886278088922,3222.3018719385573,3222.2660730757766
2026-05-04 09:53:42.596006,0.0023687841661911564,3222.5983749937936,3222.5960062096274
2026-05-04 09:53:42.638366,0.031004649054295064,3222.6693703890974,3222.638365740043
2026-05-04 09:53:43.020830,0.10239987815110628,3223.123230355,3223.020830476849
2026-05-04 09:53:43.123955,0.05697938903103004,3223.1809345301185,3223.1239551410877
2026-05-04 09:53:43.513895,0.06396658242641555,3223.5778617973506,3223.513895214924
2026-05-04 09:53:43.807370,0.29551234267306253,3224.1028821977184,3223.807369855045
2026-05-04 09:53:44.767585,0.16235272846332446,3224.929938017637,3224.767585289174
2026-05-04 09:53:44.858914,0.21888339155875325,3225.148821409196,3224.8589144173434
2026-05-04 09:53:45.306150,0.003986434676812566,3225.310136320267,3225.30614988559
2026-05-04 09:53:47.192546,0.33324009522924897,3227.525785890406,3227.192545795177
2026-05-04 09:53:47.560805,0.06741711076063477,3227.628221807388,3227.560804696627
2026-05-04 09:53:47.839226,0.0761292083382954,3227.9153548971067,3227.8392256887682
2026-05-04 09:53:47.923764,0.04825121530966636,3227.9720150841536,3227.9237638688437
2026-05-04 09:53:48.750720,0.1377193101203098,3228.8884393493026,3228.7507200391824
2026-05-04 09:53:48.790296,0.38673290363351603,3229.275172252936,3228.7902955055683
2026-05-04 09:53:48.848594,0.16175416757150518,3229.4369264205075,3228.848593529579
2026-05-04 09:53:48.942170,0.18700296024602092,3229.6239293807535,3228.942170106546
2026-05-04 09:53:48.985954,0.07379635903692587,3229.6977257397903,3228.985953863306
2026-05-04 09:53:49.046419,0.09612192470486555,3229.793847664495,3229.0464191878687
2026-05-04 09:53:49.369511,0.03733071304640006,3229.831178377541,3229.3695114254083
2026-05-04 09:53:49.474366,0.004061504706632398,3229.8352398822476,3229.474366339392
2026-05-04 09:53:49.791894,0.16616024945661997,3230.001400131704,3229.7918940692853
2026-05-04 09:53:50.191344,0.09525257142588989,3230.2865970396083,3230.1913444681823
2026-05-04 09:53:50.400667,0.08111291284808027,3230.481779493991,3230.400666581143
2026-05-04 09:53:51.418651,0.11481174824947211,3231.5334624071484,3231.418650658899
2026-05-04 09:53:51.484643,0.03763996090053707,3231.5711023680487,3231.4846434839733
2026-05-04 09:53:52.075304,0.24012707475781278,3232.3154311001626,3232.075304025405
2026-05-04 09:53:52.614598,0.7032531961481259,3233.3178507543485,3232.6145975582003
2026-05-04 09:53:52.619204,1.2551791660041522,3234.5730299203524,3232.6192035456247
2026-05-04 09:53:53.010603,0.01646668669642333,3234.5894966070487,3233.0106027534885
2026-05-04 09:53:53.070571,0.08753352669717217,3234.677030133746,3233.070571353712
2026-05-04 09:53:53.396421,0.12413220672667387,3234.8011623404727,3233.3964205148663
2026-05-04 09:53:53.566909,0.19249795733137373,3234.993660297804,3233.566908685576
2026-05-04 09:53:53.881623,0.02023979059053948,3235.0139000883946,3233.881622785486
2026-05-04 09:53:54.416156,0.289019432460285,3235.302919520855,3234.4161564920187
2026-05-04 09:53:54.844948,0.04205909757674978,3235.344978618432,3234.8449476590563
2026-05-04 09:53:54.878023,0.41517059733301204,3235.760149215765,3234.8780229192266
2026-05-04 09:53:55.034598,0.16845196980593383,3235.928601185571,3235.034598377718
2026-05-04 09:53:55.089494,0.07013567416074128,3235.9987368597317,3235.0894938805077
2026-05-04 09:53:55.123101,0.23539425581834955,3236.23413111555,3235.123100908896
2026-05-04 09:53:55.151010,0.23315643147346907,3236.4672875470237,3235.1510102082993
2026-05-04 09:53:55.629954,0.09438323661465503,3236.5616707836384,3235.6299539127526
2026-05-04 09:53:55.780060,0.24812973958155712,3236.80980052322,3235.7800598386893
2026-05-04 09:53:56.740710,0.3894021840873153,3237.1992027073074,3236.7407096509987
2026-05-04 09:53:56.753188,0.10727563093050452,3237.306478338238,3236.753188300873
2026-05-04 09:53:57.029231,0.23385744252961105,3237.5403357807677,3237.029231124067
2026-05-04 09:53:57.264189,0.6821288181338256,3238.2224645989013,3237.264188919298
2026-05-04 09:53:57.663922,0.050261859567368075,3238.2727264584687,3237.663922041081
2026-05-04 09:53:58.185014,0.024787445095474214,3238.2975139035643,3238.1850136525222
2026-05-04 09:53:58.187379,0.4223195835530709,3238.7198334871173,3238.1873789881556
2026-05-04 09:53:58.405067,0.3923584824458303,3239.112191969563,3238.4050673122515
2026-05-04 09:53:58.427095,0.4571829152801139,3239.569374884843,3238.4270947032833
2026-05-04 09:53:58.449091,0.46708946995528966,3240.036464354798,3238.449091135689
2026-05-04 09:53:58.859610,0.045601230592847666,3240.082065585391,3238.8596104335606
2026-05-04 09:53:59.233060,0.0021077803638889846,3240.084173365755,3239.2330595910403
2026-05-04 09:53:59.322741,0.03307920296819993,3240.117252568723,3239.322740728654
2026-05-04 09:53:59.848729,0.014284717467880828,3240.131537286191,3239.848728816996
2026-05-04 09:54:01.256811,0.020338385072853005,3241.2771496793653,3241.256811294292
2026-05-04 09:54:01.657834,0.23538418502162167,3241.8932183713932,3241.6578341863715
2026-05-04 09:54:01.930549,0.2091435226528331,3242.1396927209034,3241.9305491982504
2026-05-04 09:54:02.138086,0.18753352645742463,3242.327226247361,3242.1380855450475
2026-05-04 09:54:02.878629,0.006554691427224948,3242.885183668307,3242.87862897688
2026-05-04 09:54:03.290815,0.024170552903443224,3243.3149855161796,3243.2908149632763
2026-05-04 09:54:03.548765,0.17656011183460105,3243.7253252760565,3243.548765164222
2026-05-04 09:54:03.961199,0.046614718188291854,3244.0078136403176,3243.9611989221294
2026-05-04 09:54:04.089350,0.08458169177660431,3244.1739316743415,3244.0893499825647
2026-05-04 09:54:04.257945,0.0029897038927614696,3244.260934912288,3244.2579452083955
2026-05-04 09:54:04.532991,0.12055205318292082,3244.6535426380815,3244.5329905848985
2026-05-04 09:54:04.813250,0.17414196651527233,3244.9873918051608,3244.8132498386453
2026-05-04 09:54:04.867055,0.0917108782205799,3245.0791026833813,3244.867055023057
2026-05-04 09:54:05.884722,0.13049881141457528,3246.015220939021,3245.8847221276064
2026-05-04 09:54:05.925406,0.19760797827530888,3246.2128289172965,3245.9254060663416
2026-05-04 09:54:06.307274,0.1648364089141522,3246.4721102990875,3246.3072738901733
2026-05-04 09:54:07.006109,0.09414157898777012,3247.100251046354,3247.0061094673665
2026-05-04 09:54:07.159356,0.05657359157341984,3247.215929631783,3247.15935604021
2026-05-04 09:54:08.232593,0.024649330470091962,3248.257241966636,3248.2325926361655
2026-05-04 09:54:08.777288,0.18640177758051246,3248.9636896264046,3248.777287848824
2026-05-04 09:54:09.347430,0.16339195373209414,3249.510821807315,3249.347429853583
2026-05-04 09:54:09.647378,0.3219669964938851,3249.9693448993107,3249.647377902817
2026-05-04 09:54:10.487764,0.24659955361935434,3250.7343640147087,3250.4877644610892
2026-05-04 09:54:10.950248,0.01977809087267602,3250.9700257903146,3250.950247699442
2026-05-04 09:54:11.260437,0.17808752984928436,3251.4385241365644,3251.2604366067153
2026-05-04 09:54:11.593126,0.20387208023980705,3251.7969982494615,3251.5931261692217
2026-05-04 09:54:12.486061,0.40247847281934157,3252.8885391656563,3252.486060692837
2026-05-04 09:54:13.959316,0.030499560294580882,3253.989815319771,3253.9593157594763
2026-05-04 09:54:14.379433,0.08855652596435243,3254.467989581892,3254.3794330559276
2026-05-04 09:54:14.705610,0.40315303867753105,3255.1087627285847,3254.7056096899073
2026-05-04 09:54:14.978402,0.07965420952674471,3255.1884169381115,3254.9784020732527
2026-05-04 09:54:15.309720,0.010807782892733,3255.320527786345,3255.309720003452
2026-05-04 09:54:15.313732,0.004488842569144807,3255.325016628914,3255.3137322939406
2026-05-04 09:54:15.691479,0.9303558403067985,3256.621834878202,3255.6914790378955
2026-05-04 09:54:16.101815,0.041953038969152284,3256.6637879171712,3256.101814976759
2026-05-04 09:54:16.455411,0.28679167944007866,3256.9505795966115,3256.4554109558835
2026-05-04 09:54:16.684604,0.1730339610239552,3257.1236135576355,3256.684603600679
2026-05-04 09:54:16.932415,0.028619204905645287,3257.152232762541,3256.932414724394
2026-05-04 09:54:17.272496,0.07921785342936895,3257.351713869263,3257.272496015834
2026-05-04 09:54:17.372633,0.08369386287487393,3257.4563271201896,3257.3726332573146
2026-05-04 09:54:17.913850,0.1450867811647851,3258.0589368697065,3257.9138500885415
2026-05-04 09:54:18.906542,0.09078340180960487,3258.997325885275,3258.9065424834657
2026-05-04 09:54:18.989070,0.19566091501201974,3259.192986800287,3258.989069856262
2026-05-04 09:54:19.275501,0.4534795066731409,3259.728980057952,3259.275500551279
2026-05-04 09:54:19.414211,0.10010621422524774,3259.8290862721774,3259.414210526795
2026-05-04 09:54:20.123991,0.4749565390248354,3260.598947142013,3260.123990602988
2026-05-04 09:54:20.182245,0.11161416566728972,3260.71056130768,3260.1822447676072
2026-05-04 09:54:20.233271,0.01604426251561292,3260.7266055701957,3260.233271238414
2026-05-04 09:54:20.941982,0.00077444083962419,3260.9427560633944,3260.941981622555
2026-05-04 09:54:20.989067,0.002402288331195436,3260.9914690749106,3260.9890667865793
2026-05-04 09:54:21.363145,0.4805413825483809,3261.8436868368003,3261.363145454252
2026-05-04 09:54:21.489702,0.05953938571695484,3261.9032262225173,3261.489702435458
2026-05-04 09:54:21.773825,0.2809234286038925,3262.184149651121,3261.77382480693
2026-05-04 09:54:21.925782,0.03031955761339406,3262.2144692087345,3261.9257824247447
2026-05-04 09:54:22.462383,0.5146495542103233,3262.9770322416266,3262.4623826874163
2026-05-04 09:54:22.582215,0.32668791451299684,3263.3037201561397,3262.582214591815
2026-05-04 09:54:22.614876,0.03906325314329022,3263.342783409283,3262.614875871507
2026-05-04 09:54:22.678508,0.15775706143352808,3263.5005404707167,3262.6785080762374
2026-05-04 09:54:22.721290,0.2856345901757209,3263.786175060892,3262.7212900466116
2026-05-04 09:54:22.879216,0.16477138728790178,3263.9509464481803,3262.8792155013703
2026-05-04 09:54:23.089524,0.029187291304422963,3263.9801337394847,3263.089524158271
2026-05-04 09:54:23.330735,0.31011827975152356,3264.290252019236,3263.3307345325143
2026-05-04 09:54:23.560810,0.23899938109630972,3264.529251400332,3263.5608102559486
2026-05-04 09:54:23.711559,0.3135357764758744,3264.842787176808,3263.7115587044796
2026-05-04 09:54:23.831229,0.2868893857992067,3265.129676562607,3263.8312287509825
2026-05-04 09:54:24.135618,0.14782226604480014,3265.277498828652,3264.135617737507
2026-05-04 09:54:24.152876,0.2670854583739597,3265.544584287026,3264.1528764430127
2026-05-04 09:54:24.657804,0.060755375161256654,3265.605339662187,3264.657804474426
2026-05-04 09:54:25.012247,0.038756857075563284,3265.6440965192623,3265.0122472183552
2026-05-04 09:54:25.389101,0.18545396853151808,3265.8295504877938,3265.3891008780633
2026-05-04 09:54:25.547696,0.30937159618207594,3266.138922083976,3265.547696119814
2026-05-04 09:54:26.250959,0.028510429086856522,3266.2794691949625,3266.2509587658756
2026-05-04 09:54:26.325092,0.08671091423941393,3266.41180271308,3266.3250917988403
2026-05-04 09:54:26.358674,0.054624180948110924,3266.466426894028,3266.358674145205
2026-05-04 09:54:26.847250,0.07122985931558255,3266.918480230201,3266.8472503708854
2026-05-04 09:54:26.997154,0.25953072575266356,3267.2566845670613,3266.997153841309
2026-05-04 09:54:27.295503,0.16889748158943177,3267.4644007308734,3267.295503249284
2026-05-04 09:54:27.484167,0.14177099118838452,3267.625937887338,3267.4841668961494
2026-05-04 09:54:27.697863,0.35860814934082935,3268.056471517657,3267.697863368316
2026-05-04 09:54:28.066772,0.1356339811365148,3268.2024061219718,3268.0667721408354
2026-05-04 09:54:28.415818,0.41915449450452497,3268.8349727246914,3268.4158182301867
2026-05-04 09:54:28.868428,0.05419708743557037,3268.922624713359,3268.8684276259232
2026-05-04 09:54:29.220796,0.04454188201877337,3269.2653374521988,3269.22079557018
2026-05-04 09:54:29.329268,0.14582094266863616,3269.475088731754,3269.3292677890854
2026-05-04 09:54:29.990373,0.16295619883693013,3270.1533287363873,3269.9903725375502
2026-05-04 09:54:30.579142,0.27165789502327864,3270.850799894225,3270.579141999202
2026-05-04 09:54:30.609987,0.09543932230989435,3270.946239216535,3270.6099869751456
2026-05-04 09:54:32.035552,0.6338134740757304,3272.6693657193496,3272.0355522452737
2026-05-04 09:54:32.074027,0.361748824928725,3273.0311145442784,3272.0740273765705
2026-05-04 09:54:32.159826,0.29238534336670513,3273.323499887645,3272.1598257421283
2026-05-04 09:54:32.446180,0.7031570816608526,3274.026656969306,3272.4461796576816
2026-05-04 09:54:32.829312,0.31011991824241236,3274.3367768875482,3272.8293119588293
2026-05-04 09:54:32.844306,0.23926697491302804,3274.576043862461,3272.8443058779753
2026-05-04 09:54:32.947247,0.09378909089388511,3274.669832953355,3272.947247379158
2026-05-04 09:54:32.980881,0.023203198626324292,3274.6930361519812,3272.980881265856
2026-05-04 09:54:33.026683,0.019187010776487108,3274.7122231627577,3273.026683164473
2026-05-04 09:54:33.154517,0.06592441417033791,3274.778147576928,3273.1545165868406
2026-05-04 09:54:33.348548,0.5981712372613786,3275.3763188141893,3273.3485484131406
2026-05-04 09:54:33.461978,0.3015000991937164,3275.677818913383,3273.46197844705
2026-05-04 09:54:33.529926,0.101703305482379,3275.779522218865,3273.5299256377557
2026-05-04 09:54:33.550078,0.2013609089828027,3275.980883127848,3273.5500784757437
2026-05-04 09:54:33.848202,0.11551337556041173,3276.0963965034084,3273.8482020167853
2026-05-04 09:54:33.959254,0.16947442280734215,3276.265870926216,3273.959254317646
2026-05-04 09:54:34.526752,0.2736176901158566,3276.5394886163317,3274.5267522921176
2026-05-04 09:54:34.846219,0.08968771145009631,3276.629176327782,3274.846219380222
2026-05-04 09:54:34.885122,0.0029793513289500763,3276.632155679111,3274.885122017169
2026-05-04 09:54:35.446387,0.04670000270455935,3276.6788556818155,3275.446386860108
2026-05-04 09:54:35.756409,0.06881298629280211,3276.7476686681084,3275.756409397613
2026-05-04 09:54:36.214074,0.007857452289789683,3276.7555261203984,3276.2140738015223
2026-05-04 09:54:36.224745,0.1352671673292182,3276.890793287728,3276.2247446278266
2026-05-04 09:54:36.945200,0.02982101238471757,3276.9750209274807,3276.945199915096
2026-05-04 09:54:37.064583,0.04944071087661317,3277.1140240849186,3277.064583374042
2026-05-04 09:54:37.397888,0.4059907582590471,3277.8038791427925,3277.3978883845334
2026-05-04 09:54:37.719555,0.09745691234133365,3277.901336055134,3277.7195551038603
2026-05-04 09:54:38.344031,0.028574448976096845,3278.372604992469,3278.344030543493
2026-05-04 09:54:39.200535,0.04378985956366076,3279.2443244566953,3279.2005345971315
2026-05-04 09:54:39.491416,0.4613194817713495,3279.952735741658,3279.491416259887
2026-05-04 09:54:39.545908,0.1228029574714312,3280.0755386991295,3279.5459080345217
2026-05-04 09:54:39.634750,0.11684368209728227,3280.1923823812267,3279.63475021649
2026-05-04 09:54:39.932109,0.1568359507870155,3280.3492183320136,3279.932109339564
2026-05-04 09:54:40.019090,0.08960842952414842,3280.4388267615377,3280.0190900625785
2026-05-04 09:54:40.192372,0.239385776355117,3280.6782125378927,3280.1923723127115
2026-05-04 09:54:40.355003,0.07825656513930722,3280.756469103032,3280.3550029162384
2026-05-04 09:54:41.017096,0.028520028048387443,3281.045615788727,3281.017095760679
2026-05-04 09:54:41.533740,0.12704961116285526,3281.6607896663645,3281.5337400552016
2026-05-04 09:54:41.853148,0.08839354634804238,3281.9415418597414,3281.8531483133934
2026-05-04 09:54:43.526920,0.018935931953068447,3283.5458560765865,3283.5269201446336
2026-05-04 09:54:44.134743,0.30752657006396716,3284.442269559188,3284.134742989124
2026-05-04 09:54:44.455852,0.10446014558548439,3284.560312092348,3284.4558519467623
2026-05-04 09:54:44.799920,0.4667994547689098,3285.26671953146,3284.799920076691
2026-05-04 09:54:45.132864,0.15535836134697242,3285.4220778928066,3285.132864499451
2026-05-04 09:54:45.167210,0.5739093223353517,3285.995987215142,3285.167210250072
2026-05-04 09:54:45.295055,0.26345710582327575,3286.2594443209655,3285.29505535956
2026-05-04 09:54:45.430927,0.33708826334436437,3286.59653258431,3285.430927240703
2026-05-04 09:54:46.211214,0.06286280134064591,3286.6593953856504,3286.2112139812175
2026-05-04 09:54:46.645598,0.3340363940751019,3286.9934317797256,3286.6455978688755
2026-05-04 09:54:47.721728,0.09354367996638453,3287.8152715608203,3287.721727880854
2026-05-04 09:54:47.859741,0.23103289506125899,3288.090774132471,3287.8597412374097
2026-05-04 09:54:47.956005,0.04260348218348866,3288.1333776146544,3287.9560051260055
2026-05-04 09:54:48.026362,0.15803418836656724,3288.2914118030208,3288.0263624166832
2026-05-04 09:54:48.727753,0.1876076390264696,3288.9153605798747,3288.7277529408484
2026-05-04 09:54:49.583311,0.04432756888439589,3289.6276387787057,3289.583311209821
2026-05-04 09:54:49.930974,0.0033222953591636275,3289.9342964303432,3289.930974134984
2026-05-04 09:54:50.035618,0.012310806277107572,3290.0479288031866,3290.0356179969094
2026-05-04 09:54:50.617791,0.4017343421788826,3291.01952541336,3290.6177910711813
2026-05-04 09:54:50.980051,0.16801243008239908,3291.1875378434424,3290.9800505054686
2026-05-04 09:54:51.378989,0.11918775084433303,3291.4981769549518,3291.3789892041073
2026-05-04 09:54:51.673964,0.07332320470963258,3291.747287419812,3291.6739642151024
2026-05-04 09:54:51.720537,0.23544201376829618,3291.98272943358,3291.7205373330526
2026-05-04 09:54:52.132719,0.05129734728184994,3292.1840167068694,3292.1327193595876
2026-05-04 09:54:53.354657,0.34197839922040907,3293.6966358866152,3293.354657487395
2026-05-04 09:54:53.496023,0.10559094612791889,3293.802226832743,3293.496023406546
2026-05-04 09:54:53.562098,0.10421631232828615,3293.9064431450715,3293.5620981072734
2026-05-04 09:54:54.001426,0.06138983741075324,3294.0628155589757,3294.001425721565
2026-05-04 09:54:54.428852,0.41926510624306745,3294.848117137591,3294.428852031348
2026-05-04 09:54:54.880125,0.04659383531449497,3294.9267192867974,3294.880125451483
2026-05-04 09:54:55.072718,0.49650859250712376,3295.5692268748126,3295.0727182823052
2026-05-04 09:54:55.561646,0.04744184615948333,3295.616668720972,3295.561645710119
2026-05-04 09:54:56.373372,0.0024315627155543636,3296.3758033077784,3296.3733717450627
2026-05-04 09:54:57.034127,0.02040652246417358,3297.054533880854,3297.0341273583895
2026-05-04 09:54:57.780284,0.16990073929914412,3297.950184283802,3297.780283544503
2026-05-04 09:54:58.055319,0.664776768174515,3298.720095560764,3298.05531879259
2026-05-04 09:54:58.183300,0.11246434655876165,3298.832559907323,3298.1833004849636
2026-05-04 09:54:58.184509,0.27179740319190043,3299.104357310515,3298.1845087157217
2026-05-04 09:54:58.356514,0.5339997039113511,3299.638357014426,3298.3565137999217
2026-05-04 09:54:58.463210,0.12454672485706451,3299.7629037392835,3298.4632098054203
2026-05-04 09:54:59.302308,0.02029705607727456,3299.7832007953607,3299.302307927465
2026-05-04 09:54:59.313479,0.08685921417532533,3299.8700600095362,3299.3134793446384
2026-05-04 09:54:59.498697,0.031402992997810485,3299.901463002534,3299.4986967458763
2026-05-04 09:54:59.581246,0.9642710487909314,3300.865734051325,3299.5812459111194
2026-05-04 09:54:59.772904,0.2610799201177087,3301.1268139714425,3299.772903714004
2026-05-04 09:54:59.800068,0.24002741891543905,3301.366841390358,3299.8000677118757
2026-05-04 09:54:59.889469,0.08997046663692092,3301.4568118569946,3299.8894689728113
2026-05-04 09:55:00.258642,0.04261989254017944,3301.499431749535,3300.2586416667714
2026-05-04 09:55:02.280353,0.4577413416984826,3302.738094036176,3302.280352694477
2026-05-04 09:55:02.284722,0.3156527203684883,3303.0537467565446,3302.2847215735746
2026-05-04 09:55:02.703969,0.11776240816278308,3303.1715091647075,3302.7039687578804
2026-05-04 09:55:02.910293,0.008852020656689757,3303.1803611853643,3302.910293457471
2026-05-04 09:55:03.324866,0.013442860053928477,3303.3383087821485,3303.3248659220944
2026-05-04 09:55:03.665705,0.5399464514674537,3304.2056515039258,3303.665705052458
2026-05-04 09:55:03.685492,0.09178948938013298,3304.297440993306,3303.6854922491198
2026-05-04 09:55:03.798559,0.2830857318445407,3304.5805267251503,3303.798559025147
2026-05-04 09:55:04.540734,0.04299086150113896,3304.6235175866514,3304.5407340410093
2026-05-04 09:55:05.131634,0.13702210812780272,3305.2686565325116,3305.1316344243837
2026-05-04 09:55:05.331702,0.04832672149877354,3305.38002884626,3305.3317021247613
2026-05-04 09:55:05.363790,0.16657356329420142,3305.546602409554,3305.3637901173474
2026-05-04 09:55:05.615356,0.0775277129875633,3305.6928841321983,3305.615356419211
2026-05-04 09:55:05.732653,0.06409054992012153,3305.7967435980536,3305.7326530481337
2026-05-04 09:55:06.650906,0.19345868908636382,3306.8443643728506,3306.650905683764
2026-05-04 09:55:07.455107,0.022605286053109006,3307.477711883924,3307.455106597871
2026-05-04 09:55:07.520915,0.06770726925831547,3307.588622681537,3307.5209154122786
2026-05-04 09:55:07.650860,0.32745750278607866,3307.978317538557,3307.6508600357706
2026-05-04 09:55:08.492149,0.6225071353719903,3309.114655688621,3308.492148553249
2026-05-04 09:55:09.895276,0.008000442715625807,3309.9032766566525,3309.895276213937
2026-05-04 09:55:10.635135,0.0016741819400861325,3310.636809047878,3310.635134865938
2026-05-04 09:55:11.225203,0.0326748299516777,3311.2578778877732,3311.2252030578215
2026-05-04 09:55:11.264562,0.2865196190001129,3311.5510815576117,3311.2645619386117
2026-05-04 09:55:11.386619,0.079452709693875,3311.6305342673054,3311.386619377866
2026-05-04 09:55:11.442153,0.0012223666724587,3311.631756633978,3311.442152976509
2026-05-04 09:55:11.740040,0.052407109093421105,3311.7924473723715,3311.740040263278
2026-05-04 09:55:12.306061,0.08462473140253328,3312.390685922549,3312.3060611911465
2026-05-04 09:55:13.823793,0.7070734392824983,3314.530866317351,3313.8237928780686
2026-05-04 09:55:14.261046,0.07036736021626631,3314.601233677567,3314.261045920245
2026-05-04 09:55:14.359301,0.10970279519447633,3314.7109364727617,3314.3593006684396
2026-05-04 09:55:14.369816,0.3858467861704681,3315.096783258932,3314.3698156532487
2026-05-04 09:55:15.067339,0.3221108388350065,3315.4188940977674,3315.0673393568113
2026-05-04 09:55:15.138710,0.2573356670630813,3315.6762297648306,3315.1387098623113
2026-05-04 09:55:15.472361,0.014341045077542136,3315.690570809908,3315.4723605251293
2026-05-04 09:55:15.661795,0.013737355368823695,3315.704308165277,3315.661795462977
2026-05-04 09:55:15.721059,0.07068465870524429,3315.7917433782886,3315.721058719583
2026-05-04 09:55:15.812491,0.2173376011578304,3316.0298287626456,3315.8124911614877
2026-05-04 09:55:15.955811,0.0158880957212696,3316.045716858367,3315.955810620656
2026-05-04 09:55:16.706029,0.2424968964669887,3316.9485255385125,3316.7060286420456
2026-05-04 09:55:17.187051,0.31224456047808247,3317.4992954452164,3317.1870508847383
2026-05-04 09:55:17.415193,0.19811326912511104,3317.6974087143417,3317.4151928845977
2026-05-04 09:55:17.535078,0.08197756164167092,3317.779386275983,3317.53507801632
2026-05-04 09:55:17.604867,0.20129209582213928,3317.9806783718054,3317.6048666726783
2026-05-04 09:55:18.526991,0.0599050983395391,3318.586895623281,3318.5269905249415
2026-05-04 09:55:18.736176,0.060995558782710825,3318.7971716982615,3318.7361761394786
2026-05-04 09:55:18.927596,0.052596316442175065,3318.980192728448,3318.9275964120056
2026-05-04 09:55:19.077659,0.008525553761015423,3319.0861845326644,3319.0776589789034
2026-05-04 09:55:19.306784,0.0367879171494758,3319.343571558093,3319.3067836409436
2026-05-04 09:55:19.495673,0.14395255118011438,3319.6396255536247,3319.4956730024446
2026-05-04 09:55:19.782590,0.11259587651132395,3319.8951863131433,3319.782590436632
2026-05-04 09:55:20.112974,0.1247832302575399,3320.2377574881307,3320.1129742578732
2026-05-04 09:55:20.387533,0.1577669117450089,3320.545299982455,3320.38753307071
2026-05-04 09:55:20.453686,0.16568524026435993,3320.7109852227195,3320.4536855800216
2026-05-04 09:55:20.714145,0.43665344600705824,3321.15079821346,3320.714144767453
2026-05-04 09:55:20.970955,0.06513257978941435,3321.2159307932493,3320.9709548849014
2026-05-04 09:55:21.115867,0.19564039418309895,3321.4115711874324,3321.1158674563585
2026-05-04 09:55:21.555329,0.015944863423319893,3321.5712741636457,3321.5553293002226
2026-05-04 09:55:21.668062,0.03929683159302637,3321.707359053431,3321.6680622218378
2026-05-04 09:55:22.474680,0.7985924384141507,3323.2732722791447,3322.4746798407305
2026-05-04 09:55:22.652157,0.027326790234488054,3323.300599069379,3322.652156554645
2026-05-04 09:55:22.783571,0.07627406193930573,3323.3768731313185,3322.783570584295
2026-05-04 09:55:23.272870,0.0479807188365203,3323.424853850155,3323.272870332671
2026-05-04 09:55:23.308978,0.5309673736057562,3323.9558212237607,3323.3089778099898
2026-05-04 09:55:23.471207,0.5502312442114284,3324.506052467972,3323.47120747098
2026-05-04 09:55:23.847744,0.3373881618338894,3324.843440629806,3323.847743873082
2026-05-04 09:55:24.319777,0.059387235343430184,3324.9028278651494,3324.31977701928
2026-05-04 09:55:24.344458,0.2552452676896186,3325.158073132839,3324.3444576915704
2026-05-04 09:55:24.660408,0.11631394191081734,3325.27438707475,3324.6604084930464
2026-05-04 09:55:25.551041,0.34298674919013683,3325.8940273910316,3325.5510406418416
2026-05-04 09:55:25.551054,0.08943363240577651,3325.9834610234375,3325.5510542654238
2026-05-04 09:55:25.818063,0.32065446887977117,3326.304115492317,3325.8180629611334
2026-05-04 09:55:26.366272,0.01603107234997221,3326.3823031652014,3326.3662720928514
2026-05-04 09:55:27.069551,0.28701889821433474,3327.3565702657124,3327.069551367498
2026-05-04 09:55:27.451622,0.2636625633932012,3327.7152849382423,3327.451622374849
2026-05-04 09:55:27.723744,0.15066952648795914,3327.874413978252,3327.723744451764
2026-05-04 09:55:28.789225,0.02861953941522288,3328.8178442280832,3328.789224688668
2026-05-04 09:55:28.939089,0.00103029274863748,3328.9401192929918,3328.9390890002433
2026-05-04 09:55:29.521015,0.1259448181299996,3329.646960077306,3329.5210152591762
2026-05-04 09:55:29.890901,0.05560911160015003,3329.9465104593432,3329.8909013477432
2026-05-04 09:55:30.655618,0.5443636529198359,3331.199981729758,3330.655618076838
2026-05-04 09:55:30.984937,0.14033535364689073,3331.340317083405,3330.984937494842
2026-05-04 09:55:31.603046,0.16402353984107124,3331.7670690409714,3331.6030455011305
2026-05-04 09:55:32.211497,0.07846075731794172,3332.2899574746643,3332.2114967173466
2026-05-04 09:55:32.834714,0.055904268367540415,3332.890617826113,3332.8347135577455
2026-05-04 09:55:33.054636,0.005411010230707541,3333.0600470049667,3333.054635994736
2026-05-04 09:55:33.418143,0.20176199858614652,3333.619904863704,3333.4181428651177
2026-05-04 09:55:33.546381,0.4362522730801011,3334.0561571367843,3333.546380652374
2026-05-04 09:55:33.581584,0.046218204808307226,3334.1023753415925,3333.5815838485314
2026-05-04 09:55:34.223099,0.8383108777375754,3335.0614101896117,3334.223099311874
2026-05-04 09:55:34.289089,0.15020847199977147,3335.2116186616113,3334.2890887460244
2026-05-04 09:55:34.371031,0.11209189870460837,3335.3237105603157,3334.37103101527
2026-05-04 09:55:35.019263,0.13014664352020988,3335.453857203836,3335.0192631041887
2026-05-04 09:55:35.044077,0.01856449800731988,3335.4724217018434,3335.0440773395794
2026-05-04 09:55:35.064304,0.07736921941856714,3335.549790921262,3335.0643043870327
2026-05-04 09:55:35.913902,0.16556602021513978,3336.0794676821297,3335.9139016619147
2026-05-04 09:55:35.940500,0.3540986581843494,3336.433566340314,3335.940499779971
2026-05-04 09:55:36.284808,0.05416036598586843,3336.4877267063,3336.2848076965693
2026-05-04 09:55:36.350520,0.16597220459891582,3336.6536989108986,3336.3505198941775
2026-05-04 09:55:36.374621,0.17643894505394916,3336.8301378559527,3336.3746212065475
2026-05-04 09:55:36.556655,0.00824715542092248,3336.8383850113737,3336.55665471864
2026-05-04 09:55:37.191751,0.06866332068991837,3337.2604141056854,3337.1917507849953
2026-05-04 09:55:37.339555,0.07013054486535528,3337.4096851186805,3337.3395545738153
2026-05-04 09:55:37.484454,0.40587734133503245,3337.8903312883635,3337.4844539470287
2026-05-04 09:55:37.662710,0.09656928253311775,3337.9869005708965,3337.6627097834976
2026-05-04 09:55:37.684019,0.4067380432909386,3338.3936386141872,3337.6840185875153
2026-05-04 09:55:38.251615,0.15364743115419208,3338.5472860453415,3338.251614865804
2026-05-04 09:55:38.726080,0.07057211765520854,3338.7966523432756,3338.7260802256205
2026-05-04 09:55:39.017543,0.07373067840042342,3339.09127343307,3339.0175427546696
2026-05-04 09:55:39.048637,0.6129665956804566,3339.7042400287505,3339.0486366698506
2026-05-04 09:55:39.062701,0.5769051431125568,3340.281145171863,3339.0627007148796
2026-05-04 09:55:39.187373,0.4408038556861364,3340.7219490275493,3339.187372634358
2026-05-04 09:55:39.549169,0.019017132782788933,3340.740966160332,3339.5491690717868
2026-05-04 09:55:39.567330,0.30342902853439957,3341.0443951888665,3339.567329998776
2026-05-04 09:55:39.654166,0.10355951367286598,3341.147954702539,3339.6541657372372
2026-05-04 09:55:39.676424,0.010395816384092479,3341.1583505189233,3339.6764240359867
2026-05-04 09:55:39.979688,0.08965511015891649,3341.2480056290824,3339.979688005294
2026-05-04 09:55:40.280846,0.17377724716329612,3341.4217828762457,3340.280845755856
2026-05-04 09:55:40.376185,0.010172412861279194,3341.431955289107,3340.3761853514357
2026-05-04 09:55:40.700810,0.16272480564374897,3341.594680094751,3340.7008096501822
2026-05-04 09:55:40.887466,0.05744712241409028,3341.652127217165,3340.8874659525823
2026-05-04 09:55:41.326708,0.053565428916761026,3341.705692646082,3341.3267075024373
2026-05-04 09:55:41.590714,0.16859123802135156,3341.874283884103,3341.5907144600033
2026-05-04 09:55:41.622935,0.5105684964978655,3342.384852380601,3341.622935234009
2026-05-04 09:55:41.696398,0.05978833119020064,3342.444640711791,3341.6963977754613
2026-05-04 09:55:41.901310,0.007508672431365607,3342.4521493842226,3341.901309783621
2026-05-04 09:55:41.932043,0.114240823279661,3342.566390207502,3341.9320427594434
2026-05-04 09:55:42.393815,0.15014727183961774,3342.7165374793417,3342.3938150993376
2026-05-04 09:55:42.421002,0.04176187824332192,3342.758299357585,3342.421001737634
2026-05-04 09:55:42.465413,0.05556553503069837,3342.813864892616,3342.465413123791
2026-05-04 09:55:42.697166,0.10974599767549578,3342.9236108902915,3342.6971660748513
2026-05-04 09:55:42.993232,0.7159346541390879,3343.709166296023,3342.993231641884
2026-05-04 09:55:43.217535,0.010357066070612469,3343.7195233620937,3343.217535135812
2026-05-04 09:55:43.218313,0.012735541292035024,3343.7322589033856,3343.21831327335
2026-05-04 09:55:43.450414,0.08824663348964377,3343.8205055368753,3343.4504140027016
2026-05-04 09:55:43.766744,0.2547013588880054,3344.075206895763,3343.766744018361
2026-05-04 09:55:43.780825,0.010843016283184796,3344.0860499120463,3343.7808249895297
2026-05-04 09:55:43.939578,0.17345886225989315,3344.259508774306,3343.9395775878606
2026-05-04 09:55:44.021623,0.0550215946252184,3344.314530368931,3344.021623363125
2026-05-04 09:55:44.200023,0.06372627599656935,3344.3782566449277,3344.200023271569
2026-05-04 09:55:44.218868,0.9362621609042239,3345.314518805832,3344.218867730187
2026-05-04 09:55:44.678559,0.21116262882122575,3345.525681434653,3344.6785590626696
2026-05-04 09:55:45.375533,0.18384079972231787,3345.7095222343755,3345.3755326283385
2026-05-04 09:55:45.432345,0.2212663333697299,3345.9307885677454,3345.4323453829393
2026-05-04 09:55:45.435980,0.116371192502978,3346.047159760248,3345.4359799313515
2026-05-04 09:55:46.488969,0.0505644144658273,3346.539533161496,3346.48896874703
2026-05-04 09:55:46.616403,0.3377988261321197,3346.954202107158,3346.6164032810257
2026-05-04 09:55:46.674635,0.11407448231557421,3347.0682765894735,3346.674634687521
2026-05-04 09:55:46.767226,0.18370760223313176,3347.2519841917065,3346.7672256548785
2026-05-04 09:55:46.893550,0.22055958922998464,3347.4725437809366,3346.8935495588066
2026-05-04 09:55:47.482151,0.20047767963853003,3347.6826285376214,3347.482150857983
2026-05-04 09:55:47.563735,0.09307614490383288,3347.7757046825254,3347.5637354005703
2026-05-04 09:55:47.619603,0.04651050796870515,3347.8222151904943,3347.619602941412
2026-05-04 09:55:48.333335,0.09364621878127462,3348.4269815552734,3348.333335336492
2026-05-04 09:55:48.725427,0.4268509329813928,3349.152277514841,3348.7254265818597
2026-05-04 09:55:49.449394,0.13832414662120615,3349.5877180700927,3349.4493939234717
2026-05-04 09:55:49.518470,0.12660875058553697,3349.7143268206783,3349.518470250149
2026-05-04 09:55:49.700585,0.20456097861350353,3349.918887799292,3349.7005850584155
2026-05-04 09:55:49.782205,0.16399207143853922,3350.0828798707303,3349.782205457691
2026-05-04 09:55:49.964043,0.13790747047660012,3350.2207873412067,3349.964042961955
2026-05-04 09:55:50.604310,0.08061092253781867,3350.6849211304707,3350.604310207933
2026-05-04 09:55:50.810414,0.6322247983929937,3351.4426384506946,3350.8104136523016
2026-05-04 09:55:51.065508,0.09513971543931438,3351.537778166134,3351.0655075978834
2026-05-04 09:55:51.077434,0.19623079718951641,3351.7340089633235,3351.0774335889096
2026-05-04 09:55:51.104953,0.09541144233941676,3351.829420405663,3351.1049528760946
2026-05-04 09:55:51.129912,0.32894986976714596,3352.15837027543,3351.1299124583225
2026-05-04 09:55:51.217708,0.27750333245956876,3352.43587360789,3351.2177080539795
2026-05-04 09:55:51.331695,0.2630730569807592,3352.6989466648706,3351.3316953396197
2026-05-04 09:55:51.467657,0.11845513459820121,3352.817401799469,3351.467656945462
2026-05-04 09:55:51.521998,0.7170797375039477,3353.5344815369726,3351.521997687874
2026-05-04 09:55:52.498051,0.03724083119941954,3353.5717223681722,3352.4980509898705
2026-05-04 09:55:52.725222,0.025899213631949598,3353.597621581804,3352.725221807608
2026-05-04 09:55:52.806892,0.13086386169886116,3353.728485443503,3352.8068920097357
2026-05-04 09:55:53.046168,0.06609252453853619,3353.7945779680413,3353.0461678949405
2026-05-04 09:55:53.862599,0.14721975690231684,3354.0098188555335,3353.862599098631
2026-05-04 09:55:54.215480,0.13072318793090495,3354.346203549316,3354.2154803613853
2026-05-04 09:55:54.387712,0.0615725236974797,3354.449284106671,3354.387711582973
2026-05-04 09:55:54.433032,0.07313640451052969,3354.5224205111813,3354.433032423106
2026-05-04 09:55:55.043690,0.2640661357318813,3355.3077564111427,3355.043690275411
2026-05-04 09:55:55.384001,0.1305890458669304,3355.5145895585288,3355.3840005126617
2026-05-04 09:55:55.576557,0.428824963843866,3356.0053819979,3355.576557034056
2026-05-04 09:55:56.197078,0.979098431578334,3357.176176465438,3356.1970780338597
2026-05-04 09:55:56.248572,0.03597423060283254,3357.2121506960407,3356.2485719697097
2026-05-04 09:55:56.328772,0.5247228473252152,3357.736873543366,3356.328771759444
2026-05-04 09:55:56.379608,0.1822188028454362,3357.9190923462115,3356.3796084030955
2026-05-04 09:55:56.899031,0.042603579382566,3357.961695925594,3356.899031304568
2026-05-04 09:55:56.899341,0.20292847756513802,3358.1646244031595,3356.8993409283185
2026-05-04 09:55:57.143310,0.30504154420663593,3358.469665947366,3357.1433104411763
2026-05-04 09:55:57.515936,0.2187392919418013,3358.688405239308,3357.515935621372
2026-05-04 09:55:57.575356,0.10687258805440276,3358.7952778273625,3357.5753555891474
2026-05-04 09:55:57.681278,0.12135642942176156,3358.916634256784,3357.6812781817966
2026-05-04 09:55:57.835630,0.19539846287819063,3359.1120327196622,3357.835630179682
2026-05-04 09:55:58.252789,0.057376705546432594,3359.169409425209,3358.252788664388
2026-05-04 09:55:58.672698,0.18792583067269542,3359.3573352558815,3358.67269821874
2026-05-04 09:55:58.801557,0.394786761653606,3359.752122017535,3358.801557228482
2026-05-04 09:55:59.147133,0.023086591889496882,3359.775208609424,3359.1471334072467
2026-05-04 09:55:59.534977,0.22458115692783973,3359.999789766352,3359.534977424719
2026-05-04 09:56:00.101529,0.9340467196813926,3361.0355761281867,3360.1015294085055
2026-05-04 09:56:00.359153,0.46484200964064915,3361.500418137827,3360.3591525485367
2026-05-04 09:56:00.643378,0.30208049545351523,3361.8024986332807,3360.643377986519
2026-05-04 09:56:01.228969,0.037714886853710855,3361.8402135201345,3361.228968673803
2026-05-04 09:56:01.349279,0.32885768851882197,3362.1690712086533,3361.3492785543353
2026-05-04 09:56:01.611152,0.1615765344572593,3362.3306477431106,3361.6111515819293
2026-05-04 09:56:01.627794,0.09771128515511121,3362.4283590282657,3361.6277942824922
2026-05-04 09:56:01.703124,0.2028622396119565,3362.6312212678777,3361.7031242530365
2026-05-04 09:56:02.258451,0.14633535236911288,3362.7775566202467,3362.258451272905
2026-05-04 09:56:02.351378,0.1728228165737986,3362.9503794368206,3362.3513779783148
2026-05-04 09:56:02.479621,0.21397875296376045,3363.1643581897843,3362.479621399845
2026-05-04 09:56:02.525900,0.18142032028238603,3363.345778510067,3362.525899687037
2026-05-04 09:56:02.565295,0.09865393276276327,3363.4444324428296,3362.5652954294555
2026-05-04 09:56:02.654116,0.04364875594083994,3363.4880811987705,3362.6541164993155
2026-05-04 09:56:03.009476,0.0716206036754596,3363.559701802446,3363.0094756589947
2026-05-04 09:56:03.193756,0.3431538867172734,3363.902855689163,3363.193756211405
2026-05-04 09:56:03.571640,0.23312902973242663,3364.1359847188955,3363.57164004493
2026-05-04 09:56:04.087303,0.054963795652670434,3364.1909485145484,3364.0873032004974
2026-05-04 09:56:04.095172,0.07004996767544681,3364.260998482224,3364.0951720241296
2026-05-04 09:56:04.459489,0.034157210170172106,3364.4936461432644,3364.4594889330942
2026-05-04 09:56:04.960868,0.7953830256167999,3365.756250616799,3364.9608675911823
2026-05-04 09:56:05.417328,0.3806961518295331,3366.1369467686286,3365.417328239578
2026-05-04 09:56:05.947980,0.2000578011887554,3366.3370045698175,3365.9479798704
2026-05-04 09:56:06.130566,0.09386853717999749,3366.4308731069973,3366.1305659364443
2026-05-04 09:56:06.344859,0.10683956998721245,3366.5377126769845,3366.3448589721165
2026-05-04 09:56:06.495212,0.05876786999188121,3366.596480546976,3366.4952123459457
2026-05-04 09:56:06.820796,0.04416038417455279,3366.8649561836655,3366.820795799491
2026-05-04 09:56:06.892632,0.1832106726004663,3367.075842315678,3366.8926316430775
2026-05-04 09:56:07.007300,0.3129986523158635,3367.388840967994,3367.0072996183944
2026-05-04 09:56:07.062267,0.27144677445793514,3367.660287742452,3367.062266854415
2026-05-04 09:56:07.183319,0.07287239367082049,3367.733160136123,3367.183319261325
2026-05-04 09:56:07.213216,0.2681839280594968,3368.0013440641824,3367.2132163111996
2026-05-04 09:56:07.454184,0.16593529796281972,3368.167279362145,3367.454184267027
2026-05-04 09:56:07.475195,0.2555378230328944,3368.422817185178,3367.475195139867
2026-05-04 09:56:07.632809,0.2654289952460713,3368.688246180424,3367.6328094983205
2026-05-04 09:56:07.785726,0.15479706311877883,3368.8430432435425,3367.785725922813
2026-05-04 09:56:08.052325,0.11014729171383802,3368.9531905352565,3368.052325126969
2026-05-04 09:56:08.209628,0.43947365502604874,3369.3926641902826,3368.2096279410007
2026-05-04 09:56:09.037120,0.02774948669964696,3369.420413676982,3369.037120062763
2026-05-04 09:56:09.547603,0.028761997815781867,3369.576365209889,3369.547603212073
2026-05-04 09:56:09.721755,0.25196565115099684,3369.973720744456,3369.721755093305
2026-05-04 09:56:10.345508,0.13600866622688976,3370.4815168892355,3370.3455082230084
2026-05-04 09:56:10.676256,0.23831329672693574,3370.914569624142,3370.676256327415
2026-05-04 09:56:11.793404,0.5577873154055574,3372.3511908246937,3371.793403509288
2026-05-04 09:56:12.590124,0.4639301285113157,3373.0540537537636,3372.590123625252
2026-05-04 09:56:12.718262,0.3801743975950119,3373.4342281513586,3372.7182620276717
2026-05-04 09:56:12.811464,0.2795124679590073,3373.713740619318,3372.811463512534
2026-05-04 09:56:13.749290,0.05246656420898286,3373.801756706834,3373.7492901426253
2026-05-04 09:56:13.792662,0.08935936388229025,3373.891116070716,3373.7926620074722
2026-05-04 09:56:14.178247,0.2850526020691497,3374.463299967796,3374.1782473657267
2026-05-04 09:56:14.358267,0.04420867316591698,3374.507508640962,3374.3582670277096
2026-05-04 09:56:14.509171,0.14149072896219642,3374.650661613677,3374.509170884715
2026-05-04 09:56:14.763515,0.3985641500594027,3375.162079355938,3374.763515205879
2026-05-04 09:56:15.051023,0.13232054645020827,3375.2943999023882,3375.051023456695
2026-05-04 09:56:15.373111,0.12509452246978534,3375.4982055770843,3375.3731110546146
2026-05-04 09:56:15.481738,0.3740736885165191,3375.872279265601,3375.4817375140083
2026-05-04 09:56:15.966178,0.31906684162764,3376.285245198608,3375.9661783569804
2026-05-04 09:56:16.208394,0.39113367491795104,3376.676378873526,3376.2083939163276
2026-05-04 09:56:16.253561,0.01998463583586707,3376.696363509362,3376.2535608482262
2026-05-04 09:56:16.734128,0.2200684717806085,3376.9541966325983,3376.734128160818
2026-05-04 09:56:17.055639,0.14133989872203542,3377.196978532089,3377.055638633367
2026-05-04 09:56:17.331471,0.22310819605376017,3377.5545795983967,3377.331471402343
2026-05-04 09:56:17.360912,0.05566205764136513,3377.610241656038,3377.360912479128
2026-05-04 09:56:17.765985,0.024447401097666254,3377.790432272804,3377.765984871706
2026-05-04 09:56:18.079413,0.244263874399369,3378.3236769374507,3378.0794130630516
2026-05-04 09:56:18.195522,0.028923222818227425,3378.352600160269,3378.1955217809214
2026-05-04 09:56:18.212766,0.05967288560109651,3378.4122730458703,3378.21276634062
2026-05-04 09:56:18.357131,0.1451847942521962,3378.5574578401224,3378.357131059563
2026-05-04 09:56:18.538884,0.648022339211492,3379.205480179334,3378.5388836500956
2026-05-04 09:56:18.575668,0.09709193274671289,3379.3025721120807,3378.5756678540956
2026-05-04 09:56:19.167504,0.01833806488908708,3379.32091017697,3379.167503952265
2026-05-04 09:56:19.301092,0.5697825853437303,3379.8906927623134,3379.3010921505193
2026-05-04 09:56:19.697152,0.003532089426052449,3379.8942248517396,3379.6971519830417
2026-05-04 09:56:19.820440,0.11168112962603345,3380.0059059813657,3379.8204399798633
2026-05-04 09:56:19.912499,0.06936857808912306,3380.075274559455,3379.912498620938
2026-05-04 09:56:20.634615,0.4364450431126337,3381.0710600741536,3380.634615031041
2026-05-04 09:56:20.768825,0.13505759438008913,3381.206117668534,3380.7688252826656
2026-05-04 09:56:21.217618,0.1961062799037001,3381.413724596831,3381.217618316927
2026-05-04 09:56:21.430699,0.15360830570750017,3381.584307742985,3381.4306994372773
2026-05-04 09:56:21.446575,0.09301274195044434,3381.6773204849355,3381.446575437479
2026-05-04 09:56:21.495433,0.015471760530239088,3381.6927922454656,3381.495432945933
2026-05-04 09:56:21.548580,0.1636258986403608,3381.856418144106,3381.54857981591
2026-05-04 09:56:21.597607,0.08878880568683928,3381.945206949793,3381.5976072574867
2026-05-04 09:56:21.697843,0.24404661406887584,3382.1892535638617,3381.6978433966106
2026-05-04 09:56:21.934684,0.019884532316261423,3382.209138096178,3381.9346840578646
2026-05-04 09:56:22.366437,0.12078358894331134,3382.487220429242,3382.366436840299
2026-05-04 09:56:22.416532,0.060781691339873135,3382.5480021205817,3382.4165323909506
2026-05-04 09:56:22.960927,0.4131290458176382,3383.374056310119,3382.9609272643015
2026-05-04 09:56:23.093866,0.12588234856421082,3383.4999386586833,3383.093866026857
2026-05-04 09:56:23.274072,0.02602614507270999,3383.525964803756,3383.2740720266384
2026-05-04 09:56:24.341088,0.005209091704591362,3384.3462975287734,3384.3410884370687
2026-05-04 09:56:24.515047,0.16102548756681068,3384.6760720463685,3384.5150465588017
2026-05-04 09:56:24.671018,0.07549962571953614,3384.751571672088,3384.671018104823
2026-05-04 09:56:25.289856,0.23673475516006592,3385.526591112669,3385.289856357509
2026-05-04 09:56:25.842509,0.028884211925641202,3385.8713935012374,3385.8425092893117
2026-05-04 09:56:26.071965,0.040729429917977594,3386.112694034008,3386.07196460409
2026-05-04 09:56:26.640416,0.3773195381435565,3387.017735871211,3386.640416333067
2026-05-04 09:56:27.327079,0.0012146879653869144,3387.3282935937928,3387.3270789058274
2026-05-04 09:56:27.739151,0.31809532693358356,3388.0572460871863,3387.739150760253
2026-05-04 09:56:27.828270,0.03268460617503917,3388.089930693361,3387.828270120808
2026-05-04 09:56:29.399483,0.10644813438960857,3389.505930887246,3389.3994827528563
2026-05-04 09:56:29.527139,0.05701018972751009,3389.5841494696388,3389.5271392799114
2026-05-04 09:56:29.542178,0.22100957589330794,3389.805159045532,3389.54217833889
2026-05-04 09:56:29.612325,0.2696196591707399,3390.0747787047026,3389.6123253029596
2026-05-04 09:56:30.020660,0.2112460976902599,3390.2860248023926,3390.0206598043696
2026-05-04 09:56:31.300585,0.18835099111571996,3391.4889359863246,3391.3005849952087
2026-05-04 09:56:31.406082,0.12440076120108655,3391.613336747526,3391.4060821898083
2026-05-04 09:56:31.885917,0.33022145246986545,3392.2161384486003,3391.8859169961306
2026-05-04 09:56:32.080297,0.16285739375311986,3392.3789958423536,3392.080296765816
2026-05-04 09:56:32.469973,0.12524167495549862,3392.59521504105,3392.4699733660946
2026-05-04 09:56:32.474632,0.05165418075989894,3392.64686922181,3392.4746319014853
2026-05-04 09:56:32.802277,0.1802721169316524,3392.982549477306,3392.8022773603743
2026-05-04 09:56:33.228242,0.012734373400609204,3393.240976825496,3393.2282424520954
2026-05-04 09:56:33.348897,0.04909678874796376,3393.397994125441,3393.348897336693
2026-05-04 09:56:33.457187,0.08474214132394686,3393.5419288541552,3393.457186712831
2026-05-04 09:56:33.592541,0.1826186743159246,3393.7751599517096,3393.5925412773936
2026-05-04 09:56:33.807349,0.10325941259466825,3393.910608805158,3393.8073493925635
2026-05-04 09:56:34.552453,0.0451431198154682,3394.597596008938,3394.552452889123
2026-05-04 09:56:34.802495,0.07596702440680045,3394.87846239247,3394.802495368063
2026-05-04 09:56:35.023019,0.18346022812144147,3395.206479550693,3395.0230193225716
2026-05-04 09:56:35.408541,0.002341949833888871,3395.410882767664,3395.4085408178303
2026-05-04 09:56:35.859300,0.10661337596519249,3395.9659132776424,3395.8592999016773
2026-05-04 09:56:35.886408,0.0919598166329715,3396.0578730942752,3395.886408356063
2026-05-04 09:56:36.080492,0.06230605612962752,3396.142797862751,3396.0804918066215
2026-05-04 09:56:36.609152,0.5231308113790906,3397.1322824973063,3396.6091516859274
2026-05-04 09:56:36.891539,0.13628539750710933,3397.2685678948133,3396.8915386656745
2026-05-04 09:56:37.084712,0.05705839627923516,3397.3256262910927,3397.0847124137454
2026-05-04 09:56:37.458552,0.19910829117417375,3397.657660008442,3397.4585517172677
2026-05-04 09:56:37.611509,0.4615977403788025,3398.1192577488205,3397.6115093027106
2026-05-04 09:56:37.624303,0.07834819869759457,3398.1976059475182,3397.624302717604
2026-05-04 09:56:37.906216,0.13524225124289707,3398.332848198761,3397.906216270866
2026-05-04 09:56:38.261596,0.09686205055419624,3398.429710249315,3398.2615958014344
2026-05-04 09:56:38.469895,0.08985009953937356,3398.559745231147,3398.4698951316077
2026-05-04 09:56:38.558706,0.5103608226247526,3399.0701060537717,3398.558705809416
2026-05-04 09:56:38.798468,0.5238405819712688,3399.593946635743,3398.7984684372573
2026-05-04 09:56:38.802642,0.3231439956562816,3399.9170906313993,3398.802641968189
2026-05-04 09:56:39.554375,0.17881828306302172,3400.095908914462,3399.5543748735668
2026-05-04 09:56:39.562585,0.04039183688710362,3400.136300751349,3399.562584936018
2026-05-04 09:56:40.308677,0.28851312300465093,3400.5971897807185,3400.308676657714
2026-05-04 09:56:40.609222,0.09869976353528187,3400.707922194765,3400.6092224312297
2026-05-04 09:56:41.012881,0.6383841912686379,3401.651265541327,3401.0128813500587
2026-05-04 09:56:41.162275,0.7930160538248718,3402.444281595152,3401.162274590138
2026-05-04 09:56:41.234163,0.5842050218779508,3403.02848661703,3401.234162813279
2026-05-04 09:56:41.647790,0.07601062621237786,3403.1044972432423,3401.6477903555005
2026-05-04 09:56:41.670501,0.4355517070572047,3403.5400489502995,3401.6705005927456
2026-05-04 09:56:41.772705,0.17605483227745486,3403.7161037825767,3401.7727052128594
2026-05-04 09:56:41.887030,0.18043580480949067,3403.896539587386,3401.88703014294
2026-05-04 09:56:41.928374,0.023879768217820542,3403.920419355604,3401.9283735380013
2026-05-04 09:56:42.242293,0.21732071043800963,3404.1377400660417,3402.2422934005754
2026-05-04 09:56:42.659209,0.031965099241744364,3404.1697051652836,3402.6592087581826
2026-05-04 09:56:42.704876,0.19587547709756975,3404.3655806423812,3402.704875970431
2026-05-04 09:56:43.131577,0.18092676057327822,3404.5465074029544,3403.1315774536665
2026-05-04 09:56:43.344915,0.012124032059103673,3404.5586314350135,3403.3449145610857
2026-05-04 09:56:43.495068,0.11432487628512555,3404.6729563112985,3403.495067906809
2026-05-04 09:56:43.538044,0.5636434154201094,3405.236599726719,3403.5380438675807
2026-05-04 09:56:43.617045,0.025545350232595354,3405.2621450769516,3403.617044767013
2026-05-04 09:56:44.743066,0.1105977188752865,3405.372742795827,3404.743066424123
2026-05-04 09:56:44.870767,0.07097349926883798,3405.443716295096,3404.87076724178
2026-05-04 09:56:45.130869,0.13339046729213133,3405.5771067623878,3405.1308690474666
2026-05-04 09:56:45.518428,0.21892954699091338,3405.7960363093785,3405.5184282958044
2026-05-04 09:56:45.659850,0.01940877141130152,3405.8154450807897,3405.659850241968
2026-05-04 09:56:45.983561,0.1810002526084567,3406.164561749796,3405.9835614971876
2026-05-04 09:56:46.710639,0.10041322143386532,3406.8110524870162,3406.7106392655824
2026-05-04 09:56:46.991425,0.050306012707796346,3407.0417314227157,3406.9914254100077
2026-05-04 09:56:47.522894,0.24656740194590224,3407.769461620269,3407.522894218323
2026-05-04 09:56:47.586541,0.18259219575483207,3407.9520538160236,3407.586540616364
2026-05-04 09:56:47.816486,0.10496160509023159,3408.0570154211136,3407.816486097393
2026-05-04 09:56:47.938916,0.0790720025794335,3408.136087423693,3407.938915684169
2026-05-04 09:56:47.978515,0.035501453901270096,3408.1715888775943,3407.978515275146
2026-05-04 09:56:49.279091,0.32643626583222474,3409.6055272812473,3409.279091015415
2026-05-04 09:56:49.618515,0.41007063146811973,3410.028585634896,3409.618515003428
2026-05-04 09:56:49.764285,0.08549729937825862,3410.1140829342744,3409.7642845357764
2026-05-04 09:56:50.352226,0.7286881506506133,3411.080914625563,3410.352226474912
2026-05-04 09:56:50.765478,0.2582717701875119,3411.3391863957504,3410.765478296408
2026-05-04 09:56:51.400522,0.05434604021101729,3411.454867893349,3411.400521853138
2026-05-04 09:56:51.786290,0.1653658738777768,3411.9516561323103,3411.7862902584325
2026-05-04 09:56:52.104045,0.7638055466663427,3412.8678505026646,3412.1040449559982
2026-05-04 09:56:52.131381,0.017101882501611463,3412.8849523851663,3412.1313812812236
2026-05-04 09:56:53.116626,0.748430386513443,3413.865056621546,3413.1166262350325
2026-05-04 09:56:53.155950,0.17684705928405534,3414.0419036808303,3413.1559495779793
2026-05-04 09:56:53.306535,0.20816628535662385,3414.250069966187,3413.3065349589892
2026-05-04 09:56:53.433461,0.20341144322260415,3414.4534814094095,3413.433460991038
2026-05-04 09:56:53.443435,0.061442796080711765,3414.5149242054904,3413.443435106899
2026-05-04 09:56:54.739993,0.1548710276522168,3414.8948644379984,3414.7399934103464
2026-05-04 09:56:55.204239,0.10429862906552106,3415.3085379967238,3415.2042393676584
2026-05-04 09:56:56.003812,0.06383290712732544,3416.0676453144088,3416.0038124072817
2026-05-04 09:56:56.581957,0.15070365425327295,3416.732660801312,3416.5819571470583
2026-05-04 09:56:56.882872,0.15053585230740818,3417.0334078838173,3416.88287203151
2026-05-04 09:56:57.064282,0.16654382497065082,3417.230826273794,3417.064282448823
2026-05-04 09:56:57.458105,0.054010074852512295,3417.5121146395204,3417.458104564668
2026-05-04 09:56:57.515288,0.2103164833506817,3417.7256042824583,3417.5152877991077
2026-05-04 09:56:57.571389,0.6129198826061439,3418.3385241650644,3417.5713890318393
2026-05-04 09:56:57.767348,0.652735978603693,3418.991260143668,3417.767347530673
2026-05-04 09:56:57.792029,0.13606507872010698,3419.127325222388,3417.792029122037
2026-05-04 09:56:57.955174,0.09341049807776447,3419.220735720466,3417.9551738352257
2026-05-04 09:56:58.152638,0.00017404591970035846,3419.220909766386,3418.152637727257
2026-05-04 09:56:58.404435,0.1869217603574413,3419.4078315267434,3418.404435119144
2026-05-04 09:56:58.423812,0.3736985060294216,3419.781530032773,3418.423812092151
2026-05-04 09:56:58.797235,0.2381642412936371,3420.0196942740668,3418.797235174474
2026-05-04 09:56:59.475916,0.10479867844762872,3420.124492952514,3419.4759159510845
2026-05-04 09:56:59.929149,0.05853124345570058,3420.1830241959697,3419.9291494903187
2026-05-04 09:56:59.930358,0.17262508934519546,3420.355649285315,3419.9303584140284
2026-05-04 09:57:00.506840,0.19816738214984905,3420.7050069206316,3420.506839538482
2026-05-04 09:57:00.716205,0.010975604523772158,3420.727180362213,3420.716204757689
2026-05-04 09:57:01.294259,0.1007225889306514,3421.394981697551,3421.2942591086203
2026-05-04 09:57:02.341688,0.03909739134815812,3422.3807853165217,3422.3416879251736
2026-05-04 09:57:02.613969,0.2021593185126821,3422.816128222016,3422.613968903503
2026-05-04 09:57:02.667651,0.17295625367964104,3422.9890844756956,3422.6676508522273
2026-05-04 09:57:03.151191,0.17068924764847698,3423.321880254482,3423.1511910068334
2026-05-04 09:57:03.168235,0.08032617272276438,3423.402206427205,3423.1682349797293
2026-05-04 09:57:04.902374,0.06465185976805325,3424.9670255947,3424.9023737349316
2026-05-04 09:57:05.484093,0.37788317988470554,3425.8619764678324,3425.484093287948
2026-05-04 09:57:06.070644,0.5957427634641114,3426.6663868207006,3426.0706440572367
2026-05-04 09:57:06.200198,0.14258682340634773,3426.808973644107,3426.200197583267
2026-05-04 09:57:06.594598,0.04513775328605632,3426.854111397393,3426.594598366787
2026-05-04 09:57:07.444439,0.08675209172543988,3427.5311913055434,3427.444439213818
2026-05-04 09:57:07.578906,0.1448872219862495,3427.7237934544983,3427.578906232512
2026-05-04 09:57:07.598500,0.09389879745338331,3427.8176922519515,3427.5985002886846
2026-05-04 09:57:07.842616,0.005054120121100468,3427.8476696313687,3427.8426155112475
2026-05-04 09:57:07.998309,0.033859768015530894,3428.032169185126,3427.9983094171102
2026-05-04 09:57:08.098312,0.02634018701082453,3428.124651697469,3428.098311510458
2026-05-04 09:57:08.125494,0.16648335918468207,3428.29197774337,3428.125494384185
2026-05-04 09:57:08.430333,0.24373985510185278,3428.674072582401,3428.430332727299
2026-05-04 09:57:08.515147,0.012594640925364609,3428.6866672233264,3428.5151465739755
2026-05-04 09:57:08.807818,0.5268043733104716,3429.3346223768026,3428.8078180034922
2026-05-04 09:57:09.183903,0.1337913916843614,3429.468413768487,3429.183902777255
2026-05-04 09:57:10.144959,0.1879225297273258,3430.3328810513467,3430.144958521619
2026-05-04 09:57:10.842828,0.16868661228866613,3431.0115149571884,3430.8428283448998
2026-05-04 09:57:10.894942,0.04989341286797604,3431.0614083700566,3430.8949420923554
2026-05-04 09:57:11.527493,0.006435795226531988,3431.5339290412103,3431.527493245984
2026-05-04 09:57:11.722906,0.1190360159970742,3431.8419422996426,3431.7229062836454
2026-05-04 09:57:13.228666,0.06336864373359745,3433.2920348464554,3433.228666202722
2026-05-04 09:57:13.262790,0.13754027641739414,3433.429575122873,3433.2627904937735
2026-05-04 09:57:13.673686,0.025496503976772833,3433.699182861309,3433.6736863573324
2026-05-04 09:57:14.133174,0.17548805701956993,3434.308661847013,3434.133173789993
2026-05-04 09:57:14.799727,0.2270241839544791,3435.026751220802,3434.7997270368473
2026-05-04 09:57:14.846399,0.6823732503276005,3435.7091244711296,3434.846399090037
2026-05-04 09:57:14.936892,0.003975764239900959,3435.7131002353694,3434.9368920747984
2026-05-04 09:57:14.966925,0.016881311037080456,3435.7299815464066,3434.966925286433
2026-05-04 09:57:15.729247,0.2531167761075385,3435.9830983225143,3435.729246540777
2026-05-04 09:57:15.899338,0.21266802376264385,3436.1957663462767,3435.899338395598
2026-05-04 09:57:16.664681,0.03617081913608036,3436.700852269017,3436.664681449881
2026-05-04 09:57:17.325115,0.21029702180584167,3437.5354119740396,3437.325114952234
2026-05-04 09:57:17.468983,0.26414189624276946,3437.799553870282,3437.4689831797814
2026-05-04 09:57:18.634815,0.03626597438961734,3438.671081176585,3438.6348152021956
2026-05-04 09:57:19.085589,0.20637449568545382,3439.2919634778677,3439.0855889821823
2026-05-04 09:57:19.132577,0.20040890828333732,3439.492372386151,3439.132576757401
2026-05-04 09:57:19.209047,0.3915550434321573,3439.8839274295833,3439.209046710753
2026-05-04 09:57:19.275231,0.03722059549330767,3439.9211480250765,3439.2752307313094
2026-05-04 09:57:19.277068,0.6868106098772798,3440.607958634954,3439.2770675121974
2026-05-04 09:57:19.598886,0.02545287534408405,3440.6334115102977,3439.5988860979296
2026-05-04 09:57:19.796343,0.1256409077402513,3440.7590524180378,3439.7963434198327
2026-05-04 09:57:20.110725,0.1596955864762783,3440.918748004514,3440.110725235709
2026-05-04 09:57:20.958688,0.05898673868439778,3441.0176744645732,3440.958687725889
2026-05-04 09:57:20.971734,0.21848991833602796,3441.2361643829095,3440.9717338428477
2026-05-04 09:57:21.175068,0.2933559051775826,3441.529520288087,3441.1750684476715
2026-05-04 09:57:21.640382,0.1938856157091334,3441.8342676529423,3441.6403820372334
2026-05-04 09:57:21.879832,0.37020101796255794,3442.250033006504,3441.8798319885414
2026-05-04 09:57:22.282391,0.09875035925685263,3442.3811417556253,3442.2823913963684
2026-05-04 09:57:22.347099,0.14150767780789783,3442.5226494334333,3442.3470993450405
2026-05-04 09:57:22.917649,0.00955610674323413,3442.927205391061,3442.9176492843176
2026-05-04 09:57:23.156568,0.774997602878049,3443.931565350754,3443.156567747876
2026-05-04 09:57:24.159424,0.24971265752481597,3444.4091370094375,3444.1594243519125
2026-05-04 09:57:24.347667,0.2774441912773868,3444.686581200715,3444.3476670546183
2026-05-04 09:57:24.444768,0.42834261126477235,3445.1149238119797,3444.4447684940174
2026-05-04 09:57:25.375051,0.08964052573463606,3445.46469149954,3445.3750509738056
2026-05-04 09:57:25.384224,0.04805500321534949,3445.5127465027554,3445.38422406533
2026-05-04 09:57:25.609423,0.2447557410697877,3445.854178292527,3445.6094225514576
2026-05-04 09:57:25.950483,0.40809293027142185,3446.3585761537156,3445.9504832234443
2026-05-04 09:57:25.951860,0.0734421110379105,3446.4320182647534,3445.951860341801
2026-05-04 09:57:26.649505,1.0816032518778298,3447.7311077708027,3446.649504518925
2026-05-04 09:57:26.985919,0.04336191778016271,3447.774469688583,3446.9859191507953
2026-05-04 09:57:27.221220,0.13240020795478488,3447.9068698965375,3447.221219794006
2026-05-04 09:57:27.275637,0.08276551396024309,3447.9896354104976,3447.2756367717157
2026-05-04 09:57:27.484088,0.3235716925197713,3448.3132071030172,3447.484088232778
2026-05-04 09:57:27.855139,0.09344932085714788,3448.406656423874,3447.8551389016243
2026-05-04 09:57:28.255221,0.2868355095960842,3448.6934919334703,3448.255220719885
2026-05-04 09:57:28.302899,0.006328165199862926,3448.69982009867,3448.3028990804037
2026-05-04 09:57:28.381215,0.016416395546215056,3448.716236494216,3448.3812152715577
2026-05-04 09:57:28.617536,0.2016060572796104,3448.9178425514956,3448.6175356378158
2026-05-04 09:57:28.689083,0.18661374891040008,3449.104456300406,3448.6890826229837
2026-05-04 09:57:28.776595,0.0354242285455925,3449.139880528952,3448.776594591473
2026-05-04 09:57:29.012872,0.49954227538887974,3449.639422804341,3449.0128722227723
2026-05-04 09:57:29.769457,0.23475531239338282,3450.004212003626,3449.769456691233
2026-05-04 09:57:30.486233,0.314700344657942,3450.8009331405046,3450.4862327958467
2026-05-04 09:57:30.622451,0.20847773073409132,3451.0094108712387,3450.6224509391745
2026-05-04 09:57:30.970027,0.00563362891601284,3451.0150445001545,3450.970027331731
2026-05-04 09:57:31.244568,0.18621888244386378,3451.4307865526366,3451.2445676701927
2026-05-04 09:57:31.571386,0.3958128412471933,3451.967198978175,3451.5713861369277
2026-05-04 09:57:31.893437,0.004025994648073998,3451.971224972823,3451.8934367940255
2026-05-04 09:57:32.017049,0.11183689949857928,3452.128885479788,3452.0170485802896
2026-05-04 09:57:32.118203,0.1616554708527375,3452.2905409506407,3452.1182026186893
2026-05-04 09:57:32.866552,0.6990181539632716,3453.565570088245,3452.8665519342817
2026-05-04 09:57:33.448706,0.2312121650196847,3453.7967822532646,3453.448706251149
2026-05-04 09:57:33.635534,0.25833397948723297,3454.055116232752,3453.635533945708
2026-05-04 09:57:33.916745,0.10342815268557558,3454.1585443854374,3453.916745088926
2026-05-04 09:57:33.940273,0.21428217107345754,3454.372826556511,3453.9402730634015
2026-05-04 09:57:34.534451,0.9322178646789143,3455.466668782215,3454.534450917536
2026-05-04 09:57:34.640012,0.10908627798933397,3455.5757550602043,3454.6400122731716
2026-05-04 09:57:36.188828,0.0031012748229596247,3456.1919291571066,3456.1888278822835
2026-05-04 09:57:36.352384,0.26289002968775294,3456.615274164477,3456.352384134789
2026-05-04 09:57:36.549586,0.6566005080257549,3457.2718746725027,3456.5495857408146
2026-05-04 09:57:36.822994,0.22578512193556222,3457.4976597944383,3456.822993940074
2026-05-04 09:57:37.702227,0.30421238725565825,3458.00643964401,3457.702227256754
2026-05-04 09:57:37.852091,0.19641860211254158,3458.202858246122,3457.8520913633165
2026-05-04 09:57:37.901255,0.10926983620677398,3458.312128082329,3457.901254882586
2026-05-04 09:57:38.343853,0.08851580933508445,3458.432368901834,3458.3438530924986
2026-05-04 09:57:38.582039,0.6563600342823017,3459.2383993904514,3458.582039356169
2026-05-04 09:57:38.903353,0.3953995428555205,3459.633798933307,3458.903352950405
2026-05-04 09:57:38.904525,0.25632667991190866,3459.890125613219,3458.904525395989
2026-05-04 09:57:39.068554,0.09812534472876017,3459.988250957948,3459.068554349016
2026-05-04 09:57:39.559399,0.03889734933855626,3460.0271483072866,3459.5593986828876
2026-05-04 09:57:39.741675,0.20216128006506096,3460.2293095873515,3459.741674654118
2026-05-04 09:57:39.925728,0.36626226124959493,3460.595571848601,3459.92572807569
2026-05-04 09:57:40.218439,0.32490278372112474,3460.920474632322,3460.2184393920907
2026-05-04 09:57:40.395189,0.9191962890544565,3461.8396709213766,3460.395189386168
2026-05-04 09:57:40.488742,0.002291407678373317,3461.841962329055,3460.488741722927
2026-05-04 09:57:40.495174,0.7407790371113007,3462.5827413661664,3460.495174108823
2026-05-04 09:57:40.774796,0.03550945246723078,3462.6182508186334,3460.7747960621914
2026-05-04 09:57:40.815866,0.21924766957151431,3462.837498488205,3460.815866441679
2026-05-04 09:57:41.582632,0.07387015416303086,3462.911368642368,3461.582632336895
2026-05-04 09:57:41.715860,0.5463867117718291,3463.45775535414,3461.715860396206
2026-05-04 09:57:41.860413,0.06057904756596353,3463.518334401706,3461.8604126527007
2026-05-04 09:57:41.980620,0.6445927074099291,3464.162927109116,3461.980620472952
2026-05-04 09:57:42.546763,0.12520284278143773,3464.2881299518976,3462.5467627320086
2026-05-04 09:57:43.292597,0.19822854940000173,3464.4863585012977,3463.292596681477
2026-05-04 09:57:43.431731,0.006167642229761362,3464.4925261435274,3463.4317313890297
2026-05-04 09:57:43.496376,0.13155335682463587,3464.624079500352,3463.4963761711006
2026-05-04 09:57:43.891199,0.11779737125317441,3464.741876871605,3463.8911993833494
2026-05-04 09:57:44.117473,0.1316851939503216,3464.8735620655557,3464.1174734788974
2026-05-04 09:57:44.930016,0.10861064333421096,3465.0386267570716,3464.9300161137376
2026-05-04 09:57:45.003393,0.6962508028606557,3465.734877559932,3465.0033925561443
2026-05-04 09:57:45.048545,0.17504352798000156,3465.909921087912,3465.0485453976203
2026-05-04 09:57:45.479000,0.6159886615584786,3466.5259097494704,3465.4790001643514
2026-05-04 09:57:45.498279,1.3233176309619061,3467.8492273804322,3465.4982785072593
2026-05-04 09:57:45.874584,0.011268796411528,3467.8604961768438,3465.8745837862066
2026-05-04 09:57:46.013071,0.13776144028833612,3467.998257617132,3466.0130713257845
2026-05-04 09:57:46.589029,0.11681567536197257,3468.115073292494,3466.5890292469976
2026-05-04 09:57:46.771221,0.41126476991137245,3468.526338062405,3466.771221317818
2026-05-04 09:57:46.921736,0.09786136614729128,3468.6241994285524,3466.9217360803536
2026-05-04 09:57:47.004806,0.3016758159511912,3468.9258752445035,3467.004806422564
2026-05-04 09:57:47.086013,0.9625994896651385,3469.8884747341685,3467.086013121909
2026-05-04 09:57:47.184694,0.0901709040700845,3469.9786456382385,3467.1846938904237
2026-05-04 09:57:47.739744,0.19340999372698497,3470.1720556319656,3467.7397441582457
2026-05-04 09:57:48.092962,0.06606211945603707,3470.2381177514217,3468.0929620295656
2026-05-04 09:57:48.264381,0.6213189710388678,3470.8594367224605,3468.264381346348
2026-05-04 09:57:48.910286,0.060727248836416614,3470.920163971297,3468.9102855535425
2026-05-04 09:57:48.919430,0.006677304238336335,3470.926841275535,3468.9194301316247
2026-05-04 09:57:48.980344,0.02084087967960561,3470.947682155215,3468.9803444779986
2026-05-04 09:57:49.658278,0.021981646475075074,3470.96966380169,3469.6582778642214
2026-05-04 09:57:49.878515,0.0017773620384270066,3470.9714411637283,3469.8785152866767
2026-05-04 09:57:50.362490,0.09530504893899905,3471.066746212667,3470.3624899506513
2026-05-04 09:57:51.066603,0.6905606126484933,3471.7573068253155,3471.0666031640503
2026-05-04 09:57:51.133724,0.022916265197227403,3471.7802230905127,3471.13372371801
2026-05-04 09:57:51.284041,0.15859929420850843,3471.9388223847213,3471.2840410128956
2026-05-04 09:57:51.674879,0.00970847032782714,3471.9485308550493,3471.674879186685
2026-05-04 09:57:52.089940,0.08794206944972396,3472.177882073375,3472.089940003925
2026-05-04 09:57:52.335091,0.21333619542907792,3472.548427624593,3472.3350914291636
2026-05-04 09:57:53.890633,0.1624380384962947,3474.0530711946526,3473.890633156156
2026-05-04 09:57:54.198789,0.19099942604851108,3474.3897884233593,3474.1987889973107
2026-05-04 09:57:54.958891,0.4968459934948805,3475.4557373286943,3474.9588913351995
2026-05-04 09:57:55.030102,0.21878471537659028,3475.6745220440707,3475.030101595819
2026-05-04 09:57:55.408276,0.02289453347667251,3475.6974165775473,3475.4082762003295
2026-05-04 09:57:55.935032,0.040824875999801474,3475.9758566172345,3475.9350317412345
2026-05-04 09:57:55.998927,0.1263609667361214,3476.1252879307553,3475.998926964019
2026-05-04 09:57:57.061110,0.028215756590819863,3477.089326233531,3477.0611104769405
2026-05-04 09:57:57.162842,0.5052429235265148,3477.6680844238304,3477.162841500304
2026-05-04 09:57:57.787351,0.04318391721212636,3477.8305353256774,3477.7873514084654
2026-05-04 09:57:58.019550,0.11065971460109798,3478.130209275466,3478.0195495608646
2026-05-04 09:57:58.682883,0.25654029643256504,3478.939423203778,3478.6828829073456
2026-05-04 09:57:59.388612,0.07051467506149728,3479.459126212238,3479.3886115371765
2026-05-04 09:57:59.495804,0.46318947052606385,3479.958993741407,3479.495804270881
2026-05-04 09:57:59.608841,0.22101328923342148,3480.1800070306404,3479.6088406300114
2026-05-04 09:57:59.743520,0.006305971636876673,3480.186313002277,3479.7435199763922
2026-05-04 09:57:59.983856,0.10040687656179764,3480.286719878839,3479.983856026098
2026-05-04 09:58:00.076406,0.295680639046605,3480.5824005178856,3480.0764063676547
2026-05-04 09:58:00.308558,0.4091483515346506,3480.99154886942,3480.3085575748987
2026-05-04 09:58:00.464463,0.12174559341823887,3481.1132944628384,3480.4644631965016
2026-05-04 09:58:02.178138,0.9619427025988522,3483.140080365033,3482.1781376624344
2026-05-04 09:58:02.494497,0.15804605339055475,3483.2981264184236,3482.4944974758846
2026-05-04 09:58:03.055722,0.04835949439742583,3483.346485912821,3483.055722130576
2026-05-04 09:58:03.307749,0.3451169101652293,3483.6916028229866,3483.3077491013314
2026-05-04 09:58:03.489848,0.028730868837276543,3483.7203336918237,3483.489847789796
2026-05-04 09:58:03.703246,0.08388128888921954,3483.804214980713,3483.703246470814
2026-05-04 09:58:04.464029,0.012107663084948254,3484.4761365283985,3484.4640288653136
2026-05-04 09:58:04.597835,0.29592071810339304,3484.8937554638196,3484.597834745716
2026-05-04 09:58:04.841650,0.016627958857433938,3484.910383422677,3484.841649650097
2026-05-04 09:58:05.062152,0.17653106205300356,3485.2386828462636,3485.0621517842105
2026-05-04 09:58:05.085279,0.10094073351136067,3485.339623579775,3485.0852785699885
2026-05-04 09:58:05.507766,0.3223292590646437,3485.8300951109313,3485.5077658518667
2026-05-04 09:58:05.733938,0.43895486295750735,3486.2690499738887,3485.7339383259414
2026-05-04 09:58:06.015310,0.11284530082637914,3486.381895274715,3486.015309620667
2026-05-04 09:58:06.016858,0.23125120181611736,3486.6131464765313,3486.016857847196
2026-05-04 09:58:06.251527,0.015781358305615154,3486.6289278348368,3486.2515274240154
2026-05-04 09:58:06.632263,0.005238039457136202,3486.6375011408923,3486.632263101435
2026-05-04 09:58:06.721566,0.01419928246426938,3486.735764835823,3486.7215655533587
2026-05-04 09:58:06.741064,0.123550378937511,3486.86461399278,3486.7410636138425
2026-05-04 09:58:07.852570,0.053360043225627575,3487.905929556377,3487.8525695131516
2026-05-04 09:58:08.065341,0.2022723306470872,3488.2676131028807,3488.0653407722334
2026-05-04 09:58:08.360434,0.19300101956366725,3488.5534345434944,3488.3604335239306
2026-05-04 09:58:08.590472,0.01240314874518237,3488.602874988306,3488.590471839561
2026-05-04 09:58:08.646496,0.08209344573712365,3488.7285889543077,3488.6464955085708
2026-05-04 09:58:09.100444,0.6499107550881127,3489.750354764267,3489.100444009179
2026-05-04 09:58:09.404420,0.27969633190974247,3490.0300510961765,3489.4044198010847
2026-05-04 09:58:09.520322,0.16798008666125586,3490.198031182838,3489.5203222957516
2026-05-04 09:58:09.659599,0.021600068681837514,3490.21963125152,3489.6595986164975
2026-05-04 09:58:09.937003,0.43434840146112275,3490.653979652981,3489.9370032347224
2026-05-04 09:58:10.498068,0.6609890324205304,3491.3149686854017,3490.498068423221
2026-05-04 09:58:10.979844,0.14777869007214037,3491.462747375474,3490.9798439295687
2026-05-04 09:58:10.987708,0.2776067044415987,3491.7403540799155,3490.987707667433
2026-05-04 09:58:11.598049,0.44506888029219377,3492.1854229602077,3491.5980486784065
2026-05-04 09:58:11.622210,0.1202077102887321,3492.3056306704966,3491.622209843985
2026-05-04 09:58:12.021151,0.4726755878368041,3492.7783062583335,3492.0211507551476
2026-05-04 09:58:12.157226,0.2248078937972706,3493.003114152131,3492.157225772333
2026-05-04 09:58:12.356041,0.10924120602906794,3493.1123553581597,3492.356040803412
2026-05-04 09:58:12.403534,0.047500689649278144,3493.159856047809,3492.4035336210286
2026-05-04 09:58:12.416994,0.16113950675604738,3493.3209955545653,3492.4169944678424
2026-05-04 09:58:12.823683,0.2710113981458317,3493.592006952711,3492.8236834885233
2026-05-04 09:58:12.829379,0.11329243197930534,3493.7052993846905,3492.8293790606117
2026-05-04 09:58:13.194070,0.09596661158470189,3493.801265996275,3493.1940702455313
2026-05-04 09:58:14.133777,0.03117164577066153,3494.1649486945544,3494.1337770487835
2026-05-04 09:58:14.316892,0.019862904298864573,3494.3367549775494,3494.3168920732505
2026-05-04 09:58:15.050645,0.28446757219984015,3495.3351127974342,3495.0506452252343
2026-05-04 09:58:15.203797,0.058675954311179127,3495.3937887517454,3495.2037966991493
2026-05-04 09:58:15.400486,0.3412647990015296,3495.7417510675473,3495.4004862685456
2026-05-04 09:58:15.799641,0.11928119579599661,3495.918922068249,3495.799640872453
2026-05-04 09:58:15.980635,0.08349905340796558,3496.0641336045496,3495.9806345511415
2026-05-04 09:58:15.988464,0.07524960502352633,3496.139383209573,3495.9884643727714
2026-05-04 09:58:16.083501,0.444676162705933,3496.584059372279,3496.083501228981
2026-05-04 09:58:16.207278,0.00830850641599183,3496.5923678786953,3496.2072776029636
2026-05-04 09:58:16.710009,0.3101898246098006,3497.0201986494017,3496.7100088247917
2026-05-04 09:58:16.819041,0.06387813404891704,3497.0840767834507,3496.8190405124437
2026-05-04 09:58:17.108200,0.10269505694709279,3497.2108952718395,3497.1082002148923
2026-05-04 09:58:17.257700,0.22017798025526814,3497.477877963536,3497.2576999832804
2026-05-04 09:58:17.596599,0.026907096683618244,3497.623506395645,3497.5965992989613
2026-05-04 09:58:17.683939,0.043347020285035225,3497.727285551559,3497.6839385312737
2026-05-04 09:58:18.206687,0.1711373587597957,3498.377824623858,3498.206687265098
2026-05-04 09:58:18.223645,0.4576502798724579,3498.8354749037303,3498.223645077225
2026-05-04 09:58:18.644114,0.09746314075204308,3498.9329380444824,3498.6441138420146
2026-05-04 09:58:19.022535,0.45033635098473845,3499.472871323633,3499.0225349726484
2026-05-04 09:58:19.164887,0.2576507445979836,3499.730522068231,3499.1648871184493
2026-05-04 09:58:19.454377,0.0013431260204217095,3499.7318651942514,3499.454377381001
2026-05-04 09:58:20.397557,0.1259824850637928,3500.5235391804895,3500.3975566954255
2026-05-04 09:58:20.508672,0.15767182994903173,3500.6812110104383,3500.5086717679646
2026-05-04 09:58:20.513926,0.0800235214025022,3500.7612345318407,3500.513926021012
2026-05-04 09:58:20.710296,0.18515277082781223,3500.9463873026684,3500.710295835508
2026-05-04 09:58:20.732011,0.17783387111042542,3501.124221173779,3500.732010723146
2026-05-04 09:58:21.379947,0.5266507636773359,3501.906597335055,3501.3799465713773
2026-05-04 09:58:21.787735,0.2333820505112486,3502.139979385566,3501.787734807623
2026-05-04 09:58:21.913657,0.0125794684966558,3502.152558854063,3501.913657093968
2026-05-04 09:58:22.037284,0.002800509018236297,3502.155359363081,3502.037284185599
2026-05-04 09:58:22.189952,0.08980959201113607,3502.27976185357,3502.189952261559
2026-05-04 09:58:22.297063,0.22768531802606004,3502.524748726753,3502.297063408727
2026-05-04 09:58:22.942184,0.27177877761061686,3503.213963017784,3502.9421842401734
2026-05-04 09:58:23.504458,0.4119473776092741,3503.9164049722435,3503.5044575946345
2026-05-04 09:58:23.523450,0.5336436254996615,3504.4500485977433,3503.5234503599663
2026-05-04 09:58:23.572930,0.03977227857839443,3504.4898208763216,3503.5729303477465
2026-05-04 09:58:23.756472,0.0802754424824091,3504.570096318804,3503.756472200098
2026-05-04 09:58:24.004747,0.4495374911009866,3505.0196338099054,3504.0047465338644
2026-05-04 09:58:24.366229,0.002982566599393704,3505.0226163765046,3504.366229392592
2026-05-04 09:58:24.728617,0.02641934445837414,3505.049035720963,3504.7286170667808
2026-05-04 09:58:25.015522,0.02691615559640692,3505.0759518765594,3505.015522266608
2026-05-04 09:58:25.285770,0.21579346163712654,3505.5015634195356,3505.2857699578985
2026-05-04 09:58:25.853525,0.525825942253986,3506.3793504742375,3505.8535245319836
2026-05-04 09:58:25.903538,0.28789475135741854,3506.667245225595,3505.9035375151907
2026-05-04 09:58:26.467677,0.21947627459177965,3506.8867215001865,3506.4676773879996
2026-05-04 09:58:28.731920,0.03447834385117094,3508.7663981246255,3508.731919780774
2026-05-04 09:58:29.060820,0.03876239112292537,3509.099581940544,3509.060819549421
2026-05-04 09:58:29.359035,0.03252545740917219,3509.3915605073694,3509.3590350499603
2026-05-04 09:58:29.380793,0.1550620276502119,3509.5466225350197,3509.380793142945
2026-05-04 09:58:29.877074,0.042758564001792496,3509.9198326414216,3509.87707407742
2026-05-04 09:58:30.118208,0.17471478410164168,3510.2929225009507,3510.118207716849
2026-05-04 09:58:30.353989,0.07269616146514662,3510.426685290726,3510.3539891292608
2026-05-04 09:58:30.843584,0.07416445533269715,3510.917748256124,3510.8435838007913
2026-05-04 09:58:31.084785,0.21785218490617286,3511.3026376322373,3511.0847854473313
2026-05-04 09:58:31.102685,0.004882200371269073,3511.3075198326087,3511.102684699216
2026-05-04 09:58:31.112159,0.1264291150142021,3511.433948947623,3511.1121592675127
2026-05-04 09:58:31.654405,0.3803412328713178,3512.0347463009493,3511.654405068078
2026-05-04 09:58:32.597301,0.029037449499900093,3512.626338359237,3512.597300909737
2026-05-04 09:58:32.884153,0.137327754232799,3513.0214812407635,3512.8841534865305
2026-05-04 09:58:32.927879,0.04745063435566468,3513.0689318751192,3512.9278788193596
2026-05-04 09:58:33.134787,0.8379991587883042,3513.9727865939185,3513.1347874351304
2026-05-04 09:58:33.454725,0.08238885481288459,3514.0551754487315,3513.4547245519116
2026-05-04 09:58:33.939451,0.7869528196886105,3514.84212826842,3513.9394512168
2026-05-04 09:58:34.173548,0.1430783393132157,3514.9852066077333,3514.173547604008
2026-05-04 09:58:34.476583,0.008321189822932097,3514.993527797556,3514.476583039196
2026-05-04 09:58:35.017668,0.1288506646917076,3515.1465190691406,3515.017668404449
2026-05-04 09:58:35.398966,0.13999588075878994,3515.5389616632574,3515.3989657824986
2026-05-04 09:58:35.556305,0.0322877789676581,3515.588592686022,3515.5563049070543
2026-05-04 09:58:35.759778,0.0365451999178304,3515.7963229030147,3515.759777703097
2026-05-04 09:58:35.878364,0.27526048415087273,3516.1536246856344,3515.8783642014837
2026-05-04 09:58:36.027968,0.1683994809060948,3516.3220241665404,3516.0279680705053
2026-05-04 09:58:36.322266,0.09258148065788231,3516.414847201608,3516.3222657209503
2026-05-04 09:58:36.381937,0.08486299348743928,3516.4997101950958,3516.3819369881708
2026-05-04 09:58:36.479193,0.051197143914096445,3516.55090733901,3516.479193465212
2026-05-04 09:58:36.988034,0.40878473587478725,3517.3968185192944,3516.9880337834197
2026-05-04 09:58:37.492185,0.03609510036246454,3517.5282805940724,3517.4921854937097
2026-05-04 09:58:37.743055,0.04036907964351309,3517.783424184549,3517.7430551049056
2026-05-04 09:58:37.836405,0.10576479833063662,3517.9421696829927,3517.836404884662
2026-05-04 09:58:38.409247,0.07227079728060913,3518.481517852119,3518.4092470548385
2026-05-04 09:58:38.417887,0.1522991692113985,3518.6338170213303,3518.417886880276
2026-05-04 09:58:38.849428,0.00473149172469248,3518.8541591142002,3518.8494276224756
2026-05-04 09:58:39.513941,0.09643688834019713,3519.6103778557467,3519.5139409674066
2026-05-04 09:58:39.965545,0.029693388395308596,3519.9952379312817,3519.9655445428866
2026-05-04 09:58:40.264713,0.520621436731833,3520.785334474271,3520.2647130375394
2026-05-04 09:58:40.481419,0.2992601002396569,3521.084594574511,3520.4814187088227
2026-05-04 09:58:40.934169,0.25639775372093404,3521.340992328232,3520.93416859653
2026-05-04 09:58:41.007524,0.2482346458473216,3521.5892269740793,3521.007523812042
2026-05-04 09:58:41.206422,0.06368356896604599,3521.6529105430454,3521.2064222545728
2026-05-04 09:58:41.552057,0.28576608156205885,3521.9386766246075,3521.5520569802848
2026-05-04 09:58:41.647173,0.22496184356963447,3522.163638468177,3521.647173221719
2026-05-04 09:58:41.878954,0.0032136438347261606,3522.166852112012,3521.8789542894388
2026-05-04 09:58:42.022162,0.0552854821739905,3522.222137594186,3522.0221618114215
2026-05-04 09:58:42.073736,0.11684832546773448,3522.3389859196536,3522.0737361654337
2026-05-04 09:58:42.126159,0.0005115522600239552,3522.3394974719135,3522.126159477812
2026-05-04 09:58:42.592284,0.2124216450949223,3522.8047052184356,3522.592283573341
2026-05-04 09:58:42.796449,0.026600452320232934,3522.8313056707557,3522.796448908108
2026-05-04 09:58:43.275488,0.10953292949218121,3523.385021360268,3523.275488430776
2026-05-04 09:58:43.500555,0.12680495393473787,3523.6273600669647,3523.50055511303
2026-05-04 09:58:43.657671,0.04507926312719706,3523.702750137857,3523.65767087473
2026-05-04 09:58:44.292432,0.12659701372959073,3524.419029106271,3524.2924320925413
2026-05-04 09:58:45.227066,0.07539096677180324,3525.302456677675,3525.227065710903
2026-05-04 09:58:46.226392,0.21984971226801409,3526.4462417431655,3526.2263920308974
2026-05-04 09:58:46.988110,0.2646906606851501,3527.2528002545346,3526.9881095938495
2026-05-04 09:58:47.168431,0.42602112853252816,3527.6788213830673,3527.1684310268934
2026-05-04 09:58:47.225144,0.07216705330122576,3527.7509884363685,3527.2251439330134
2026-05-04 09:58:47.405480,0.6901050948041713,3528.4410935311726,3527.405480470382
2026-05-04 09:58:47.653870,0.060885934629790264,3528.5019794658024,3527.653870103429
2026-05-04 09:58:47.947454,0.3559549076498553,3528.8579343734523,3527.947453788661
2026-05-04 09:58:48.201917,0.0037018828910330213,3528.8616362563434,3528.20191683313
2026-05-04 09:58:48.297333,0.007948450370276826,3528.869584706714,3528.2973327563936
2026-05-04 09:58:49.294217,0.3851525115106689,3529.6793694133116,3529.294216901801
2026-05-04 09:58:49.389051,0.090744903345584,3529.7701143166573,3529.389050965165
2026-05-04 09:58:50.019327,0.05271254438650535,3530.072039297631,3530.0193267532445
2026-05-04 09:58:50.020373,0.0511180974964409,3530.1231573951272,3530.020373478229
2026-05-04 09:58:50.036701,0.017923744597526176,3530.141081139725,3530.0367005393846
2026-05-04 09:58:50.634516,0.23201721183518656,3530.866532742943,3530.634515531108
2026-05-04 09:58:50.843303,0.09259668963748495,3530.9591294325805,3530.8433031892623
2026-05-04 09:58:52.081290,0.28888994523994715,3532.3701799807086,3532.0812900354686
2026-05-04 09:58:52.231068,0.30981146611880095,3532.6799914468274,3532.2310675030526
2026-05-04 09:58:52.628961,0.06357414420313394,3532.743565591031,3532.628960781265
2026-05-04 09:58:52.860574,0.19645849378246577,3533.0570326669,3532.8605741731176
2026-05-04 09:58:52.954188,0.3242996425398722,3533.3813323094396,3532.954188450252
2026-05-04 09:58:52.966670,0.36083746509095377,3533.7421697745303,3532.966670444588
2026-05-04 09:58:53.211899,0.08502639843134457,3533.8271961729615,3533.2118994403536
2026-05-04 09:58:53.235522,0.20237889298759792,3534.0295750659493,3533.2355223090003
2026-05-04 09:58:53.240297,0.05455850301047708,3534.0841335689597,3533.2402966523146
2026-05-04 09:58:53.843844,0.2139027924926291,3534.2980363614524,3533.8438437162454
2026-05-04 09:58:53.919043,0.1147938435376833,3534.4128302049903,3533.9190433796625
2026-05-04 09:58:54.205868,0.0018362882622064603,3534.4146664932523,3534.2058681526596
2026-05-04 09:58:54.942867,0.221685195112175,3535.164552369794,3534.942867174682
2026-05-04 09:58:55.606309,0.37971181083952665,3535.9860207094093,3535.6063088985698
2026-05-04 09:58:55.826374,0.090618493530153,3536.0766392029395,3535.826373886
2026-05-04 09:58:55.964557,0.008272840507029476,3536.0849120434464,3535.964557195317
2026-05-04 09:58:56.535963,0.06490630049263478,3536.6008694135403,3536.5359631130477
2026-05-04 09:58:56.869308,0.060936810722532986,3536.9302451648596,3536.869308354137
2026-05-04 09:58:56.976625,0.028810834793320774,3537.0054355047323,3536.976624669939
2026-05-04 09:58:57.471052,0.1984705661435943,3537.6695228316353,3537.471052265492
2026-05-04 09:58:57.670283,0.25773635235027004,3537.928018867752,3537.670282515402
2026-05-04 09:58:58.119740,0.12771111215313743,3538.2474511867754,3538.1197400746223
2026-05-04 09:58:58.568542,0.7187890399705382,3539.2873309126862,3538.5685418727157
2026-05-04 09:58:59.171938,0.2443980167150293,3539.531728929401,3539.1719383158193
2026-05-04 09:58:59.409288,0.08117464083281759,3539.612903570234,3539.40928751414
2026-05-04 09:58:59.651823,0.19028151563661938,3539.842104296265,3539.651822780628
2026-05-04 09:58:59.776017,0.11566937060322352,3539.9577736668684,3539.77601732744
2026-05-04 09:59:00.486866,0.06816345411646788,3540.5550294108834,3540.486865956767
2026-05-04 09:59:00.509646,0.30331277517713495,3540.858342186061,3540.5096462696247
2026-05-04 09:59:00.670510,0.4834540570447602,3541.3417962431054,3540.670509619323
2026-05-04 09:59:00.974835,0.39878098676656376,3541.740577229872,3540.9748353721698
2026-05-04 09:59:01.020426,0.042994508647388296,3541.7835717385196,3541.0204255492113
2026-05-04 09:59:01.848004,0.7405948266833076,3542.5885984783927,3541.8480036517094
2026-05-04 09:59:02.636109,0.05181247666536507,3542.687921326068,3542.6361088494027
2026-05-04 09:59:03.497760,0.004798475112466095,3543.5025584657906,3543.497759990678
2026-05-04 09:59:04.034301,0.018548146108515743,3544.052849629261,3544.0343014831524
2026-05-04 09:59:04.090857,0.06160490911401284,3544.1524614149243,3544.0908565058103
2026-05-04 09:59:04.423870,0.18535808578882182,3544.6092282725926,3544.423870186804
2026-05-04 09:59:04.445755,0.122096543380694,3544.7313248159735,3544.445754773944
2026-05-04 09:59:04.590622,0.1700621380728692,3544.9013869540463,3544.5906224533483
2026-05-04 09:59:04.609534,0.06762523782091287,3544.969012191867,3544.6095342835697
2026-05-04 09:59:04.945273,0.2337380938442679,3545.2027502857113,3544.94527315303
2026-05-04 09:59:04.967031,0.2546652337274279,3545.4574155194387,3544.9670306423905
2026-05-04 09:59:05.022996,0.2733392506642018,3545.730754770103,3545.022996001379
2026-05-04 09:59:05.050062,0.2544702509147045,3545.985225021018,3545.050061696351
2026-05-04 09:59:05.149835,0.018042686274278335,3546.0032677072923,3545.1498346218655
2026-05-04 09:59:05.227746,0.001109405828217093,3546.0043771131204,3545.2277455725325
2026-05-04 09:59:05.817772,0.038741879881479126,3546.043118993002,3545.8177724877837
2026-05-04 09:59:06.028282,0.054936778178500546,3546.0980557711805,3546.0282815433225
2026-05-04 09:59:06.157642,0.07813470954570341,3546.2357772047662,3546.1576424952204
2026-05-04 09:59:06.235220,0.2854706632316493,3546.5212478679978,3546.2352196756237
2026-05-04 09:59:06.515342,0.516876368707281,3547.0381242367052,3546.5153415866616
2026-05-04 09:59:06.618582,0.20283839262205144,3547.2409626293274,3546.6185817040246
2026-05-04 09:59:06.820072,0.05377384832240815,3547.29473647765,3546.820071902218
2026-05-04 09:59:07.043640,0.09599272304718459,3547.3907292006975,3547.0436399284736
2026-05-04 09:59:07.117983,0.09382454509699474,3547.4845537457945,3547.117983486797
2026-05-04 09:59:08.273323,0.24346281650010337,3548.5167857249835,3548.2733229084834
2026-05-04 09:59:09.100371,0.3926294437975738,3549.4930003897775,3549.10037094598
2026-05-04 09:59:09.167813,0.0256165553592718,3549.5186169451367,3549.1678125422195
2026-05-04 09:59:10.236120,0.04579991129363426,3550.2819202766,3550.2361203653063
2026-05-04 09:59:10.613852,0.05431025299952093,3550.6681622907913,3550.6138520377917
2026-05-04 09:59:11.010393,0.07160880452084678,3551.0820022410753,3551.0103934365543
2026-05-04 09:59:11.324619,0.3031957734974325,3551.6278143862596,3551.324618612762
2026-05-04 09:59:11.398122,0.5061256013766368,3552.133939987636,3551.398122043251
2026-05-04 09:59:11.576328,1.027680471050986,3553.161620458687,3551.5763282599664
2026-05-04 09:59:11.700359,0.01099326657210826,3553.1726137252595,3551.7003594859643
2026-05-04 09:59:11.732045,0.10577052920537355,3553.278384254465,3551.7320451789874
2026-05-04 09:59:11.801422,0.034262744145690284,3553.3126469986105,3551.801421945375
2026-05-04 09:59:12.144987,0.10277625307658529,3553.415423251687,3552.1449874014897
2026-05-04 09:59:13.104706,0.15947206901877534,3553.5748953207058,3553.104705635402
2026-05-04 09:59:13.117320,0.033380845628632534,3553.6082761663342,3553.117319778089
2026-05-04 09:59:13.194661,0.14247344972407988,3553.7507496160583,3553.194661275807
2026-05-04 09:59:14.021386,0.4335125216331978,3554.4548988666033,3554.0213863449703
2026-05-04 09:59:14.149670,0.07215894377015059,3554.5270578103737,3554.1496700729376
2026-05-04 09:59:14.450443,0.03239202196783247,3554.5594498323417,3554.4504430778084
2026-05-04 09:59:15.121142,0.30529856808300204,3555.4264402262115,3555.1211416581286
2026-05-04 09:59:15.268575,0.05673919033708914,3555.4831794165484,3555.268575496644
2026-05-04 09:59:15.550952,0.3433372284609414,3555.8942893301105,3555.5509521016497
2026-05-04 09:59:15.880720,0.03403417026024002,3555.928323500371,3555.8807199368243
2026-05-04 09:59:16.973813,0.8859582561792408,3557.859771003236,3556.973812747057
2026-05-04 09:59:17.513066,0.07935038349643209,3557.9391213867325,3557.513066204203
2026-05-04 09:59:17.522046,0.07989025102023199,3558.0190116377526,3557.5220462698085
2026-05-04 09:59:18.082069,0.178576543171816,3558.2606454837346,3558.0820689405627
2026-05-04 09:59:19.054289,0.0956833742929885,3559.1499728065883,3559.0542894322953
2026-05-04 09:59:19.635349,0.07036849662713336,3559.705717359565,3559.635348862938
2026-05-04 09:59:20.043748,0.0004797518200126982,3560.0442275373975,3560.0437477855776
2026-05-04 09:59:20.325157,0.06554232730192143,3560.390699042596,3560.3251567152943
2026-05-04 09:59:20.480021,0.2394154003767014,3560.7194367469974,3560.4800213466206
2026-05-04 09:59:20.534080,0.06298056446894817,3560.7824173114664,3560.5340800589197
2026-05-04 09:59:20.871473,0.3002295323527617,3561.1717022027096,3560.871472670357
2026-05-04 09:59:21.003128,0.04763755711703096,3561.2193397598267,3561.00312779881
2026-05-04 09:59:21.430508,0.048431411682401684,3561.478939159,3561.4305077473177
2026-05-04 09:59:22.158247,0.09705851410422371,3562.255305598471,3562.1582470843664
2026-05-04 09:59:22.673800,0.01379835697981707,3562.687597892729,3562.6737995357494
2026-05-04 09:59:22.852931,0.3117975230719946,3563.164728115907,3562.852930592835
2026-05-04 09:59:22.941616,0.07074162987737741,3563.2354697457845,3562.941615777877
2026-05-04 09:59:22.996591,0.3367478368833675,3563.5722175826677,3562.9965909102784
2026-05-04 09:59:23.319009,0.7675380406059592,3564.3397556232735,3563.319009024734
2026-05-04 09:59:23.428610,0.021792102158498926,3564.361547725432,3563.428610381986
2026-05-04 09:59:23.677504,0.14028431273535266,3564.5018320381673,3563.6775044178125
2026-05-04 09:59:24.125358,0.0010980392499297137,3564.502930077417,3564.1253575861924
2026-05-04 09:59:24.856257,0.3608837551127537,3565.2171412299404,3564.8562574748275
2026-05-04 09:59:25.785046,0.3056609265506377,3566.0907071738015,3565.785046247251
2026-05-04 09:59:25.972430,0.08868906433513923,3566.1793962381366,3565.9724302448776
2026-05-04 09:59:26.220854,0.13671227938063293,3566.357566768141,3566.2208544887603
2026-05-04 09:59:26.363056,0.03523672736936112,3566.398292801674,3566.3630560743045
2026-05-04 09:59:26.895235,0.33852710746890824,3567.2337625026807,3566.895235395212
2026-05-04 09:59:27.094628,0.19045348749410917,3567.424215990175,3567.094627817465
2026-05-04 09:59:28.211692,0.08022922616003758,3568.2919212725637,3568.2116920464036
2026-05-04 09:59:28.217376,0.16005799587985636,3568.4519792684437,3568.21737614269
2026-05-04 09:59:28.668406,0.36087807622328194,3569.029283900121,3568.6684058238975
2026-05-04 09:59:28.743539,0.0025954519087688773,3569.0318793520296,3568.743538900487
2026-05-04 09:59:28.921583,0.23303715018458054,3569.264916502214,3568.921582805133
2026-05-04 09:59:29.000113,0.015258664846126,3569.28017516706,3569.000112683508
2026-05-04 09:59:29.410238,0.061611018290773346,3569.4718491074655,3569.4102380891745
2026-05-04 09:59:29.684504,0.08275650225561053,3569.7672602339426,3569.684503731687
2026-05-04 09:59:29.996059,0.05992879763061087,3570.0559876133416,3569.996058815711
2026-05-04 09:59:30.397709,0.38821967419843173,3570.785929043874,3570.397709369676
2026-05-04 09:59:30.592674,0.04940542800189676,3570.835334471876,3570.5926738475314
2026-05-04 09:59:30.611695,0.06702424334937179,3570.9023587152255,3570.6116948727745
2026-05-04 09:59:31.411375,0.36980108896675223,3571.7811761415915,3571.411375052625
2026-05-04 09:59:31.614277,1.0375174316809803,3572.8186935732724,3571.614276838625
2026-05-04 09:59:31.634814,0.10908519212993538,3572.9277787654023,3571.6348140872074
2026-05-04 09:59:32.253075,0.07760170951349246,3573.005380474916,3572.25307466001
2026-05-04 09:59:32.266323,0.042202912282124014,3573.047583387198,3572.2663230645903
2026-05-04 09:59:32.306565,0.04015418787716939,3573.087737575075,3572.3065650406934
2026-05-04 09:59:32.404730,0.002888011632564965,3573.0906255867076,3572.4047299411304
2026-05-04 09:59:32.445719,0.07395248046632523,3573.164578067174,3572.4457190817275
2026-05-04 09:59:32.803043,0.06976715191414977,3573.234345219088,3572.8030429420414
2026-05-04 09:59:32.968678,0.25197269308525105,3573.4863179121735,3572.968677875861
2026-05-04 09:59:33.417639,0.2040860326368116,3573.6904039448104,3573.4176392185896
2026-05-04 09:59:33.854797,0.08423295234929323,3573.9390296591787,3573.8547967068293
2026-05-04 09:59:34.823344,0.4198332983258095,3575.2431772837544,3574.8233439854284
2026-05-04 09:59:35.344100,0.08223738870204267,3575.426337123099,3575.344099734397
2026-05-04 09:59:36.055122,0.1198528346311756,3576.174975106049,3576.0551222714175
2026-05-04 09:59:36.407251,0.2115747365330062,3576.618825855777,3576.407251119244
2026-05-04 09:59:36.617558,0.17140814165812676,3576.790233997435,3576.617557540573
2026-05-04 09:59:36.822798,0.3779073289043193,3577.2007048506616,3576.8227975217574
2026-05-04 09:59:36.893806,0.006222575040737803,3577.2069274257024,3576.893805895244
2026-05-04 09:59:37.209137,0.05882617566129144,3577.2679635947525,3577.2091374190913
2026-05-04 09:59:37.429423,0.2337387927637937,3577.6631615775573,3577.4294227847936
2026-05-04 09:59:37.463608,0.08708206441105064,3577.750243641968,3577.4636083210435
2026-05-04 09:59:37.479354,0.11694866451089965,3577.867192306479,3577.4793540176775
2026-05-04 09:59:37.559114,0.18041332885460704,3578.0476056353336,3577.5591140590445
2026-05-04 09:59:37.634632,0.4051460301870635,3578.4527516655207,3577.634632045118
2026-05-04 09:59:37.644525,0.3523055124486387,3578.8050571779695,3577.6445251395758
2026-05-04 09:59:37.821095,0.18004186694031216,3578.98509904491,3577.8210948983187
2026-05-04 09:59:38.252372,0.6983612567004922,3579.6834603016105,3578.2523719602864
2026-05-04 09:59:40.523648,0.02399267915276583,3580.547640657872,3580.523647978719
2026-05-04 09:59:40.770123,0.1476820358008637,3580.9178051537747,3580.770123117974
2026-05-04 09:59:40.917095,0.03320087135401419,3580.9510060251287,3580.917094821374
2026-05-04 09:59:41.051726,0.01769186169073182,3581.069417487868,3581.0517256261774
2026-05-04 09:59:41.827191,0.12121728628336226,3581.9484080375178,3581.8271907512344
2026-05-04 09:59:41.987660,0.09119833891938998,3582.078858012088,3581.9876596731688
2026-05-04 09:59:42.302487,0.06216453375911651,3582.364651917358,3582.302487383599
2026-05-04 09:59:42.553394,0.22319335799110596,3582.776587552303,3582.553394194312
2026-05-04 09:59:42.942545,0.22287526461824658,3583.165420432554,3582.942545167936
2026-05-04 09:59:42.984849,0.20031903212482927,3583.365739464679,3582.9848489206825
2026-05-04 09:59:43.205030,0.12047791605404821,3583.486217380733,3583.2050297883734
2026-05-04 09:59:43.353105,0.7161260064826233,3584.2023433872155,3583.3531046861403
2026-05-04 09:59:43.688197,0.38189344817699905,3584.5842368353924,3583.6881967608747
2026-05-04 09:59:43.917386,0.13085868327191583,3584.7150955186644,3583.917386470386
2026-05-04 09:59:44.271268,0.07550631493331253,3584.7906018335975,3584.2712676019746
2026-05-04 09:59:44.283553,0.900835592862174,3585.6914374264597,3584.2835526301023
2026-05-04 09:59:45.248362,0.286200434039941,3585.9776378604997,3585.248361746033
2026-05-04 09:59:45.346964,0.0664816013085741,3586.0441194618084,3585.346964108599
2026-05-04 09:59:45.473672,0.6160636643674287,3586.660183126176,3585.4736721695062
2026-05-04 09:59:45.477410,0.11126044957983705,3586.7714435757557,3585.4774101409407
2026-05-04 09:59:45.651841,0.07542194641037506,3586.846865522166,3585.651840725964
2026-05-04 09:59:45.896370,0.043881181905719435,3586.8907467040717,3585.896369719047
2026-05-04 09:59:46.046074,0.6439392305243037,3587.534685934596,3586.0460738825823
2026-05-04 09:59:46.327128,0.3644067086966032,3587.8990926432925,3586.3271275823813
2026-05-04 09:59:46.362410,0.04628007343429749,3587.945372716727,3586.362410314403
2026-05-04 09:59:46.826656,0.00838081868118945,3587.9537535354084,3586.8266561318846
2026-05-04 09:59:46.845122,0.2658771404547536,3588.2196306758633,3586.845122136759
2026-05-04 09:59:46.909370,0.028061259451807076,3588.2476919353153,3586.9093701632605
2026-05-04 09:59:47.866776,0.43178770915117126,3588.6794796444665,3587.866776419529
2026-05-04 09:59:48.598105,0.902270510962832,3589.5817501554293,3588.5981052022107
2026-05-04 09:59:49.217673,0.06121274104677327,3589.642962896476,3589.2176726200278
2026-05-04 09:59:49.648216,0.19788179638263276,3589.8460975660287,3589.648215769646
2026-05-04 09:59:50.119939,0.11082860958243267,3590.23076738618,3590.119938776598
2026-05-04 09:59:50.486735,0.0576089935601024,3590.5443441467114,3590.486735153151
2026-05-04 09:59:50.688863,0.06190892835043389,3590.750771740339,3590.6888628119887
2026-05-04 09:59:51.328154,0.09651525286719745,3591.4246692412926,3591.3281539884256
2026-05-04 09:59:52.320631,0.19996529778228556,3592.5205959374175,3592.320630639635
2026-05-04 09:59:52.605514,0.20920910890017477,3592.8147227725303,3592.60551366363
2026-05-04 09:59:52.892201,0.12790864743350847,3593.020109449969,3592.8922008025356
2026-05-04 09:59:53.944898,0.01176917973679921,3593.9566675714696,3593.9448983917327
2026-05-04 09:59:54.083147,0.009041948740756907,3594.092188965918,3594.0831470171775
2026-05-04 09:59:54.889899,0.04749596990286972,3594.937395468257,3594.889899498354
2026-05-04 09:59:54.955097,0.10317784817293847,3595.05827449223,3594.955096644057
2026-05-04 09:59:55.522608,0.1470424087245288,3595.6696505531713,3595.5226081444466
2026-05-04 09:59:56.170496,0.17854568852312455,3596.349042183845,3596.170496495322
2026-05-04 09:59:56.222673,0.019460475240742875,3596.3685026590856,3596.222673334229
2026-05-04 09:59:56.670007,0.8414547375293204,3597.511461432222,3596.670006694693
2026-05-04 09:59:57.010921,0.16404493171005433,3597.675506363932,3597.0109211040153
2026-05-04 09:59:57.033310,0.2722368687261644,3597.947743232658,3597.033310213319
2026-05-04 09:59:57.283547,0.22832988100150722,3598.1760731136596,3597.2835472763145
2026-05-04 09:59:57.379850,0.02057504391497157,3598.1966481575746,3597.3798498308583
2026-05-04 09:59:57.488217,3.2476166275509385e-05,3598.196680633741,3597.4882167111505
2026-05-04 09:59:57.659746,0.5311060370145934,3598.7277866707554,3597.659746005046
2026-05-04 09:59:57.761915,0.10032513955532818,3598.828111810311,3597.761914570669
2026-05-04 09:59:57.958530,0.057888992086095714,3598.886000802397,3597.9585302010228
2026-05-04 09:59:58.046403,0.11795405999891828,3599.003954862396,3598.046402666706
2026-05-04 09:59:58.326556,0.23550744142773805,3599.2394623038235,3598.3265558184808
2026-05-04 09:59:58.476138,0.0600425936047448,3599.299504897428,3598.47613761404
2026-05-04 09:59:58.607957,0.29601283529959604,3599.595517732728,3598.607957022295
2026-05-04 09:59:59.134496,0.03763141713942314,3599.633149149867,3599.134495742775
2026-05-04 09:59:59.970385,0.14835111036679746,3600.118736020133,3599.970384909766
2026-05-04 09:59:59.976449,0.08845807408768273,3600.2071940942205,3599.976449185024
